travel_id,employee_id,travel_date,travel_type,vehicle_type,distance,activity_unit,purpose,origin_state,destination_state
2738,E1002,2025-01-01,Business Travel,"Air Travel - Medium Haul (>= 300 miles, < 2300 miles)",938.1,passenger-mile,Conference,Washington,Georgia
2553,E1100,2025-01-01,Employee Commuting,Light-Duty Truck,14.4,vehicle-mile,Commute,Washington,Washington
3150,E1019,2025-01-01,Employee Commuting,Light-Duty Truck,5.3,vehicle-mile,Commute,California,California
3110,E1036,2025-01-01,Business Travel,Bus,19.5,passenger-mile,Site Visit,Texas,Colorado
2994,E1071,2025-01-01,Business Travel,Intercity Rail - Northeast Corridor,279.3,passenger-mile,Site Visit,California,California
3899,E1055,2025-01-01,Business Travel,Light-Duty Truck,20.9,vehicle-mile,Off-site Meeting,California,California
3306,E1060,2025-01-01,Employee Commuting,"Transit Rail (i.e. Subway, Tram)",23.0,passenger-mile,Commute,New York,New York
4538,E1008,2025-01-01,Business Travel,Passenger Car,45.2,vehicle-mile,Conference,Massachusetts,Colorado
1437,E1033,2025-01-01,Employee Commuting,Light-Duty Truck,12.4,vehicle-mile,Commute,Other,Other
56,E1090,2025-01-01,Business Travel,"Air Travel - Medium Haul (>= 300 miles, < 2300 miles)",387.3,passenger-mile,Client Meeting,Other,Other
2631,E1097,2025-01-01,Employee Commuting,Passenger Car,10.3,vehicle-mile,Commute,Washington,Washington
1303,E1023,2025-01-01,Employee Commuting,Passenger Car,10.8,vehicle-mile,Commute,California,California
591,E1094,2025-01-02,Employee Commuting,Passenger Car,5.8,vehicle-mile,Commute,Georgia,Georgia
640,E1059,2025-01-02,Employee Commuting,Commuter Rail,29.0,passenger-mile,Commute,Washington,Washington
394,E1059,2025-01-02,Employee Commuting,Passenger Car,35.5,vehicle-mile,Commute,Florida,Florida
2018,E1032,2025-01-02,Business Travel,Air Travel - Short Haul (< 300 miles),166.7,passenger-mile,Off-site Meeting,California,Illinois
3675,E1064,2025-01-02,Business Travel,"Air Travel - Medium Haul (>= 300 miles, < 2300 miles)",1076.1,passenger-mile,Off-site Meeting,Illinois,Massachusetts
4014,E1071,2025-01-02,Business Travel,Air Travel - Long Haul (>= 2300 miles),2949.0,passenger-mile,Off-site Meeting,Washington,Florida
3701,E1011,2025-01-02,Employee Commuting,Commuter Rail,5.1,passenger-mile,Commute,Other,Other
2843,E1043,2025-01-02,Employee Commuting,Bus,28.0,passenger-mile,Commute,California,California
1291,E1017,2025-01-02,Employee Commuting,"Transit Rail (i.e. Subway, Tram)",22.0,passenger-mile,Commute,Florida,Florida
3127,E1053,2025-01-02,Employee Commuting,Light-Duty Truck,9.5,vehicle-mile,Commute,Other,Other
2161,E1023,2025-01-02,Employee Commuting,Bus,19.0,passenger-mile,Commute,California,California
3798,E1053,2025-01-02,Employee Commuting,Bus,29.7,passenger-mile,Commute,Massachusetts,Massachusetts
1402,E1017,2025-01-02,Employee Commuting,Passenger Car,31.0,vehicle-mile,Commute,Other,Other
240,E1008,2025-01-02,Employee Commuting,Light-Duty Truck,16.8,vehicle-mile,Commute,Texas,Texas
969,E1082,2025-01-02,Employee Commuting,Light-Duty Truck,21.1,vehicle-mile,Commute,California,California
2295,E1088,2025-01-02,Employee Commuting,Passenger Car,39.2,vehicle-mile,Commute,Other,Other
885,E1008,2025-01-02,Employee Commuting,Passenger Car,12.2,vehicle-mile,Commute,California,California
3072,E1057,2025-01-03,Business Travel,Passenger Car,5.4,vehicle-mile,Off-site Meeting,Other,Washington
230,E1075,2025-01-03,Employee Commuting,"Transit Rail (i.e. Subway, Tram)",19.7,passenger-mile,Commute,Georgia,Georgia
2096,E1086,2025-01-03,Employee Commuting,Passenger Car,28.7,vehicle-mile,Commute,Other,Other
4209,E1085,2025-01-03,Employee Commuting,Commuter Rail,3.9,passenger-mile,Commute,California,California
3722,E1093,2025-01-03,Employee Commuting,Passenger Car,28.3,vehicle-mile,Commute,Illinois,Illinois
3924,E1023,2025-01-03,Employee Commuting,Light-Duty Truck,12.0,vehicle-mile,Commute,California,California
1899,E1059,2025-01-03,Employee Commuting,Bus,10.4,passenger-mile,Commute,California,California
2772,E1002,2025-01-03,Employee Commuting,"Transit Rail (i.e. Subway, Tram)",8.8,passenger-mile,Commute,Texas,Texas
1606,E1020,2025-01-03,Employee Commuting,"Transit Rail (i.e. Subway, Tram)",23.8,passenger-mile,Commute,California,California
112,E1087,2025-01-03,Business Travel,Passenger Car,29.0,vehicle-mile,Off-site Meeting,New York,Illinois
3258,E1006,2025-01-03,Business Travel,Passenger Car,28.3,vehicle-mile,Off-site Meeting,Texas,Other
2981,E1055,2025-01-03,Business Travel,Intercity Rail - Northeast Corridor,347.6,passenger-mile,Site Visit,California,New York
3577,E1074,2025-01-03,Employee Commuting,"Transit Rail (i.e. Subway, Tram)",14.6,passenger-mile,Commute,California,California
1379,E1008,2025-01-04,Business Travel,Intercity Rail - National Average,474.9,passenger-mile,Client Meeting,Florida,Texas
4346,E1063,2025-01-04,Employee Commuting,Passenger Car,27.4,vehicle-mile,Commute,California,California
2684,E1021,2025-01-04,Business Travel,Air Travel - Long Haul (>= 2300 miles),3726.1,passenger-mile,Client Meeting,Georgia,Florida
482,E1098,2025-01-04,Employee Commuting,Passenger Car,27.9,vehicle-mile,Commute,Washington,Washington
3627,E1028,2025-01-04,Employee Commuting,Passenger Car,26.3,vehicle-mile,Commute,Illinois,Illinois
164,E1066,2025-01-04,Employee Commuting,Passenger Car,33.9,vehicle-mile,Commute,Washington,Washington
4843,E1032,2025-01-04,Employee Commuting,Motorcycle,36.3,vehicle-mile,Commute,Illinois,Illinois
183,E1037,2025-01-04,Employee Commuting,Passenger Car,24.2,vehicle-mile,Commute,New York,New York
4725,E1082,2025-01-04,Business Travel,Air Travel - Long Haul (>= 2300 miles),4378.3,passenger-mile,Site Visit,Georgia,Colorado
4282,E1020,2025-01-04,Employee Commuting,Commuter Rail,23.4,passenger-mile,Commute,Florida,Florida
912,E1038,2025-01-04,Employee Commuting,Passenger Car,10.5,vehicle-mile,Commute,California,California
4637,E1066,2025-01-05,Employee Commuting,Light-Duty Truck,17.1,vehicle-mile,Commute,Colorado,Colorado
4782,E1016,2025-01-05,Employee Commuting,Bus,25.8,passenger-mile,Commute,California,California
437,E1098,2025-01-05,Employee Commuting,"Transit Rail (i.e. Subway, Tram)",7.8,passenger-mile,Commute,Florida,Florida
2852,E1028,2025-01-05,Employee Commuting,Light-Duty Truck,14.2,vehicle-mile,Commute,Florida,Florida
2891,E1074,2025-01-05,Employee Commuting,Passenger Car,34.0,vehicle-mile,Commute,California,California
361,E1017,2025-01-05,Employee Commuting,"Transit Rail (i.e. Subway, Tram)",18.9,passenger-mile,Commute,Washington,Washington
129,E1093,2025-01-05,Business Travel,Intercity Rail - Northeast Corridor,380.1,passenger-mile,Conference,California,Colorado
1329,E1008,2025-01-05,Business Travel,"Air Travel - Medium Haul (>= 300 miles, < 2300 miles)",588.0,passenger-mile,Site Visit,California,Illinois
4119,E1036,2025-01-05,Business Travel,Passenger Car,77.3,vehicle-mile,Conference,Florida,Other
902,E1076,2025-01-05,Employee Commuting,Commuter Rail,18.0,passenger-mile,Commute,California,California
4877,E1075,2025-01-05,Employee Commuting,Bus,28.6,passenger-mile,Commute,Other,Other
1672,E1040,2025-01-05,Business Travel,Intercity Rail - National Average,546.2,passenger-mile,Conference,California,Texas
4515,E1069,2025-01-05,Employee Commuting,Commuter Rail,14.5,passenger-mile,Commute,California,California
1424,E1090,2025-01-05,Employee Commuting,Passenger Car,24.0,vehicle-mile,Commute,Massachusetts,Massachusetts
1937,E1033,2025-01-05,Employee Commuting,Light-Duty Truck,19.6,vehicle-mile,Commute,Massachusetts,Massachusetts
3902,E1067,2025-01-05,Employee Commuting,Bus,24.5,passenger-mile,Commute,Texas,Texas
4223,E1052,2025-01-05,Employee Commuting,Passenger Car,36.9,vehicle-mile,Commute,California,California
1590,E1096,2025-01-05,Business Travel,Air Travel - Short Haul (< 300 miles),127.5,passenger-mile,Client Meeting,Illinois,Florida
3674,E1080,2025-01-05,Employee Commuting,Passenger Car,5.8,vehicle-mile,Commute,California,California
3344,E1005,2025-01-05,Business Travel,Air Travel - Long Haul (>= 2300 miles),2998.6,passenger-mile,Client Meeting,Other,Illinois
3383,E1031,2025-01-06,Employee Commuting,Passenger Car,18.4,vehicle-mile,Commute,New York,New York
1535,E1085,2025-01-06,Employee Commuting,Passenger Car,22.8,vehicle-mile,Commute,Massachusetts,Massachusetts
1701,E1009,2025-01-06,Employee Commuting,Passenger Car,20.7,vehicle-mile,Commute,Washington,Washington
2365,E1074,2025-01-06,Employee Commuting,Passenger Car,28.4,vehicle-mile,Commute,New York,New York
2249,E1037,2025-01-06,Employee Commuting,Bus,16.9,passenger-mile,Commute,Other,Other
4361,E1066,2025-01-06,Business Travel,"Air Travel - Medium Haul (>= 300 miles, < 2300 miles)",1323.0,passenger-mile,Client Meeting,California,Massachusetts
2319,E1012,2025-01-06,Employee Commuting,Passenger Car,10.4,vehicle-mile,Commute,California,California
1264,E1031,2025-01-06,Business Travel,"Air Travel - Medium Haul (>= 300 miles, < 2300 miles)",700.8,passenger-mile,Off-site Meeting,Texas,Massachusetts
4738,E1020,2025-01-06,Business Travel,"Air Travel - Medium Haul (>= 300 miles, < 2300 miles)",417.4,passenger-mile,Conference,Washington,Colorado
3831,E1100,2025-01-07,Business Travel,Passenger Car,100.0,vehicle-mile,Conference,Colorado,New York
4274,E1016,2025-01-07,Employee Commuting,Passenger Car,24.7,vehicle-mile,Commute,California,California
210,E1082,2025-01-07,Business Travel,Air Travel - Long Haul (>= 2300 miles),3724.7,passenger-mile,Site Visit,Georgia,Washington
203,E1045,2025-01-07,Employee Commuting,Light-Duty Truck,30.9,vehicle-mile,Commute,Colorado,Colorado
2569,E1058,2025-01-07,Employee Commuting,"Transit Rail (i.e. Subway, Tram)",38.2,passenger-mile,Commute,California,California
4605,E1018,2025-01-07,Employee Commuting,Commuter Rail,19.3,passenger-mile,Commute,California,California
4488,E1033,2025-01-07,Employee Commuting,"Transit Rail (i.e. Subway, Tram)",19.2,passenger-mile,Commute,New York,New York
305,E1038,2025-01-07,Employee Commuting,"Transit Rail (i.e. Subway, Tram)",19.6,passenger-mile,Commute,Texas,Texas
1837,E1081,2025-01-07,Employee Commuting,Bus,30.2,passenger-mile,Commute,California,California
3140,E1096,2025-01-07,Employee Commuting,Passenger Car,28.0,vehicle-mile,Commute,Washington,Washington
4278,E1007,2025-01-07,Employee Commuting,Passenger Car,19.0,vehicle-mile,Commute,California,California
4141,E1009,2025-01-07,Employee Commuting,Light-Duty Truck,23.0,vehicle-mile,Commute,Other,Other
574,E1088,2025-01-07,Employee Commuting,Passenger Car,36.1,vehicle-mile,Commute,Colorado,Colorado
3100,E1002,2025-01-07,Employee Commuting,Commuter Rail,15.9,passenger-mile,Commute,Massachusetts,Massachusetts
4244,E1048,2025-01-07,Business Travel,"Air Travel - Medium Haul (>= 300 miles, < 2300 miles)",1716.4,passenger-mile,Conference,Texas,Georgia
229,E1008,2025-01-07,Employee Commuting,Commuter Rail,25.7,passenger-mile,Commute,Other,Other
3606,E1014,2025-01-07,Employee Commuting,Bus,12.2,passenger-mile,Commute,Texas,Texas
4161,E1022,2025-01-08,Business Travel,"Air Travel - Medium Haul (>= 300 miles, < 2300 miles)",1652.5,passenger-mile,Off-site Meeting,Other,Colorado
2932,E1081,2025-01-08,Employee Commuting,Commuter Rail,9.5,passenger-mile,Commute,Colorado,Colorado
110,E1094,2025-01-08,Employee Commuting,Passenger Car,35.1,vehicle-mile,Commute,California,California
799,E1018,2025-01-08,Business Travel,Passenger Car,73.4,vehicle-mile,Client Meeting,Georgia,Georgia
2435,E1040,2025-01-08,Employee Commuting,Passenger Car,27.2,vehicle-mile,Commute,Other,Other
4345,E1060,2025-01-08,Employee Commuting,Passenger Car,18.1,vehicle-mile,Commute,Washington,Washington
3471,E1062,2025-01-08,Employee Commuting,Light-Duty Truck,18.8,vehicle-mile,Commute,California,California
1855,E1046,2025-01-08,Employee Commuting,Passenger Car,17.0,vehicle-mile,Commute,Massachusetts,Massachusetts
315,E1088,2025-01-08,Employee Commuting,Bus,19.4,passenger-mile,Commute,Georgia,Georgia
372,E1003,2025-01-08,Employee Commuting,Passenger Car,25.1,vehicle-mile,Commute,Georgia,Georgia
733,E1058,2025-01-08,Employee Commuting,Passenger Car,34.8,vehicle-mile,Commute,New York,New York
3741,E1029,2025-01-08,Business Travel,"Air Travel - Medium Haul (>= 300 miles, < 2300 miles)",1363.2,passenger-mile,Client Meeting,New York,Illinois
913,E1095,2025-01-09,Business Travel,Air Travel - Long Haul (>= 2300 miles),2825.8,passenger-mile,Site Visit,Washington,Colorado
1034,E1050,2025-01-09,Employee Commuting,Passenger Car,14.2,vehicle-mile,Commute,Other,Other
2885,E1046,2025-01-09,Employee Commuting,Passenger Car,25.1,vehicle-mile,Commute,California,California
3619,E1026,2025-01-09,Employee Commuting,Passenger Car,36.8,vehicle-mile,Commute,Other,Other
1734,E1052,2025-01-09,Business Travel,"Air Travel - Medium Haul (>= 300 miles, < 2300 miles)",1593.3,passenger-mile,Site Visit,California,Washington
3724,E1041,2025-01-09,Employee Commuting,Passenger Car,9.1,vehicle-mile,Commute,Colorado,Colorado
4913,E1049,2025-01-09,Business Travel,Light-Duty Truck,11.4,vehicle-mile,Off-site Meeting,New York,Texas
4777,E1066,2025-01-09,Employee Commuting,Passenger Car,20.5,vehicle-mile,Commute,California,California
2424,E1028,2025-01-09,Employee Commuting,Bus,34.2,passenger-mile,Commute,California,California
4051,E1051,2025-01-09,Employee Commuting,Motorcycle,10.8,vehicle-mile,Commute,Colorado,Colorado
2025,E1005,2025-01-09,Employee Commuting,Bus,9.7,passenger-mile,Commute,Other,Other
4331,E1038,2025-01-10,Employee Commuting,Passenger Car,26.6,vehicle-mile,Commute,New York,New York
1147,E1092,2025-01-10,Business Travel,"Air Travel - Medium Haul (>= 300 miles, < 2300 miles)",1054.2,passenger-mile,Client Meeting,New York,Texas
4107,E1090,2025-01-10,Employee Commuting,"Transit Rail (i.e. Subway, Tram)",21.4,passenger-mile,Commute,California,California
1187,E1086,2025-01-10,Business Travel,Light-Duty Truck,48.1,vehicle-mile,Client Meeting,Washington,Texas
3171,E1068,2025-01-10,Employee Commuting,Bus,8.5,passenger-mile,Commute,California,California
1192,E1028,2025-01-10,Employee Commuting,Passenger Car,32.6,vehicle-mile,Commute,California,California
1928,E1092,2025-01-10,Employee Commuting,Passenger Car,23.2,vehicle-mile,Commute,New York,New York
1231,E1079,2025-01-10,Business Travel,"Transit Rail (i.e. Subway, Tram)",10.8,passenger-mile,Site Visit,California,Georgia
926,E1066,2025-01-10,Business Travel,Air Travel - Short Haul (< 300 miles),110.4,passenger-mile,Client Meeting,California,Other
1434,E1012,2025-01-10,Employee Commuting,Bus,22.2,passenger-mile,Commute,California,California
4273,E1009,2025-01-10,Employee Commuting,"Transit Rail (i.e. Subway, Tram)",37.7,passenger-mile,Commute,Washington,Washington
3328,E1022,2025-01-10,Employee Commuting,Passenger Car,4.8,vehicle-mile,Commute,New York,New York
1869,E1079,2025-01-10,Employee Commuting,Light-Duty Truck,20.4,vehicle-mile,Commute,New York,New York
4496,E1047,2025-01-10,Employee Commuting,Bus,31.1,passenger-mile,Commute,California,California
1675,E1090,2025-01-11,Business Travel,Air Travel - Short Haul (< 300 miles),162.0,passenger-mile,Off-site Meeting,Washington,California
761,E1082,2025-01-11,Employee Commuting,Passenger Car,4.8,vehicle-mile,Commute,Texas,Texas
1894,E1046,2025-01-11,Employee Commuting,Passenger Car,22.5,vehicle-mile,Commute,Colorado,Colorado
4381,E1085,2025-01-11,Employee Commuting,Commuter Rail,16.5,passenger-mile,Commute,Other,Other
4863,E1072,2025-01-11,Business Travel,"Air Travel - Medium Haul (>= 300 miles, < 2300 miles)",1443.1,passenger-mile,Conference,Washington,Other
974,E1051,2025-01-11,Employee Commuting,Commuter Rail,25.3,passenger-mile,Commute,Texas,Texas
3545,E1099,2025-01-11,Employee Commuting,"Transit Rail (i.e. Subway, Tram)",22.7,passenger-mile,Commute,Florida,Florida
3539,E1031,2025-01-11,Business Travel,Bus,19.2,passenger-mile,Off-site Meeting,Washington,Texas
4335,E1003,2025-01-11,Employee Commuting,Light-Duty Truck,32.9,vehicle-mile,Commute,California,California
2523,E1055,2025-01-11,Employee Commuting,Passenger Car,25.1,vehicle-mile,Commute,New York,New York
1325,E1099,2025-01-11,Employee Commuting,Passenger Car,17.5,vehicle-mile,Commute,Washington,Washington
4067,E1017,2025-01-11,Employee Commuting,Motorcycle,8.4,vehicle-mile,Commute,Georgia,Georgia
3501,E1017,2025-01-11,Employee Commuting,Passenger Car,34.0,vehicle-mile,Commute,Illinois,Illinois
3363,E1015,2025-01-11,Employee Commuting,Motorcycle,5.6,vehicle-mile,Commute,California,California
4618,E1041,2025-01-11,Employee Commuting,Passenger Car,15.5,vehicle-mile,Commute,Florida,Florida
4162,E1005,2025-01-12,Employee Commuting,Passenger Car,5.2,vehicle-mile,Commute,California,California
4174,E1038,2025-01-12,Employee Commuting,Commuter Rail,39.2,passenger-mile,Commute,Florida,Florida
216,E1038,2025-01-12,Employee Commuting,Passenger Car,27.1,vehicle-mile,Commute,California,California
4617,E1091,2025-01-12,Business Travel,Passenger Car,7.4,vehicle-mile,Conference,California,Illinois
4422,E1005,2025-01-12,Employee Commuting,Light-Duty Truck,9.1,vehicle-mile,Commute,Georgia,Georgia
250,E1070,2025-01-12,Employee Commuting,Passenger Car,24.6,vehicle-mile,Commute,California,California
3644,E1047,2025-01-12,Employee Commuting,Bus,33.4,passenger-mile,Commute,Texas,Texas
2840,E1073,2025-01-12,Business Travel,"Air Travel - Medium Haul (>= 300 miles, < 2300 miles)",1145.7,passenger-mile,Site Visit,Washington,Georgia
2774,E1022,2025-01-12,Employee Commuting,Passenger Car,28.8,vehicle-mile,Commute,California,California
4482,E1079,2025-01-12,Business Travel,"Air Travel - Medium Haul (>= 300 miles, < 2300 miles)",429.0,passenger-mile,Client Meeting,Florida,Illinois
2835,E1032,2025-01-12,Business Travel,Light-Duty Truck,58.7,vehicle-mile,Conference,New York,Texas
231,E1041,2025-01-12,Employee Commuting,Commuter Rail,25.0,passenger-mile,Commute,California,California
2786,E1014,2025-01-12,Employee Commuting,Passenger Car,33.7,vehicle-mile,Commute,Georgia,Georgia
959,E1055,2025-01-13,Business Travel,Air Travel - Long Haul (>= 2300 miles),3824.4,passenger-mile,Client Meeting,Massachusetts,Illinois
4593,E1051,2025-01-13,Employee Commuting,Passenger Car,7.7,vehicle-mile,Commute,California,California
3887,E1073,2025-01-13,Employee Commuting,Passenger Car,37.6,vehicle-mile,Commute,New York,New York
2780,E1067,2025-01-13,Business Travel,Air Travel - Short Haul (< 300 miles),249.7,passenger-mile,Client Meeting,New York,New York
2628,E1008,2025-01-13,Employee Commuting,Light-Duty Truck,23.1,vehicle-mile,Commute,California,California
2839,E1072,2025-01-13,Employee Commuting,Passenger Car,11.1,vehicle-mile,Commute,New York,New York
804,E1031,2025-01-13,Employee Commuting,Passenger Car,27.9,vehicle-mile,Commute,Other,Other
2065,E1005,2025-01-13,Employee Commuting,Passenger Car,11.1,vehicle-mile,Commute,California,California
3745,E1048,2025-01-13,Employee Commuting,Passenger Car,28.2,vehicle-mile,Commute,Massachusetts,Massachusetts
3027,E1096,2025-01-13,Business Travel,"Air Travel - Medium Haul (>= 300 miles, < 2300 miles)",1456.2,passenger-mile,Client Meeting,Illinois,New York
3719,E1079,2025-01-13,Employee Commuting,Passenger Car,27.6,vehicle-mile,Commute,California,California
2415,E1006,2025-01-13,Employee Commuting,Passenger Car,29.2,vehicle-mile,Commute,Massachusetts,Massachusetts
468,E1099,2025-01-13,Employee Commuting,Passenger Car,16.7,vehicle-mile,Commute,Texas,Texas
3120,E1095,2025-01-13,Employee Commuting,Passenger Car,26.7,vehicle-mile,Commute,Washington,Washington
1485,E1029,2025-01-13,Employee Commuting,Bus,37.5,passenger-mile,Commute,California,California
3153,E1069,2025-01-13,Business Travel,"Air Travel - Medium Haul (>= 300 miles, < 2300 miles)",910.5,passenger-mile,Conference,California,California
125,E1033,2025-01-13,Employee Commuting,Passenger Car,23.3,vehicle-mile,Commute,Texas,Texas
1617,E1020,2025-01-13,Employee Commuting,Motorcycle,15.4,vehicle-mile,Commute,California,California
2030,E1003,2025-01-14,Employee Commuting,Bus,24.2,passenger-mile,Commute,Georgia,Georgia
4750,E1081,2025-01-14,Business Travel,Commuter Rail,58.9,passenger-mile,Off-site Meeting,California,Other
4233,E1008,2025-01-14,Business Travel,Air Travel - Short Haul (< 300 miles),176.9,passenger-mile,Client Meeting,California,Texas
4035,E1027,2025-01-14,Business Travel,Intercity Rail - Northeast Corridor,130.6,passenger-mile,Client Meeting,Other,Florida
1471,E1093,2025-01-14,Business Travel,Air Travel - Short Haul (< 300 miles),269.1,passenger-mile,Conference,Massachusetts,Other
4926,E1001,2025-01-14,Business Travel,Intercity Rail - Other Routes,708.9,passenger-mile,Conference,New York,California
2153,E1086,2025-01-14,Business Travel,Air Travel - Long Haul (>= 2300 miles),3025.4,passenger-mile,Off-site Meeting,California,Massachusetts
2960,E1065,2025-01-14,Employee Commuting,Bus,29.1,passenger-mile,Commute,California,California
4937,E1098,2025-01-14,Employee Commuting,Passenger Car,11.9,vehicle-mile,Commute,California,California
3388,E1100,2025-01-14,Business Travel,Air Travel - Long Haul (>= 2300 miles),3610.0,passenger-mile,Client Meeting,Massachusetts,Colorado
2209,E1009,2025-01-14,Business Travel,"Air Travel - Medium Haul (>= 300 miles, < 2300 miles)",695.4,passenger-mile,Off-site Meeting,Texas,Massachusetts
675,E1006,2025-01-14,Employee Commuting,Bus,23.8,passenger-mile,Commute,California,California
4351,E1070,2025-01-14,Employee Commuting,Passenger Car,36.8,vehicle-mile,Commute,California,California
534,E1039,2025-01-14,Employee Commuting,Motorcycle,26.4,vehicle-mile,Commute,Other,Other
939,E1030,2025-01-14,Employee Commuting,Passenger Car,23.1,vehicle-mile,Commute,New York,New York
606,E1021,2025-01-14,Employee Commuting,"Transit Rail (i.e. Subway, Tram)",29.5,passenger-mile,Commute,Other,Other
4187,E1063,2025-01-15,Employee Commuting,Passenger Car,14.5,vehicle-mile,Commute,Other,Other
1819,E1012,2025-01-15,Business Travel,"Air Travel - Medium Haul (>= 300 miles, < 2300 miles)",1593.1,passenger-mile,Conference,California,Colorado
4933,E1025,2025-01-15,Employee Commuting,"Transit Rail (i.e. Subway, Tram)",35.7,passenger-mile,Commute,New York,New York
3794,E1052,2025-01-15,Employee Commuting,"Transit Rail (i.e. Subway, Tram)",27.9,passenger-mile,Commute,California,California
1938,E1034,2025-01-15,Business Travel,Passenger Car,73.5,vehicle-mile,Conference,Colorado,Colorado
3470,E1075,2025-01-15,Employee Commuting,Passenger Car,26.0,vehicle-mile,Commute,California,California
2935,E1097,2025-01-15,Employee Commuting,Light-Duty Truck,21.6,vehicle-mile,Commute,Florida,Florida
1491,E1069,2025-01-15,Employee Commuting,Passenger Car,12.7,vehicle-mile,Commute,California,California
2487,E1069,2025-01-15,Business Travel,Air Travel - Long Haul (>= 2300 miles),4096.1,passenger-mile,Conference,California,Other
2103,E1069,2025-01-15,Employee Commuting,Passenger Car,28.3,vehicle-mile,Commute,Texas,Texas
2183,E1006,2025-01-16,Employee Commuting,Passenger Car,8.7,vehicle-mile,Commute,California,California
1812,E1094,2025-01-16,Employee Commuting,"Transit Rail (i.e. Subway, Tram)",39.1,passenger-mile,Commute,Other,Other
4254,E1031,2025-01-16,Employee Commuting,Passenger Car,14.3,vehicle-mile,Commute,California,California
4359,E1012,2025-01-16,Employee Commuting,Passenger Car,25.0,vehicle-mile,Commute,Colorado,Colorado
2194,E1043,2025-01-16,Employee Commuting,Passenger Car,27.2,vehicle-mile,Commute,Illinois,Illinois
1057,E1041,2025-01-16,Business Travel,"Transit Rail (i.e. Subway, Tram)",63.4,passenger-mile,Site Visit,Florida,Illinois
3977,E1050,2025-01-16,Business Travel,Air Travel - Long Haul (>= 2300 miles),2554.3,passenger-mile,Off-site Meeting,New York,Colorado
3136,E1072,2025-01-16,Employee Commuting,Light-Duty Truck,35.5,vehicle-mile,Commute,California,California
3944,E1058,2025-01-16,Employee Commuting,Passenger Car,32.0,vehicle-mile,Commute,Florida,Florida
3052,E1014,2025-01-16,Business Travel,Commuter Rail,18.2,passenger-mile,Site Visit,California,Texas
995,E1026,2025-01-16,Employee Commuting,Bus,39.1,passenger-mile,Commute,New York,New York
1864,E1064,2025-01-16,Employee Commuting,Light-Duty Truck,18.0,vehicle-mile,Commute,New York,New York
2038,E1077,2025-01-16,Employee Commuting,Passenger Car,19.7,vehicle-mile,Commute,Texas,Texas
4326,E1070,2025-01-16,Employee Commuting,Passenger Car,10.3,vehicle-mile,Commute,Illinois,Illinois
4412,E1097,2025-01-16,Employee Commuting,Motorcycle,18.3,vehicle-mile,Commute,California,California
3188,E1068,2025-01-16,Employee Commuting,Light-Duty Truck,23.0,vehicle-mile,Commute,Massachusetts,Massachusetts
2798,E1053,2025-01-16,Employee Commuting,"Transit Rail (i.e. Subway, Tram)",19.1,passenger-mile,Commute,California,California
1648,E1049,2025-01-16,Employee Commuting,Passenger Car,25.1,vehicle-mile,Commute,California,California
4417,E1074,2025-01-16,Business Travel,"Air Travel - Medium Haul (>= 300 miles, < 2300 miles)",1515.0,passenger-mile,Off-site Meeting,California,Other
768,E1084,2025-01-16,Employee Commuting,Passenger Car,23.5,vehicle-mile,Commute,New York,New York
1061,E1033,2025-01-17,Employee Commuting,Passenger Car,21.2,vehicle-mile,Commute,Massachusetts,Massachusetts
4660,E1003,2025-01-17,Business Travel,Air Travel - Long Haul (>= 2300 miles),4031.4,passenger-mile,Site Visit,Colorado,Illinois
1460,E1014,2025-01-17,Employee Commuting,Passenger Car,13.5,vehicle-mile,Commute,California,California
3251,E1084,2025-01-17,Employee Commuting,Passenger Car,23.2,vehicle-mile,Commute,New York,New York
2476,E1019,2025-01-17,Business Travel,"Air Travel - Medium Haul (>= 300 miles, < 2300 miles)",459.0,passenger-mile,Site Visit,California,Florida
2558,E1077,2025-01-17,Employee Commuting,Light-Duty Truck,39.6,vehicle-mile,Commute,California,California
1883,E1089,2025-01-17,Employee Commuting,Commuter Rail,8.4,passenger-mile,Commute,Massachusetts,Massachusetts
3687,E1082,2025-01-17,Business Travel,Passenger Car,50.5,vehicle-mile,Client Meeting,Texas,New York
316,E1077,2025-01-17,Business Travel,"Air Travel - Medium Haul (>= 300 miles, < 2300 miles)",406.9,passenger-mile,Off-site Meeting,California,Massachusetts
1628,E1091,2025-01-17,Business Travel,Light-Duty Truck,51.9,vehicle-mile,Conference,New York,Florida
474,E1024,2025-01-17,Business Travel,Air Travel - Long Haul (>= 2300 miles),3384.3,passenger-mile,Off-site Meeting,Massachusetts,Florida
2759,E1085,2025-01-17,Employee Commuting,Passenger Car,4.3,vehicle-mile,Commute,Illinois,Illinois
2246,E1013,2025-01-17,Employee Commuting,Passenger Car,23.7,vehicle-mile,Commute,New York,New York
176,E1098,2025-01-17,Employee Commuting,"Transit Rail (i.e. Subway, Tram)",38.6,passenger-mile,Commute,California,California
4820,E1097,2025-01-18,Employee Commuting,Commuter Rail,6.8,passenger-mile,Commute,Florida,Florida
4862,E1077,2025-01-18,Employee Commuting,Light-Duty Truck,24.7,vehicle-mile,Commute,New York,New York
1897,E1096,2025-01-18,Business Travel,Intercity Rail - Northeast Corridor,316.6,passenger-mile,Site Visit,Georgia,Washington
3324,E1016,2025-01-18,Employee Commuting,Commuter Rail,29.7,passenger-mile,Commute,Colorado,Colorado
2544,E1005,2025-01-18,Business Travel,"Air Travel - Medium Haul (>= 300 miles, < 2300 miles)",976.8,passenger-mile,Site Visit,Colorado,Illinois
2791,E1030,2025-01-18,Employee Commuting,Passenger Car,39.3,vehicle-mile,Commute,New York,New York
3037,E1040,2025-01-18,Employee Commuting,Light-Duty Truck,11.9,vehicle-mile,Commute,Other,Other
1029,E1022,2025-01-18,Employee Commuting,Passenger Car,5.0,vehicle-mile,Commute,Florida,Florida
3526,E1035,2025-01-18,Employee Commuting,Bus,10.1,passenger-mile,Commute,Texas,Texas
4547,E1027,2025-01-18,Business Travel,"Air Travel - Medium Haul (>= 300 miles, < 2300 miles)",659.7,passenger-mile,Site Visit,Other,Illinois
3972,E1084,2025-01-18,Business Travel,"Air Travel - Medium Haul (>= 300 miles, < 2300 miles)",1528.9,passenger-mile,Site Visit,New York,Florida
3263,E1053,2025-01-18,Employee Commuting,Light-Duty Truck,29.5,vehicle-mile,Commute,New York,New York
4814,E1030,2025-01-18,Employee Commuting,Commuter Rail,39.3,passenger-mile,Commute,California,California
3338,E1081,2025-01-18,Employee Commuting,Passenger Car,13.7,vehicle-mile,Commute,Texas,Texas
571,E1019,2025-01-19,Business Travel,"Air Travel - Medium Haul (>= 300 miles, < 2300 miles)",1135.3,passenger-mile,Off-site Meeting,California,California
937,E1063,2025-01-19,Business Travel,"Air Travel - Medium Haul (>= 300 miles, < 2300 miles)",686.4,passenger-mile,Off-site Meeting,Washington,Washington
1429,E1052,2025-01-19,Business Travel,Light-Duty Truck,79.4,vehicle-mile,Conference,New York,Colorado
1121,E1064,2025-01-19,Employee Commuting,"Transit Rail (i.e. Subway, Tram)",5.2,passenger-mile,Commute,Georgia,Georgia
4166,E1019,2025-01-19,Employee Commuting,Passenger Car,33.9,vehicle-mile,Commute,New York,New York
3883,E1027,2025-01-19,Business Travel,Air Travel - Short Haul (< 300 miles),183.1,passenger-mile,Client Meeting,Washington,Illinois
3175,E1091,2025-01-19,Business Travel,"Air Travel - Medium Haul (>= 300 miles, < 2300 miles)",1603.3,passenger-mile,Site Visit,Florida,Georgia
757,E1087,2025-01-19,Employee Commuting,Light-Duty Truck,32.7,vehicle-mile,Commute,California,California
4264,E1048,2025-01-19,Employee Commuting,Passenger Car,5.4,vehicle-mile,Commute,Colorado,Colorado
4336,E1022,2025-01-19,Employee Commuting,Motorcycle,16.0,vehicle-mile,Commute,Georgia,Georgia
3908,E1046,2025-01-19,Business Travel,"Air Travel - Medium Haul (>= 300 miles, < 2300 miles)",472.0,passenger-mile,Conference,New York,Washington
2936,E1048,2025-01-19,Employee Commuting,Passenger Car,37.3,vehicle-mile,Commute,Illinois,Illinois
2342,E1040,2025-01-19,Employee Commuting,Light-Duty Truck,19.1,vehicle-mile,Commute,California,California
2934,E1014,2025-01-19,Employee Commuting,Passenger Car,10.7,vehicle-mile,Commute,California,California
3711,E1025,2025-01-19,Business Travel,"Air Travel - Medium Haul (>= 300 miles, < 2300 miles)",940.9,passenger-mile,Client Meeting,Colorado,Washington
2377,E1057,2025-01-19,Employee Commuting,Light-Duty Truck,23.5,vehicle-mile,Commute,California,California
3278,E1011,2025-01-19,Employee Commuting,Light-Duty Truck,9.1,vehicle-mile,Commute,Washington,Washington
3952,E1086,2025-01-19,Business Travel,"Air Travel - Medium Haul (>= 300 miles, < 2300 miles)",720.3,passenger-mile,Client Meeting,Massachusetts,Colorado
151,E1062,2025-01-19,Employee Commuting,Passenger Car,20.5,vehicle-mile,Commute,California,California
3812,E1005,2025-01-19,Employee Commuting,Passenger Car,39.1,vehicle-mile,Commute,Illinois,Illinois
2608,E1010,2025-01-19,Employee Commuting,Motorcycle,18.3,vehicle-mile,Commute,Florida,Florida
2279,E1021,2025-01-20,Employee Commuting,Commuter Rail,9.8,passenger-mile,Commute,California,California
2297,E1093,2025-01-20,Employee Commuting,Passenger Car,12.4,vehicle-mile,Commute,Florida,Florida
963,E1072,2025-01-20,Employee Commuting,Passenger Car,37.4,vehicle-mile,Commute,California,California
1321,E1042,2025-01-20,Employee Commuting,"Transit Rail (i.e. Subway, Tram)",31.6,passenger-mile,Commute,Massachusetts,Massachusetts
335,E1090,2025-01-20,Business Travel,Passenger Car,96.0,vehicle-mile,Client Meeting,Massachusetts,Georgia
4696,E1096,2025-01-20,Business Travel,Air Travel - Long Haul (>= 2300 miles),2402.1,passenger-mile,Off-site Meeting,Colorado,Massachusetts
1647,E1021,2025-01-20,Employee Commuting,Passenger Car,29.0,vehicle-mile,Commute,California,California
1193,E1008,2025-01-20,Employee Commuting,Commuter Rail,4.9,passenger-mile,Commute,California,California
4124,E1049,2025-01-20,Business Travel,Intercity Rail - Other Routes,742.0,passenger-mile,Conference,Other,Georgia
4197,E1063,2025-01-20,Employee Commuting,"Transit Rail (i.e. Subway, Tram)",19.3,passenger-mile,Commute,Texas,Texas
4663,E1090,2025-01-20,Business Travel,"Air Travel - Medium Haul (>= 300 miles, < 2300 miles)",1357.2,passenger-mile,Off-site Meeting,California,Florida
674,E1086,2025-01-20,Employee Commuting,Light-Duty Truck,37.7,vehicle-mile,Commute,California,California
1824,E1023,2025-01-20,Employee Commuting,Passenger Car,35.0,vehicle-mile,Commute,New York,New York
3845,E1087,2025-01-20,Employee Commuting,Commuter Rail,37.3,passenger-mile,Commute,Colorado,Colorado
1691,E1047,2025-01-21,Employee Commuting,Light-Duty Truck,33.2,vehicle-mile,Commute,Other,Other
3768,E1090,2025-01-21,Employee Commuting,Passenger Car,10.3,vehicle-mile,Commute,California,California
1299,E1017,2025-01-21,Employee Commuting,Passenger Car,22.1,vehicle-mile,Commute,California,California
4666,E1093,2025-01-21,Business Travel,"Air Travel - Medium Haul (>= 300 miles, < 2300 miles)",585.2,passenger-mile,Client Meeting,California,Georgia
2264,E1092,2025-01-21,Employee Commuting,"Transit Rail (i.e. Subway, Tram)",17.6,passenger-mile,Commute,Texas,Texas
374,E1019,2025-01-21,Business Travel,Air Travel - Short Haul (< 300 miles),296.7,passenger-mile,Site Visit,Georgia,Illinois
3201,E1071,2025-01-21,Business Travel,Commuter Rail,44.5,passenger-mile,Site Visit,California,Colorado
2016,E1076,2025-01-21,Employee Commuting,Passenger Car,20.0,vehicle-mile,Commute,Other,Other
4839,E1007,2025-01-21,Employee Commuting,Passenger Car,11.8,vehicle-mile,Commute,Colorado,Colorado
4098,E1091,2025-01-21,Employee Commuting,"Transit Rail (i.e. Subway, Tram)",15.1,passenger-mile,Commute,California,California
1407,E1070,2025-01-21,Employee Commuting,Passenger Car,32.4,vehicle-mile,Commute,California,California
1412,E1092,2025-01-21,Employee Commuting,Passenger Car,17.7,vehicle-mile,Commute,Massachusetts,Massachusetts
3302,E1011,2025-01-21,Employee Commuting,"Transit Rail (i.e. Subway, Tram)",25.9,passenger-mile,Commute,California,California
3982,E1079,2025-01-22,Employee Commuting,Passenger Car,5.4,vehicle-mile,Commute,Other,Other
3727,E1039,2025-01-22,Employee Commuting,"Transit Rail (i.e. Subway, Tram)",37.3,passenger-mile,Commute,Florida,Florida
958,E1099,2025-01-22,Business Travel,"Air Travel - Medium Haul (>= 300 miles, < 2300 miles)",794.1,passenger-mile,Conference,Washington,Other
4902,E1088,2025-01-22,Employee Commuting,Motorcycle,30.6,vehicle-mile,Commute,Illinois,Illinois
40,E1067,2025-01-22,Employee Commuting,Passenger Car,16.6,vehicle-mile,Commute,Colorado,Colorado
2729,E1046,2025-01-22,Employee Commuting,Passenger Car,37.9,vehicle-mile,Commute,New York,New York
3890,E1085,2025-01-22,Employee Commuting,Commuter Rail,36.0,passenger-mile,Commute,Other,Other
3316,E1088,2025-01-22,Employee Commuting,Passenger Car,12.9,vehicle-mile,Commute,California,California
444,E1013,2025-01-22,Employee Commuting,Commuter Rail,31.2,passenger-mile,Commute,Other,Other
3548,E1067,2025-01-22,Business Travel,"Air Travel - Medium Haul (>= 300 miles, < 2300 miles)",1279.6,passenger-mile,Site Visit,Washington,California
1003,E1100,2025-01-22,Business Travel,"Air Travel - Medium Haul (>= 300 miles, < 2300 miles)",486.9,passenger-mile,Conference,California,Texas
2128,E1062,2025-01-22,Employee Commuting,Passenger Car,32.4,vehicle-mile,Commute,Washington,Washington
3636,E1032,2025-01-22,Employee Commuting,Bus,10.8,passenger-mile,Commute,Massachusetts,Massachusetts
2967,E1071,2025-01-22,Employee Commuting,Passenger Car,3.3,vehicle-mile,Commute,California,California
3654,E1015,2025-01-22,Employee Commuting,"Transit Rail (i.e. Subway, Tram)",20.2,passenger-mile,Commute,California,California
1737,E1080,2025-01-22,Employee Commuting,Passenger Car,37.7,vehicle-mile,Commute,California,California
2277,E1063,2025-01-22,Employee Commuting,Passenger Car,21.6,vehicle-mile,Commute,Florida,Florida
4712,E1066,2025-01-22,Employee Commuting,Passenger Car,29.1,vehicle-mile,Commute,New York,New York
1770,E1023,2025-01-23,Business Travel,Intercity Rail - National Average,437.8,passenger-mile,Conference,Washington,Washington
3189,E1012,2025-01-23,Employee Commuting,Commuter Rail,36.2,passenger-mile,Commute,Washington,Washington
4158,E1035,2025-01-23,Employee Commuting,Passenger Car,32.0,vehicle-mile,Commute,Georgia,Georgia
2384,E1078,2025-01-23,Employee Commuting,Bus,9.3,passenger-mile,Commute,California,California
4551,E1033,2025-01-23,Business Travel,Passenger Car,72.8,vehicle-mile,Conference,Texas,Texas
3241,E1068,2025-01-23,Employee Commuting,"Transit Rail (i.e. Subway, Tram)",9.9,passenger-mile,Commute,Colorado,Colorado
1238,E1072,2025-01-23,Employee Commuting,Passenger Car,16.5,vehicle-mile,Commute,New York,New York
2478,E1033,2025-01-23,Employee Commuting,Light-Duty Truck,16.2,vehicle-mile,Commute,Colorado,Colorado
3378,E1091,2025-01-23,Business Travel,Air Travel - Long Haul (>= 2300 miles),3427.9,passenger-mile,Site Visit,Washington,Colorado
4566,E1098,2025-01-23,Employee Commuting,Passenger Car,18.8,vehicle-mile,Commute,New York,New York
139,E1043,2025-01-23,Business Travel,Air Travel - Long Haul (>= 2300 miles),3583.5,passenger-mile,Site Visit,Washington,Massachusetts
4834,E1031,2025-01-24,Employee Commuting,Passenger Car,13.2,vehicle-mile,Commute,California,California
4864,E1019,2025-01-24,Employee Commuting,Passenger Car,9.3,vehicle-mile,Commute,Texas,Texas
3581,E1042,2025-01-24,Employee Commuting,Commuter Rail,25.5,passenger-mile,Commute,Texas,Texas
818,E1096,2025-01-24,Business Travel,Bus,68.7,passenger-mile,Conference,Other,California
2298,E1077,2025-01-24,Business Travel,Light-Duty Truck,20.6,vehicle-mile,Conference,Massachusetts,Massachusetts
1169,E1001,2025-01-24,Employee Commuting,"Transit Rail (i.e. Subway, Tram)",12.1,passenger-mile,Commute,California,California
218,E1093,2025-01-24,Business Travel,"Air Travel - Medium Haul (>= 300 miles, < 2300 miles)",326.8,passenger-mile,Site Visit,Florida,Colorado
2179,E1043,2025-01-24,Business Travel,"Air Travel - Medium Haul (>= 300 miles, < 2300 miles)",1766.8,passenger-mile,Client Meeting,Massachusetts,Colorado
4403,E1087,2025-01-24,Employee Commuting,Passenger Car,38.1,vehicle-mile,Commute,California,California
2672,E1010,2025-01-24,Business Travel,Air Travel - Long Haul (>= 2300 miles),4437.3,passenger-mile,Off-site Meeting,Texas,Other
2000,E1073,2025-01-24,Employee Commuting,Passenger Car,18.4,vehicle-mile,Commute,New York,New York
1069,E1095,2025-01-24,Employee Commuting,Passenger Car,11.7,vehicle-mile,Commute,California,California
837,E1051,2025-01-24,Business Travel,Passenger Car,34.2,vehicle-mile,Site Visit,California,California
2635,E1019,2025-01-24,Employee Commuting,Passenger Car,4.2,vehicle-mile,Commute,Other,Other
465,E1055,2025-01-24,Employee Commuting,Commuter Rail,27.7,passenger-mile,Commute,California,California
3137,E1081,2025-01-24,Employee Commuting,"Transit Rail (i.e. Subway, Tram)",37.1,passenger-mile,Commute,California,California
2265,E1037,2025-01-25,Business Travel,Light-Duty Truck,87.1,vehicle-mile,Client Meeting,California,Colorado
603,E1058,2025-01-25,Employee Commuting,"Transit Rail (i.e. Subway, Tram)",24.7,passenger-mile,Commute,New York,New York
4095,E1055,2025-01-25,Employee Commuting,Bus,32.9,passenger-mile,Commute,California,California
515,E1041,2025-01-25,Employee Commuting,Passenger Car,15.0,vehicle-mile,Commute,Massachusetts,Massachusetts
691,E1087,2025-01-25,Employee Commuting,Passenger Car,18.5,vehicle-mile,Commute,Texas,Texas
4316,E1063,2025-01-25,Employee Commuting,Passenger Car,12.4,vehicle-mile,Commute,California,California
692,E1074,2025-01-25,Employee Commuting,Passenger Car,6.7,vehicle-mile,Commute,Georgia,Georgia
3277,E1013,2025-01-25,Business Travel,Intercity Rail - Northeast Corridor,259.9,passenger-mile,Conference,Washington,Texas
297,E1080,2025-01-25,Employee Commuting,Passenger Car,17.8,vehicle-mile,Commute,Florida,Florida
575,E1058,2025-01-25,Employee Commuting,Passenger Car,32.3,vehicle-mile,Commute,New York,New York
1330,E1059,2025-01-25,Business Travel,"Air Travel - Medium Haul (>= 300 miles, < 2300 miles)",614.1,passenger-mile,Conference,Massachusetts,New York
576,E1003,2025-01-25,Employee Commuting,Motorcycle,12.4,vehicle-mile,Commute,New York,New York
776,E1026,2025-01-25,Business Travel,Intercity Rail - National Average,443.3,passenger-mile,Conference,Washington,Colorado
174,E1073,2025-01-25,Employee Commuting,Motorcycle,25.1,vehicle-mile,Commute,Texas,Texas
4462,E1024,2025-01-25,Employee Commuting,Passenger Car,18.5,vehicle-mile,Commute,Texas,Texas
447,E1026,2025-01-25,Employee Commuting,Passenger Car,30.3,vehicle-mile,Commute,Illinois,Illinois
3628,E1001,2025-01-25,Employee Commuting,Passenger Car,4.5,vehicle-mile,Commute,Texas,Texas
2865,E1062,2025-01-26,Employee Commuting,Light-Duty Truck,14.9,vehicle-mile,Commute,California,California
4070,E1020,2025-01-26,Employee Commuting,Bus,19.0,passenger-mile,Commute,California,California
4916,E1065,2025-01-26,Employee Commuting,Light-Duty Truck,14.0,vehicle-mile,Commute,California,California
2203,E1020,2025-01-26,Employee Commuting,Passenger Car,7.2,vehicle-mile,Commute,Florida,Florida
1386,E1067,2025-01-26,Employee Commuting,Light-Duty Truck,31.5,vehicle-mile,Commute,Texas,Texas
4413,E1012,2025-01-26,Employee Commuting,"Transit Rail (i.e. Subway, Tram)",30.7,passenger-mile,Commute,California,California
2023,E1051,2025-01-26,Business Travel,Air Travel - Short Haul (< 300 miles),248.0,passenger-mile,Site Visit,Massachusetts,Illinois
4319,E1058,2025-01-26,Business Travel,Air Travel - Short Haul (< 300 miles),239.5,passenger-mile,Client Meeting,Washington,Florida
4929,E1072,2025-01-26,Employee Commuting,"Transit Rail (i.e. Subway, Tram)",36.4,passenger-mile,Commute,California,California
484,E1015,2025-01-26,Business Travel,Intercity Rail - Northeast Corridor,128.3,passenger-mile,Conference,New York,Other
1173,E1059,2025-01-26,Employee Commuting,Passenger Car,13.5,vehicle-mile,Commute,Illinois,Illinois
1492,E1069,2025-01-26,Employee Commuting,"Transit Rail (i.e. Subway, Tram)",27.5,passenger-mile,Commute,California,California
1202,E1075,2025-01-26,Employee Commuting,"Transit Rail (i.e. Subway, Tram)",38.4,passenger-mile,Commute,Washington,Washington
1580,E1057,2025-01-26,Business Travel,Commuter Rail,48.3,passenger-mile,Site Visit,New York,Texas
4163,E1047,2025-01-26,Business Travel,Intercity Rail - Northeast Corridor,348.0,passenger-mile,Conference,California,Texas
3916,E1013,2025-01-26,Business Travel,"Air Travel - Medium Haul (>= 300 miles, < 2300 miles)",1305.0,passenger-mile,Client Meeting,Other,Massachusetts
3527,E1035,2025-01-26,Employee Commuting,Light-Duty Truck,28.1,vehicle-mile,Commute,Washington,Washington
811,E1006,2025-01-26,Employee Commuting,Passenger Car,26.9,vehicle-mile,Commute,Colorado,Colorado
612,E1056,2025-01-26,Business Travel,"Air Travel - Medium Haul (>= 300 miles, < 2300 miles)",715.5,passenger-mile,Client Meeting,Other,Washington
4627,E1045,2025-01-27,Business Travel,"Air Travel - Medium Haul (>= 300 miles, < 2300 miles)",1737.5,passenger-mile,Client Meeting,Washington,Texas
3620,E1079,2025-01-27,Employee Commuting,"Transit Rail (i.e. Subway, Tram)",25.2,passenger-mile,Commute,Illinois,Illinois
4951,E1072,2025-01-27,Employee Commuting,Passenger Car,33.8,vehicle-mile,Commute,Massachusetts,Massachusetts
4999,E1046,2025-01-27,Business Travel,"Air Travel - Medium Haul (>= 300 miles, < 2300 miles)",1242.5,passenger-mile,Site Visit,Georgia,Colorado
4701,E1002,2025-01-27,Employee Commuting,Light-Duty Truck,33.6,vehicle-mile,Commute,Texas,Texas
4408,E1069,2025-01-27,Employee Commuting,Passenger Car,26.1,vehicle-mile,Commute,California,California
1497,E1015,2025-01-27,Employee Commuting,Passenger Car,25.0,vehicle-mile,Commute,Texas,Texas
1850,E1019,2025-01-27,Employee Commuting,Commuter Rail,21.9,passenger-mile,Commute,Washington,Washington
2111,E1067,2025-01-27,Business Travel,Passenger Car,56.7,vehicle-mile,Site Visit,California,Florida
4995,E1053,2025-01-27,Employee Commuting,Passenger Car,29.7,vehicle-mile,Commute,Washington,Washington
819,E1023,2025-01-27,Employee Commuting,Passenger Car,5.6,vehicle-mile,Commute,Washington,Washington
3827,E1099,2025-01-27,Employee Commuting,Passenger Car,11.4,vehicle-mile,Commute,California,California
1025,E1019,2025-01-27,Business Travel,Light-Duty Truck,94.8,vehicle-mile,Off-site Meeting,Texas,Other
4849,E1015,2025-01-27,Business Travel,"Transit Rail (i.e. Subway, Tram)",19.3,passenger-mile,Conference,Colorado,Colorado
1627,E1070,2025-01-27,Business Travel,Passenger Car,80.2,vehicle-mile,Site Visit,Illinois,Colorado
1630,E1052,2025-01-27,Employee Commuting,Commuter Rail,38.1,passenger-mile,Commute,Washington,Washington
4237,E1006,2025-01-27,Employee Commuting,Passenger Car,38.6,vehicle-mile,Commute,Colorado,Colorado
2976,E1088,2025-01-27,Employee Commuting,Passenger Car,35.4,vehicle-mile,Commute,Texas,Texas
2939,E1012,2025-01-27,Employee Commuting,Passenger Car,12.4,vehicle-mile,Commute,New York,New York
2913,E1010,2025-01-27,Employee Commuting,Passenger Car,20.3,vehicle-mile,Commute,California,California
3054,E1020,2025-01-27,Employee Commuting,Commuter Rail,15.3,passenger-mile,Commute,Illinois,Illinois
3844,E1016,2025-01-27,Business Travel,"Air Travel - Medium Haul (>= 300 miles, < 2300 miles)",665.2,passenger-mile,Client Meeting,California,New York
1825,E1077,2025-01-28,Employee Commuting,Bus,33.5,passenger-mile,Commute,California,California
3790,E1075,2025-01-28,Employee Commuting,Passenger Car,34.0,vehicle-mile,Commute,Florida,Florida
471,E1034,2025-01-28,Business Travel,Light-Duty Truck,35.0,vehicle-mile,Off-site Meeting,Texas,Colorado
4148,E1091,2025-01-28,Business Travel,Intercity Rail - Other Routes,586.3,passenger-mile,Conference,Texas,Texas
4979,E1092,2025-01-28,Employee Commuting,Commuter Rail,28.8,passenger-mile,Commute,California,California
88,E1008,2025-01-28,Employee Commuting,Passenger Car,11.5,vehicle-mile,Commute,California,California
1745,E1052,2025-01-28,Business Travel,"Air Travel - Medium Haul (>= 300 miles, < 2300 miles)",1125.0,passenger-mile,Conference,Other,Florida
650,E1083,2025-01-28,Employee Commuting,Light-Duty Truck,10.1,vehicle-mile,Commute,Washington,Washington
111,E1099,2025-01-28,Employee Commuting,Passenger Car,20.9,vehicle-mile,Commute,California,California
1520,E1087,2025-01-28,Business Travel,Motorcycle,42.5,vehicle-mile,Off-site Meeting,California,Texas
2599,E1011,2025-01-28,Employee Commuting,Light-Duty Truck,19.4,vehicle-mile,Commute,New York,New York
1969,E1086,2025-01-28,Employee Commuting,Passenger Car,35.3,vehicle-mile,Commute,Texas,Texas
2345,E1007,2025-01-28,Employee Commuting,Passenger Car,20.7,vehicle-mile,Commute,Illinois,Illinois
4294,E1094,2025-01-28,Business Travel,Air Travel - Long Haul (>= 2300 miles),2945.5,passenger-mile,Conference,Illinois,Massachusetts
788,E1077,2025-01-28,Employee Commuting,"Transit Rail (i.e. Subway, Tram)",5.3,passenger-mile,Commute,Texas,Texas
4906,E1047,2025-01-28,Employee Commuting,Passenger Car,36.3,vehicle-mile,Commute,Texas,Texas
595,E1004,2025-01-28,Business Travel,"Air Travel - Medium Haul (>= 300 miles, < 2300 miles)",1348.4,passenger-mile,Conference,Texas,California
2173,E1015,2025-01-28,Employee Commuting,Passenger Car,31.0,vehicle-mile,Commute,New York,New York
1242,E1086,2025-01-28,Employee Commuting,Passenger Car,37.2,vehicle-mile,Commute,California,California
1073,E1094,2025-01-29,Employee Commuting,Passenger Car,16.9,vehicle-mile,Commute,California,California
4312,E1089,2025-01-29,Employee Commuting,Passenger Car,10.0,vehicle-mile,Commute,California,California
1142,E1002,2025-01-29,Employee Commuting,Commuter Rail,26.2,passenger-mile,Commute,California,California
312,E1064,2025-01-29,Employee Commuting,Motorcycle,19.2,vehicle-mile,Commute,Illinois,Illinois
4418,E1079,2025-01-29,Business Travel,"Air Travel - Medium Haul (>= 300 miles, < 2300 miles)",789.4,passenger-mile,Conference,New York,Massachusetts
4060,E1046,2025-01-29,Employee Commuting,Passenger Car,17.8,vehicle-mile,Commute,Colorado,Colorado
4308,E1025,2025-01-29,Employee Commuting,"Transit Rail (i.e. Subway, Tram)",36.1,passenger-mile,Commute,New York,New York
2897,E1072,2025-01-29,Employee Commuting,Passenger Car,6.6,vehicle-mile,Commute,California,California
1930,E1086,2025-01-29,Employee Commuting,"Transit Rail (i.e. Subway, Tram)",37.2,passenger-mile,Commute,Other,Other
2081,E1056,2025-01-30,Employee Commuting,Passenger Car,26.3,vehicle-mile,Commute,California,California
1974,E1036,2025-01-30,Employee Commuting,Passenger Car,37.5,vehicle-mile,Commute,Georgia,Georgia
4366,E1025,2025-01-30,Employee Commuting,"Transit Rail (i.e. Subway, Tram)",31.9,passenger-mile,Commute,Massachusetts,Massachusetts
895,E1051,2025-01-30,Employee Commuting,Passenger Car,14.7,vehicle-mile,Commute,Washington,Washington
3105,E1042,2025-01-30,Business Travel,Passenger Car,41.2,vehicle-mile,Site Visit,Colorado,Colorado
2995,E1054,2025-01-30,Employee Commuting,Light-Duty Truck,9.0,vehicle-mile,Commute,California,California
2950,E1063,2025-01-30,Employee Commuting,Passenger Car,6.5,vehicle-mile,Commute,Colorado,Colorado
4649,E1068,2025-01-30,Employee Commuting,Passenger Car,36.2,vehicle-mile,Commute,New York,New York
3949,E1020,2025-01-30,Employee Commuting,Light-Duty Truck,34.2,vehicle-mile,Commute,California,California
3028,E1086,2025-01-30,Business Travel,Air Travel - Long Haul (>= 2300 miles),2856.3,passenger-mile,Client Meeting,Texas,Georgia
839,E1030,2025-01-31,Business Travel,"Air Travel - Medium Haul (>= 300 miles, < 2300 miles)",795.2,passenger-mile,Off-site Meeting,Texas,Texas
1962,E1028,2025-01-31,Employee Commuting,Commuter Rail,36.4,passenger-mile,Commute,Texas,Texas
3859,E1058,2025-01-31,Employee Commuting,Passenger Car,19.8,vehicle-mile,Commute,Washington,Washington
3561,E1086,2025-01-31,Employee Commuting,"Transit Rail (i.e. Subway, Tram)",6.0,passenger-mile,Commute,Colorado,Colorado
1380,E1006,2025-01-31,Employee Commuting,Passenger Car,35.8,vehicle-mile,Commute,California,California
1141,E1012,2025-01-31,Employee Commuting,"Transit Rail (i.e. Subway, Tram)",26.3,passenger-mile,Commute,California,California
4399,E1039,2025-01-31,Employee Commuting,Light-Duty Truck,9.6,vehicle-mile,Commute,Georgia,Georgia
2232,E1076,2025-01-31,Employee Commuting,"Transit Rail (i.e. Subway, Tram)",36.6,passenger-mile,Commute,New York,New York
3617,E1017,2025-01-31,Employee Commuting,Passenger Car,12.5,vehicle-mile,Commute,California,California
4164,E1014,2025-01-31,Business Travel,Commuter Rail,76.8,passenger-mile,Off-site Meeting,Texas,Massachusetts
2987,E1055,2025-01-31,Employee Commuting,Passenger Car,3.2,vehicle-mile,Commute,New York,New York
2142,E1087,2025-01-31,Employee Commuting,Passenger Car,11.6,vehicle-mile,Commute,Georgia,Georgia
1655,E1086,2025-01-31,Employee Commuting,"Transit Rail (i.e. Subway, Tram)",12.5,passenger-mile,Commute,California,California
4836,E1068,2025-01-31,Employee Commuting,Passenger Car,4.9,vehicle-mile,Commute,California,California
1461,E1085,2025-01-31,Business Travel,Air Travel - Short Haul (< 300 miles),105.3,passenger-mile,Off-site Meeting,Illinois,Other
4783,E1024,2025-01-31,Employee Commuting,Passenger Car,22.7,vehicle-mile,Commute,California,California
4486,E1064,2025-01-31,Business Travel,Bus,53.5,passenger-mile,Conference,Colorado,Colorado
4194,E1067,2025-01-31,Business Travel,"Air Travel - Medium Haul (>= 300 miles, < 2300 miles)",816.0,passenger-mile,Site Visit,New York,Other
3759,E1006,2025-01-31,Employee Commuting,"Transit Rail (i.e. Subway, Tram)",7.2,passenger-mile,Commute,Other,Other
2650,E1006,2025-02-01,Employee Commuting,Light-Duty Truck,21.2,vehicle-mile,Commute,Texas,Texas
3684,E1100,2025-02-01,Employee Commuting,Passenger Car,15.8,vehicle-mile,Commute,Texas,Texas
3521,E1056,2025-02-01,Business Travel,"Air Travel - Medium Haul (>= 300 miles, < 2300 miles)",1191.9,passenger-mile,Site Visit,California,Texas
892,E1057,2025-02-01,Business Travel,Passenger Car,53.0,vehicle-mile,Conference,Texas,Washington
1649,E1094,2025-02-01,Employee Commuting,Bus,23.3,passenger-mile,Commute,New York,New York
1410,E1065,2025-02-01,Employee Commuting,Passenger Car,9.5,vehicle-mile,Commute,Georgia,Georgia
3438,E1034,2025-02-01,Employee Commuting,Passenger Car,14.8,vehicle-mile,Commute,California,California
2535,E1067,2025-02-01,Employee Commuting,Passenger Car,38.4,vehicle-mile,Commute,Georgia,Georgia
3493,E1009,2025-02-01,Business Travel,"Transit Rail (i.e. Subway, Tram)",73.6,passenger-mile,Site Visit,Illinois,New York
4311,E1059,2025-02-01,Business Travel,Intercity Rail - Other Routes,670.5,passenger-mile,Conference,New York,Georgia
4736,E1062,2025-02-01,Business Travel,"Air Travel - Medium Haul (>= 300 miles, < 2300 miles)",965.1,passenger-mile,Conference,Florida,Georgia
4525,E1033,2025-02-01,Business Travel,"Air Travel - Medium Haul (>= 300 miles, < 2300 miles)",1102.4,passenger-mile,Off-site Meeting,Texas,Other
3763,E1025,2025-02-01,Employee Commuting,Passenger Car,12.5,vehicle-mile,Commute,Texas,Texas
830,E1001,2025-02-01,Employee Commuting,Passenger Car,16.9,vehicle-mile,Commute,California,California
2080,E1089,2025-02-01,Employee Commuting,"Transit Rail (i.e. Subway, Tram)",37.7,passenger-mile,Commute,Other,Other
4657,E1075,2025-02-01,Employee Commuting,Bus,12.0,passenger-mile,Commute,Colorado,Colorado
3996,E1072,2025-02-01,Employee Commuting,Passenger Car,6.5,vehicle-mile,Commute,Colorado,Colorado
2524,E1073,2025-02-01,Employee Commuting,Passenger Car,3.3,vehicle-mile,Commute,Washington,Washington
3593,E1039,2025-02-01,Employee Commuting,"Transit Rail (i.e. Subway, Tram)",6.3,passenger-mile,Commute,California,California
1476,E1080,2025-02-01,Employee Commuting,Light-Duty Truck,5.4,vehicle-mile,Commute,California,California
1365,E1086,2025-02-02,Employee Commuting,Passenger Car,12.8,vehicle-mile,Commute,New York,New York
3064,E1041,2025-02-02,Employee Commuting,Commuter Rail,28.4,passenger-mile,Commute,New York,New York
2211,E1057,2025-02-02,Employee Commuting,Commuter Rail,32.7,passenger-mile,Commute,California,California
1542,E1045,2025-02-02,Employee Commuting,Passenger Car,26.0,vehicle-mile,Commute,Washington,Washington
4729,E1034,2025-02-02,Business Travel,Passenger Car,37.7,vehicle-mile,Off-site Meeting,Washington,Illinois
4424,E1022,2025-02-02,Employee Commuting,Passenger Car,28.6,vehicle-mile,Commute,Illinois,Illinois
2281,E1079,2025-02-02,Business Travel,Air Travel - Short Haul (< 300 miles),114.9,passenger-mile,Conference,California,New York
4206,E1032,2025-02-02,Employee Commuting,Passenger Car,31.6,vehicle-mile,Commute,Georgia,Georgia
2861,E1058,2025-02-02,Business Travel,Intercity Rail - Northeast Corridor,180.3,passenger-mile,Site Visit,Florida,Other
2823,E1038,2025-02-02,Business Travel,Commuter Rail,32.3,passenger-mile,Site Visit,Texas,Colorado
4874,E1078,2025-02-02,Business Travel,"Air Travel - Medium Haul (>= 300 miles, < 2300 miles)",1152.6,passenger-mile,Conference,Illinois,Georgia
3309,E1012,2025-02-02,Employee Commuting,Passenger Car,30.1,vehicle-mile,Commute,Georgia,Georgia
2634,E1078,2025-02-02,Employee Commuting,Motorcycle,38.4,vehicle-mile,Commute,New York,New York
2138,E1053,2025-02-02,Employee Commuting,Commuter Rail,29.0,passenger-mile,Commute,Texas,Texas
1525,E1098,2025-02-02,Business Travel,"Air Travel - Medium Haul (>= 300 miles, < 2300 miles)",1633.7,passenger-mile,Off-site Meeting,New York,Massachusetts
4248,E1091,2025-02-02,Employee Commuting,Passenger Car,18.9,vehicle-mile,Commute,California,California
4428,E1061,2025-02-02,Employee Commuting,Passenger Car,3.3,vehicle-mile,Commute,New York,New York
2860,E1002,2025-02-03,Business Travel,Air Travel - Long Haul (>= 2300 miles),2378.7,passenger-mile,Off-site Meeting,Washington,Georgia
794,E1042,2025-02-03,Employee Commuting,Passenger Car,12.1,vehicle-mile,Commute,California,California
881,E1014,2025-02-03,Employee Commuting,Passenger Car,6.4,vehicle-mile,Commute,California,California
925,E1019,2025-02-03,Employee Commuting,Passenger Car,15.3,vehicle-mile,Commute,New York,New York
1564,E1050,2025-02-03,Employee Commuting,"Transit Rail (i.e. Subway, Tram)",17.4,passenger-mile,Commute,Washington,Washington
3729,E1085,2025-02-03,Employee Commuting,Passenger Car,39.7,vehicle-mile,Commute,Washington,Washington
3447,E1033,2025-02-03,Employee Commuting,Passenger Car,6.8,vehicle-mile,Commute,Georgia,Georgia
4353,E1079,2025-02-03,Employee Commuting,"Transit Rail (i.e. Subway, Tram)",3.4,passenger-mile,Commute,Colorado,Colorado
103,E1029,2025-02-03,Business Travel,Air Travel - Short Haul (< 300 miles),113.2,passenger-mile,Site Visit,California,Colorado
3353,E1080,2025-02-03,Business Travel,Bus,37.5,passenger-mile,Client Meeting,Texas,Florida
4173,E1009,2025-02-04,Employee Commuting,Passenger Car,31.3,vehicle-mile,Commute,Texas,Texas
3690,E1041,2025-02-04,Employee Commuting,"Transit Rail (i.e. Subway, Tram)",11.0,passenger-mile,Commute,Colorado,Colorado
4651,E1069,2025-02-04,Employee Commuting,Passenger Car,24.5,vehicle-mile,Commute,Florida,Florida
1436,E1080,2025-02-04,Employee Commuting,Motorcycle,24.0,vehicle-mile,Commute,Florida,Florida
1409,E1026,2025-02-04,Employee Commuting,Passenger Car,29.2,vehicle-mile,Commute,Colorado,Colorado
4885,E1054,2025-02-04,Business Travel,"Air Travel - Medium Haul (>= 300 miles, < 2300 miles)",728.1,passenger-mile,Site Visit,California,Massachusetts
3431,E1071,2025-02-04,Employee Commuting,Bus,21.3,passenger-mile,Commute,Georgia,Georgia
1668,E1057,2025-02-04,Employee Commuting,Bus,16.4,passenger-mile,Commute,Other,Other
2649,E1100,2025-02-04,Employee Commuting,Passenger Car,11.4,vehicle-mile,Commute,California,California
66,E1029,2025-02-04,Employee Commuting,Passenger Car,6.5,vehicle-mile,Commute,California,California
3730,E1073,2025-02-04,Business Travel,Light-Duty Truck,51.3,vehicle-mile,Client Meeting,New York,Other
3592,E1088,2025-02-04,Employee Commuting,"Transit Rail (i.e. Subway, Tram)",24.7,passenger-mile,Commute,California,California
850,E1061,2025-02-04,Business Travel,Air Travel - Short Haul (< 300 miles),175.9,passenger-mile,Conference,New York,Other
249,E1002,2025-02-04,Employee Commuting,Passenger Car,26.7,vehicle-mile,Commute,California,California
766,E1071,2025-02-04,Employee Commuting,Passenger Car,10.5,vehicle-mile,Commute,Texas,Texas
4247,E1084,2025-02-04,Employee Commuting,Passenger Car,27.8,vehicle-mile,Commute,California,California
90,E1033,2025-02-04,Employee Commuting,Passenger Car,7.9,vehicle-mile,Commute,Texas,Texas
4723,E1067,2025-02-04,Employee Commuting,Passenger Car,35.1,vehicle-mile,Commute,Texas,Texas
4779,E1007,2025-02-04,Employee Commuting,Bus,6.8,passenger-mile,Commute,Other,Other
2914,E1073,2025-02-05,Employee Commuting,Light-Duty Truck,38.2,vehicle-mile,Commute,Massachusetts,Massachusetts
4199,E1015,2025-02-05,Employee Commuting,Passenger Car,15.7,vehicle-mile,Commute,Illinois,Illinois
563,E1063,2025-02-05,Business Travel,"Air Travel - Medium Haul (>= 300 miles, < 2300 miles)",1670.7,passenger-mile,Conference,California,Colorado
3506,E1026,2025-02-05,Employee Commuting,Passenger Car,36.1,vehicle-mile,Commute,Massachusetts,Massachusetts
3826,E1029,2025-02-05,Business Travel,Light-Duty Truck,83.7,vehicle-mile,Off-site Meeting,Texas,Other
2646,E1053,2025-02-05,Employee Commuting,Bus,22.4,passenger-mile,Commute,Washington,Washington
1803,E1011,2025-02-05,Employee Commuting,Passenger Car,39.2,vehicle-mile,Commute,California,California
271,E1013,2025-02-05,Employee Commuting,"Transit Rail (i.e. Subway, Tram)",9.9,passenger-mile,Commute,California,California
2176,E1034,2025-02-05,Employee Commuting,Light-Duty Truck,14.2,vehicle-mile,Commute,New York,New York
1876,E1056,2025-02-05,Employee Commuting,Commuter Rail,16.7,passenger-mile,Commute,Other,Other
3411,E1080,2025-02-05,Employee Commuting,Light-Duty Truck,17.3,vehicle-mile,Commute,Other,Other
1752,E1057,2025-02-06,Employee Commuting,Passenger Car,15.3,vehicle-mile,Commute,Texas,Texas
2789,E1017,2025-02-06,Employee Commuting,Passenger Car,9.0,vehicle-mile,Commute,New York,New York
2779,E1070,2025-02-06,Business Travel,Intercity Rail - Other Routes,272.2,passenger-mile,Client Meeting,California,Illinois
1118,E1089,2025-02-06,Business Travel,"Air Travel - Medium Haul (>= 300 miles, < 2300 miles)",1135.9,passenger-mile,Site Visit,Washington,Illinois
986,E1009,2025-02-06,Business Travel,"Air Travel - Medium Haul (>= 300 miles, < 2300 miles)",1604.4,passenger-mile,Site Visit,California,Florida
3603,E1034,2025-02-06,Employee Commuting,Passenger Car,26.3,vehicle-mile,Commute,California,California
3663,E1037,2025-02-06,Employee Commuting,Light-Duty Truck,3.5,vehicle-mile,Commute,New York,New York
3560,E1020,2025-02-06,Business Travel,Air Travel - Short Haul (< 300 miles),144.6,passenger-mile,Site Visit,Florida,Georgia
2005,E1065,2025-02-06,Employee Commuting,Bus,35.9,passenger-mile,Commute,New York,New York
1070,E1063,2025-02-06,Employee Commuting,Bus,23.2,passenger-mile,Commute,Other,Other
3598,E1050,2025-02-06,Employee Commuting,Passenger Car,12.3,vehicle-mile,Commute,Washington,Washington
4130,E1086,2025-02-06,Business Travel,"Air Travel - Medium Haul (>= 300 miles, < 2300 miles)",885.4,passenger-mile,Client Meeting,Illinois,New York
4708,E1076,2025-02-06,Business Travel,"Air Travel - Medium Haul (>= 300 miles, < 2300 miles)",1637.6,passenger-mile,Site Visit,Massachusetts,Illinois
3040,E1044,2025-02-07,Employee Commuting,Passenger Car,31.4,vehicle-mile,Commute,Washington,Washington
387,E1006,2025-02-07,Employee Commuting,Passenger Car,19.5,vehicle-mile,Commute,Colorado,Colorado
3983,E1075,2025-02-07,Employee Commuting,Motorcycle,33.6,vehicle-mile,Commute,New York,New York
4415,E1019,2025-02-07,Employee Commuting,Passenger Car,12.3,vehicle-mile,Commute,Washington,Washington
789,E1041,2025-02-07,Employee Commuting,Passenger Car,36.6,vehicle-mile,Commute,California,California
3552,E1024,2025-02-07,Employee Commuting,Passenger Car,22.6,vehicle-mile,Commute,Texas,Texas
4568,E1035,2025-02-07,Business Travel,Air Travel - Short Haul (< 300 miles),162.7,passenger-mile,Off-site Meeting,California,Massachusetts
3452,E1062,2025-02-07,Business Travel,"Air Travel - Medium Haul (>= 300 miles, < 2300 miles)",1281.3,passenger-mile,Conference,California,Colorado
4046,E1031,2025-02-07,Business Travel,Air Travel - Long Haul (>= 2300 miles),2920.6,passenger-mile,Site Visit,Washington,Georgia
2968,E1017,2025-02-07,Employee Commuting,Passenger Car,16.4,vehicle-mile,Commute,Colorado,Colorado
1856,E1073,2025-02-07,Employee Commuting,Passenger Car,9.0,vehicle-mile,Commute,California,California
4887,E1066,2025-02-07,Employee Commuting,Light-Duty Truck,34.8,vehicle-mile,Commute,California,California
1624,E1100,2025-02-07,Employee Commuting,Bus,36.1,passenger-mile,Commute,Washington,Washington
2135,E1036,2025-02-07,Business Travel,"Air Travel - Medium Haul (>= 300 miles, < 2300 miles)",715.1,passenger-mile,Client Meeting,Washington,Texas
1353,E1019,2025-02-07,Employee Commuting,Light-Duty Truck,37.3,vehicle-mile,Commute,California,California
1472,E1029,2025-02-07,Employee Commuting,Passenger Car,21.9,vehicle-mile,Commute,California,California
1822,E1041,2025-02-07,Employee Commuting,Light-Duty Truck,13.6,vehicle-mile,Commute,Texas,Texas
4267,E1042,2025-02-07,Employee Commuting,Light-Duty Truck,15.8,vehicle-mile,Commute,Colorado,Colorado
126,E1040,2025-02-07,Employee Commuting,Motorcycle,31.1,vehicle-mile,Commute,Illinois,Illinois
718,E1076,2025-02-08,Employee Commuting,"Transit Rail (i.e. Subway, Tram)",34.2,passenger-mile,Commute,California,California
2778,E1087,2025-02-08,Employee Commuting,Passenger Car,23.7,vehicle-mile,Commute,California,California
3693,E1037,2025-02-08,Business Travel,Passenger Car,56.1,vehicle-mile,Conference,Massachusetts,Florida
621,E1011,2025-02-08,Employee Commuting,Passenger Car,7.8,vehicle-mile,Commute,California,California
2979,E1100,2025-02-08,Business Travel,Air Travel - Long Haul (>= 2300 miles),4179.9,passenger-mile,Client Meeting,Washington,New York
1783,E1071,2025-02-08,Employee Commuting,Commuter Rail,28.1,passenger-mile,Commute,Texas,Texas
2112,E1012,2025-02-08,Employee Commuting,Passenger Car,26.1,vehicle-mile,Commute,Massachusetts,Massachusetts
1490,E1022,2025-02-08,Business Travel,"Air Travel - Medium Haul (>= 300 miles, < 2300 miles)",1368.9,passenger-mile,Off-site Meeting,Other,Other
3095,E1042,2025-02-08,Business Travel,Intercity Rail - Other Routes,764.4,passenger-mile,Conference,Washington,Florida
2029,E1047,2025-02-08,Employee Commuting,Passenger Car,6.2,vehicle-mile,Commute,Florida,Florida
4249,E1095,2025-02-08,Employee Commuting,Bus,24.9,passenger-mile,Commute,Georgia,Georgia
251,E1020,2025-02-08,Business Travel,Passenger Car,35.7,vehicle-mile,Conference,Other,Georgia
60,E1062,2025-02-08,Employee Commuting,Passenger Car,21.2,vehicle-mile,Commute,Colorado,Colorado
2917,E1096,2025-02-08,Employee Commuting,Passenger Car,26.3,vehicle-mile,Commute,California,California
270,E1004,2025-02-08,Employee Commuting,Passenger Car,34.8,vehicle-mile,Commute,Illinois,Illinois
2912,E1041,2025-02-08,Employee Commuting,Passenger Car,33.7,vehicle-mile,Commute,California,California
408,E1041,2025-02-08,Employee Commuting,"Transit Rail (i.e. Subway, Tram)",24.3,passenger-mile,Commute,Illinois,Illinois
1684,E1027,2025-02-08,Business Travel,"Air Travel - Medium Haul (>= 300 miles, < 2300 miles)",547.8,passenger-mile,Conference,Other,Massachusetts
415,E1075,2025-02-08,Employee Commuting,Passenger Car,7.3,vehicle-mile,Commute,Washington,Washington
754,E1047,2025-02-08,Employee Commuting,Light-Duty Truck,22.4,vehicle-mile,Commute,Massachusetts,Massachusetts
212,E1087,2025-02-08,Employee Commuting,Bus,18.8,passenger-mile,Commute,Texas,Texas
2746,E1004,2025-02-08,Employee Commuting,Passenger Car,37.8,vehicle-mile,Commute,Georgia,Georgia
4594,E1046,2025-02-09,Employee Commuting,Light-Duty Truck,28.7,vehicle-mile,Commute,Other,Other
4064,E1053,2025-02-09,Business Travel,Air Travel - Long Haul (>= 2300 miles),3177.9,passenger-mile,Client Meeting,California,Other
4910,E1056,2025-02-09,Business Travel,Air Travel - Short Haul (< 300 miles),199.3,passenger-mile,Site Visit,Illinois,Colorado
628,E1015,2025-02-09,Employee Commuting,Light-Duty Truck,31.3,vehicle-mile,Commute,California,California
2525,E1048,2025-02-09,Employee Commuting,Passenger Car,22.5,vehicle-mile,Commute,California,California
3936,E1046,2025-02-09,Business Travel,Passenger Car,67.1,vehicle-mile,Off-site Meeting,Texas,Georgia
1134,E1034,2025-02-09,Employee Commuting,Passenger Car,30.7,vehicle-mile,Commute,Florida,Florida
163,E1087,2025-02-09,Employee Commuting,Passenger Car,12.9,vehicle-mile,Commute,Illinois,Illinois
2391,E1064,2025-02-09,Business Travel,"Air Travel - Medium Haul (>= 300 miles, < 2300 miles)",1045.9,passenger-mile,Conference,Washington,Massachusetts
4208,E1092,2025-02-09,Employee Commuting,Motorcycle,17.7,vehicle-mile,Commute,Texas,Texas
197,E1092,2025-02-09,Employee Commuting,"Transit Rail (i.e. Subway, Tram)",4.3,passenger-mile,Commute,New York,New York
2046,E1050,2025-02-09,Employee Commuting,Passenger Car,24.4,vehicle-mile,Commute,Texas,Texas
2339,E1090,2025-02-10,Employee Commuting,Passenger Car,21.3,vehicle-mile,Commute,Texas,Texas
3739,E1021,2025-02-10,Employee Commuting,Passenger Car,31.1,vehicle-mile,Commute,Florida,Florida
2207,E1059,2025-02-10,Employee Commuting,Passenger Car,25.0,vehicle-mile,Commute,Illinois,Illinois
2528,E1089,2025-02-10,Employee Commuting,Passenger Car,29.9,vehicle-mile,Commute,California,California
2430,E1071,2025-02-10,Employee Commuting,Passenger Car,25.2,vehicle-mile,Commute,Illinois,Illinois
2250,E1010,2025-02-10,Employee Commuting,Passenger Car,25.6,vehicle-mile,Commute,California,California
1739,E1057,2025-02-10,Employee Commuting,Passenger Car,40.0,vehicle-mile,Commute,New York,New York
548,E1004,2025-02-10,Business Travel,Passenger Car,26.8,vehicle-mile,Site Visit,Texas,Georgia
4905,E1057,2025-02-10,Employee Commuting,Bus,22.7,passenger-mile,Commute,Georgia,Georgia
4401,E1092,2025-02-10,Employee Commuting,Light-Duty Truck,12.0,vehicle-mile,Commute,California,California
4076,E1075,2025-02-10,Employee Commuting,Passenger Car,8.5,vehicle-mile,Commute,Georgia,Georgia
4845,E1061,2025-02-10,Employee Commuting,Passenger Car,11.7,vehicle-mile,Commute,Colorado,Colorado
467,E1037,2025-02-10,Employee Commuting,Bus,21.5,passenger-mile,Commute,California,California
3553,E1021,2025-02-10,Business Travel,"Transit Rail (i.e. Subway, Tram)",72.9,passenger-mile,Off-site Meeting,Texas,Georgia
4179,E1050,2025-02-10,Employee Commuting,Passenger Car,24.4,vehicle-mile,Commute,New York,New York
2842,E1037,2025-02-11,Employee Commuting,Passenger Car,33.8,vehicle-mile,Commute,California,California
4155,E1095,2025-02-11,Business Travel,"Air Travel - Medium Haul (>= 300 miles, < 2300 miles)",1032.8,passenger-mile,Client Meeting,California,Illinois
3892,E1050,2025-02-11,Employee Commuting,Passenger Car,17.4,vehicle-mile,Commute,Texas,Texas
2321,E1010,2025-02-11,Employee Commuting,Passenger Car,24.1,vehicle-mile,Commute,California,California
739,E1039,2025-02-11,Employee Commuting,Passenger Car,4.8,vehicle-mile,Commute,Other,Other
4252,E1061,2025-02-11,Employee Commuting,Light-Duty Truck,5.3,vehicle-mile,Commute,California,California
3319,E1061,2025-02-11,Employee Commuting,Bus,10.9,passenger-mile,Commute,California,California
3807,E1024,2025-02-11,Employee Commuting,"Transit Rail (i.e. Subway, Tram)",5.0,passenger-mile,Commute,Georgia,Georgia
3543,E1094,2025-02-11,Employee Commuting,"Transit Rail (i.e. Subway, Tram)",31.5,passenger-mile,Commute,California,California
1421,E1057,2025-02-11,Business Travel,"Air Travel - Medium Haul (>= 300 miles, < 2300 miles)",488.2,passenger-mile,Conference,New York,Florida
133,E1051,2025-02-11,Employee Commuting,Passenger Car,30.0,vehicle-mile,Commute,New York,New York
2674,E1043,2025-02-11,Business Travel,Air Travel - Short Haul (< 300 miles),294.3,passenger-mile,Site Visit,Washington,New York
1625,E1062,2025-02-11,Business Travel,"Air Travel - Medium Haul (>= 300 miles, < 2300 miles)",1214.0,passenger-mile,Conference,California,Massachusetts
3058,E1061,2025-02-11,Business Travel,Bus,28.2,passenger-mile,Site Visit,California,Colorado
3401,E1078,2025-02-11,Employee Commuting,Commuter Rail,4.9,passenger-mile,Commute,Massachusetts,Massachusetts
280,E1041,2025-02-11,Business Travel,Light-Duty Truck,62.3,vehicle-mile,Off-site Meeting,Colorado,Florida
715,E1010,2025-02-11,Employee Commuting,Light-Duty Truck,30.6,vehicle-mile,Commute,Colorado,Colorado
989,E1077,2025-02-11,Business Travel,"Air Travel - Medium Haul (>= 300 miles, < 2300 miles)",1373.4,passenger-mile,Site Visit,California,Colorado
2926,E1079,2025-02-12,Business Travel,"Air Travel - Medium Haul (>= 300 miles, < 2300 miles)",555.5,passenger-mile,Conference,Texas,Georgia
1267,E1024,2025-02-12,Employee Commuting,Light-Duty Truck,15.7,vehicle-mile,Commute,Massachusetts,Massachusetts
1493,E1008,2025-02-12,Business Travel,"Air Travel - Medium Haul (>= 300 miles, < 2300 miles)",1753.0,passenger-mile,Site Visit,Texas,Colorado
1080,E1021,2025-02-12,Employee Commuting,Light-Duty Truck,5.0,vehicle-mile,Commute,California,California
3984,E1034,2025-02-12,Employee Commuting,Commuter Rail,22.6,passenger-mile,Commute,Washington,Washington
4224,E1083,2025-02-12,Employee Commuting,Passenger Car,31.9,vehicle-mile,Commute,Illinois,Illinois
3261,E1041,2025-02-12,Business Travel,Commuter Rail,68.7,passenger-mile,Client Meeting,Illinois,Illinois
2222,E1008,2025-02-12,Employee Commuting,Bus,7.0,passenger-mile,Commute,Texas,Texas
2731,E1065,2025-02-13,Employee Commuting,Passenger Car,30.4,vehicle-mile,Commute,Florida,Florida
677,E1035,2025-02-13,Employee Commuting,Light-Duty Truck,17.9,vehicle-mile,Commute,California,California
4455,E1058,2025-02-13,Business Travel,Passenger Car,52.5,vehicle-mile,Site Visit,Illinois,Other
951,E1034,2025-02-13,Employee Commuting,Commuter Rail,10.8,passenger-mile,Commute,California,California
3371,E1047,2025-02-13,Business Travel,Passenger Car,98.6,vehicle-mile,Site Visit,Illinois,Illinois
4621,E1061,2025-02-13,Employee Commuting,Light-Duty Truck,4.0,vehicle-mile,Commute,Washington,Washington
2737,E1087,2025-02-13,Employee Commuting,Passenger Car,7.1,vehicle-mile,Commute,California,California
65,E1043,2025-02-13,Employee Commuting,Bus,36.5,passenger-mile,Commute,Other,Other
4523,E1098,2025-02-13,Business Travel,Air Travel - Short Haul (< 300 miles),115.7,passenger-mile,Conference,New York,Illinois
3770,E1091,2025-02-13,Employee Commuting,Commuter Rail,29.9,passenger-mile,Commute,California,California
1368,E1047,2025-02-13,Employee Commuting,Commuter Rail,34.6,passenger-mile,Commute,California,California
871,E1026,2025-02-13,Employee Commuting,Passenger Car,36.2,vehicle-mile,Commute,Other,Other
1044,E1021,2025-02-13,Employee Commuting,Bus,18.0,passenger-mile,Commute,Illinois,Illinois
1514,E1037,2025-02-13,Employee Commuting,Passenger Car,27.1,vehicle-mile,Commute,Other,Other
3232,E1095,2025-02-13,Business Travel,Passenger Car,67.1,vehicle-mile,Conference,Texas,California
2924,E1064,2025-02-13,Business Travel,Air Travel - Short Haul (< 300 miles),218.6,passenger-mile,Client Meeting,California,Florida
4714,E1082,2025-02-13,Business Travel,Intercity Rail - Northeast Corridor,322.6,passenger-mile,Off-site Meeting,California,Colorado
3114,E1061,2025-02-14,Employee Commuting,Passenger Car,23.0,vehicle-mile,Commute,Other,Other
2662,E1097,2025-02-14,Business Travel,"Air Travel - Medium Haul (>= 300 miles, < 2300 miles)",1093.8,passenger-mile,Conference,Texas,Texas
4188,E1078,2025-02-14,Employee Commuting,Light-Duty Truck,30.6,vehicle-mile,Commute,New York,New York
4733,E1076,2025-02-14,Employee Commuting,Commuter Rail,5.3,passenger-mile,Commute,Texas,Texas
3509,E1091,2025-02-14,Employee Commuting,Bus,30.6,passenger-mile,Commute,New York,New York
3106,E1003,2025-02-14,Employee Commuting,Bus,20.5,passenger-mile,Commute,California,California
1797,E1075,2025-02-14,Employee Commuting,Passenger Car,22.0,vehicle-mile,Commute,California,California
3222,E1011,2025-02-14,Employee Commuting,Passenger Car,23.1,vehicle-mile,Commute,Florida,Florida
4611,E1020,2025-02-14,Employee Commuting,Bus,9.3,passenger-mile,Commute,Texas,Texas
409,E1013,2025-02-14,Employee Commuting,Passenger Car,37.4,vehicle-mile,Commute,Colorado,Colorado
681,E1028,2025-02-14,Business Travel,Passenger Car,52.7,vehicle-mile,Site Visit,New York,Georgia
964,E1057,2025-02-14,Employee Commuting,Light-Duty Truck,14.0,vehicle-mile,Commute,California,California
3359,E1043,2025-02-14,Employee Commuting,Light-Duty Truck,12.9,vehicle-mile,Commute,New York,New York
2473,E1005,2025-02-15,Employee Commuting,Passenger Car,38.8,vehicle-mile,Commute,Other,Other
2037,E1040,2025-02-15,Employee Commuting,"Transit Rail (i.e. Subway, Tram)",25.3,passenger-mile,Commute,Illinois,Illinois
1127,E1020,2025-02-15,Employee Commuting,Passenger Car,22.6,vehicle-mile,Commute,New York,New York
1336,E1050,2025-02-15,Employee Commuting,Passenger Car,22.5,vehicle-mile,Commute,California,California
2811,E1094,2025-02-15,Employee Commuting,Passenger Car,39.6,vehicle-mile,Commute,California,California
3077,E1005,2025-02-15,Employee Commuting,Passenger Car,17.6,vehicle-mile,Commute,Texas,Texas
1197,E1072,2025-02-15,Employee Commuting,Passenger Car,37.0,vehicle-mile,Commute,Other,Other
1549,E1032,2025-02-15,Business Travel,Air Travel - Short Haul (< 300 miles),128.7,passenger-mile,Off-site Meeting,California,Massachusetts
3669,E1078,2025-02-15,Employee Commuting,Passenger Car,7.1,vehicle-mile,Commute,Illinois,Illinois
2592,E1052,2025-02-15,Business Travel,Air Travel - Short Haul (< 300 miles),235.2,passenger-mile,Off-site Meeting,Massachusetts,Georgia
2991,E1054,2025-02-16,Employee Commuting,"Transit Rail (i.e. Subway, Tram)",25.6,passenger-mile,Commute,California,California
1018,E1087,2025-02-16,Employee Commuting,Passenger Car,7.5,vehicle-mile,Commute,California,California
3542,E1077,2025-02-16,Employee Commuting,Passenger Car,25.5,vehicle-mile,Commute,Colorado,Colorado
1343,E1066,2025-02-16,Employee Commuting,Commuter Rail,9.5,passenger-mile,Commute,Massachusetts,Massachusetts
4541,E1019,2025-02-16,Business Travel,"Air Travel - Medium Haul (>= 300 miles, < 2300 miles)",1694.6,passenger-mile,Site Visit,Massachusetts,New York
533,E1050,2025-02-16,Employee Commuting,Passenger Car,5.1,vehicle-mile,Commute,Texas,Texas
1608,E1062,2025-02-16,Employee Commuting,Passenger Car,39.4,vehicle-mile,Commute,Other,Other
3792,E1025,2025-02-16,Business Travel,"Air Travel - Medium Haul (>= 300 miles, < 2300 miles)",318.2,passenger-mile,Site Visit,California,Washington
4157,E1025,2025-02-16,Employee Commuting,Passenger Car,10.3,vehicle-mile,Commute,Texas,Texas
1865,E1069,2025-02-16,Business Travel,"Air Travel - Medium Haul (>= 300 miles, < 2300 miles)",1432.6,passenger-mile,Conference,Colorado,Georgia
2963,E1055,2025-02-16,Employee Commuting,Motorcycle,36.3,vehicle-mile,Commute,California,California
1534,E1022,2025-02-16,Employee Commuting,Passenger Car,22.9,vehicle-mile,Commute,California,California
2438,E1080,2025-02-16,Employee Commuting,Passenger Car,38.6,vehicle-mile,Commute,Colorado,Colorado
85,E1085,2025-02-16,Employee Commuting,Light-Duty Truck,38.9,vehicle-mile,Commute,Other,Other
3979,E1032,2025-02-17,Employee Commuting,Light-Duty Truck,24.9,vehicle-mile,Commute,Colorado,Colorado
3034,E1003,2025-02-17,Employee Commuting,Passenger Car,6.0,vehicle-mile,Commute,Massachusetts,Massachusetts
3498,E1082,2025-02-17,Business Travel,"Air Travel - Medium Haul (>= 300 miles, < 2300 miles)",1518.2,passenger-mile,Conference,California,Florida
1274,E1047,2025-02-17,Employee Commuting,Passenger Car,8.5,vehicle-mile,Commute,Georgia,Georgia
795,E1089,2025-02-17,Employee Commuting,Passenger Car,25.8,vehicle-mile,Commute,New York,New York
3875,E1091,2025-02-17,Business Travel,Light-Duty Truck,53.6,vehicle-mile,Conference,California,Illinois
4306,E1039,2025-02-17,Employee Commuting,"Transit Rail (i.e. Subway, Tram)",32.2,passenger-mile,Commute,Texas,Texas
543,E1083,2025-02-17,Employee Commuting,Bus,30.3,passenger-mile,Commute,California,California
2997,E1040,2025-02-17,Employee Commuting,Light-Duty Truck,19.2,vehicle-mile,Commute,New York,New York
1558,E1057,2025-02-17,Employee Commuting,Passenger Car,16.5,vehicle-mile,Commute,California,California
1753,E1014,2025-02-17,Business Travel,Intercity Rail - National Average,550.7,passenger-mile,Conference,Florida,Washington
817,E1063,2025-02-17,Employee Commuting,Light-Duty Truck,20.1,vehicle-mile,Commute,Florida,Florida
2895,E1006,2025-02-17,Business Travel,Passenger Car,5.1,vehicle-mile,Client Meeting,Texas,Other
4718,E1034,2025-02-18,Employee Commuting,Passenger Car,22.1,vehicle-mile,Commute,Washington,Washington
3404,E1012,2025-02-18,Business Travel,Air Travel - Short Haul (< 300 miles),148.3,passenger-mile,Client Meeting,Texas,California
4108,E1087,2025-02-18,Employee Commuting,"Transit Rail (i.e. Subway, Tram)",20.6,passenger-mile,Commute,California,California
1788,E1069,2025-02-18,Business Travel,"Air Travel - Medium Haul (>= 300 miles, < 2300 miles)",342.7,passenger-mile,Off-site Meeting,Other,Colorado
3590,E1066,2025-02-18,Business Travel,"Air Travel - Medium Haul (>= 300 miles, < 2300 miles)",477.8,passenger-mile,Site Visit,Texas,Colorado
3801,E1058,2025-02-18,Employee Commuting,Passenger Car,39.5,vehicle-mile,Commute,Texas,Texas
1278,E1006,2025-02-18,Employee Commuting,Passenger Car,39.2,vehicle-mile,Commute,California,California
584,E1095,2025-02-18,Employee Commuting,Passenger Car,27.5,vehicle-mile,Commute,Colorado,Colorado
148,E1033,2025-02-18,Employee Commuting,Light-Duty Truck,3.5,vehicle-mile,Commute,Texas,Texas
3129,E1074,2025-02-18,Employee Commuting,"Transit Rail (i.e. Subway, Tram)",36.6,passenger-mile,Commute,California,California
4471,E1024,2025-02-18,Employee Commuting,Passenger Car,35.4,vehicle-mile,Commute,California,California
320,E1008,2025-02-18,Employee Commuting,Passenger Car,10.6,vehicle-mile,Commute,Florida,Florida
3336,E1040,2025-02-18,Employee Commuting,Passenger Car,5.4,vehicle-mile,Commute,Illinois,Illinois
3417,E1043,2025-02-18,Employee Commuting,Passenger Car,32.6,vehicle-mile,Commute,California,California
274,E1042,2025-02-19,Employee Commuting,Passenger Car,31.9,vehicle-mile,Commute,Georgia,Georgia
2769,E1003,2025-02-19,Employee Commuting,Passenger Car,39.9,vehicle-mile,Commute,Other,Other
1452,E1061,2025-02-19,Employee Commuting,Passenger Car,38.9,vehicle-mile,Commute,California,California
8,E1060,2025-02-19,Employee Commuting,Passenger Car,36.6,vehicle-mile,Commute,California,California
2296,E1067,2025-02-19,Business Travel,Intercity Rail - Other Routes,699.4,passenger-mile,Off-site Meeting,Massachusetts,New York
1280,E1017,2025-02-19,Employee Commuting,Passenger Car,29.4,vehicle-mile,Commute,Colorado,Colorado
2042,E1057,2025-02-19,Employee Commuting,Passenger Car,9.5,vehicle-mile,Commute,Texas,Texas
1835,E1055,2025-02-19,Employee Commuting,Passenger Car,4.9,vehicle-mile,Commute,Other,Other
2717,E1051,2025-02-19,Employee Commuting,Bus,9.8,passenger-mile,Commute,Florida,Florida
1713,E1081,2025-02-19,Employee Commuting,Passenger Car,4.9,vehicle-mile,Commute,Georgia,Georgia
2724,E1011,2025-02-19,Employee Commuting,Passenger Car,33.1,vehicle-mile,Commute,Colorado,Colorado
3873,E1075,2025-02-20,Employee Commuting,Passenger Car,19.5,vehicle-mile,Commute,Georgia,Georgia
876,E1100,2025-02-20,Employee Commuting,"Transit Rail (i.e. Subway, Tram)",25.1,passenger-mile,Commute,California,California
142,E1037,2025-02-20,Employee Commuting,Light-Duty Truck,25.4,vehicle-mile,Commute,Colorado,Colorado
4587,E1083,2025-02-20,Employee Commuting,"Transit Rail (i.e. Subway, Tram)",15.1,passenger-mile,Commute,California,California
1723,E1013,2025-02-20,Employee Commuting,Commuter Rail,33.0,passenger-mile,Commute,Georgia,Georgia
605,E1048,2025-02-20,Business Travel,Air Travel - Long Haul (>= 2300 miles),3660.8,passenger-mile,Off-site Meeting,Washington,Colorado
2386,E1020,2025-02-20,Employee Commuting,Passenger Car,4.9,vehicle-mile,Commute,Texas,Texas
1787,E1027,2025-02-20,Employee Commuting,Passenger Car,9.4,vehicle-mile,Commute,California,California
2116,E1027,2025-02-20,Business Travel,"Air Travel - Medium Haul (>= 300 miles, < 2300 miles)",488.1,passenger-mile,Conference,New York,New York
1159,E1065,2025-02-20,Business Travel,Intercity Rail - Northeast Corridor,219.1,passenger-mile,Client Meeting,California,Massachusetts
3898,E1091,2025-02-20,Business Travel,Bus,16.2,passenger-mile,Conference,California,Massachusetts
1301,E1064,2025-02-20,Employee Commuting,Passenger Car,18.4,vehicle-mile,Commute,California,California
3145,E1033,2025-02-20,Business Travel,"Transit Rail (i.e. Subway, Tram)",56.5,passenger-mile,Conference,Washington,Other
3197,E1031,2025-02-20,Business Travel,Air Travel - Long Haul (>= 2300 miles),3533.4,passenger-mile,Off-site Meeting,California,Georgia
106,E1004,2025-02-20,Business Travel,Air Travel - Short Haul (< 300 miles),293.6,passenger-mile,Client Meeting,California,Other
2870,E1064,2025-02-21,Employee Commuting,Bus,20.2,passenger-mile,Commute,Texas,Texas
619,E1058,2025-02-21,Employee Commuting,Passenger Car,6.7,vehicle-mile,Commute,California,California
3088,E1072,2025-02-21,Business Travel,"Air Travel - Medium Haul (>= 300 miles, < 2300 miles)",781.5,passenger-mile,Off-site Meeting,California,Florida
966,E1084,2025-02-21,Employee Commuting,"Transit Rail (i.e. Subway, Tram)",24.4,passenger-mile,Commute,California,California
1682,E1034,2025-02-21,Employee Commuting,"Transit Rail (i.e. Subway, Tram)",3.8,passenger-mile,Commute,New York,New York
4932,E1010,2025-02-21,Employee Commuting,Passenger Car,16.6,vehicle-mile,Commute,California,California
2841,E1086,2025-02-21,Employee Commuting,"Transit Rail (i.e. Subway, Tram)",35.7,passenger-mile,Commute,Texas,Texas
1778,E1027,2025-02-21,Business Travel,Air Travel - Short Haul (< 300 miles),147.8,passenger-mile,Off-site Meeting,Massachusetts,Florida
4854,E1026,2025-02-21,Business Travel,"Air Travel - Medium Haul (>= 300 miles, < 2300 miles)",1042.8,passenger-mile,Off-site Meeting,California,Illinois
3871,E1039,2025-02-21,Employee Commuting,Bus,19.9,passenger-mile,Commute,California,California
486,E1068,2025-02-21,Employee Commuting,Passenger Car,15.8,vehicle-mile,Commute,Texas,Texas
835,E1018,2025-02-21,Business Travel,Intercity Rail - Other Routes,720.6,passenger-mile,Client Meeting,Other,California
4900,E1031,2025-02-21,Employee Commuting,Passenger Car,30.6,vehicle-mile,Commute,Georgia,Georgia
736,E1091,2025-02-21,Employee Commuting,Passenger Car,13.5,vehicle-mile,Commute,Washington,Washington
4737,E1017,2025-02-21,Employee Commuting,Light-Duty Truck,4.1,vehicle-mile,Commute,California,California
3715,E1044,2025-02-21,Business Travel,Intercity Rail - National Average,592.6,passenger-mile,Conference,Texas,Washington
3519,E1091,2025-02-21,Business Travel,Air Travel - Long Haul (>= 2300 miles),4292.6,passenger-mile,Off-site Meeting,Texas,Colorado
1742,E1032,2025-02-22,Employee Commuting,Passenger Car,12.4,vehicle-mile,Commute,California,California
1494,E1041,2025-02-22,Employee Commuting,Passenger Car,13.6,vehicle-mile,Commute,Washington,Washington
4074,E1043,2025-02-22,Employee Commuting,Passenger Car,36.6,vehicle-mile,Commute,Georgia,Georgia
1175,E1091,2025-02-22,Employee Commuting,"Transit Rail (i.e. Subway, Tram)",37.4,passenger-mile,Commute,California,California
454,E1093,2025-02-22,Business Travel,Air Travel - Short Haul (< 300 miles),294.8,passenger-mile,Conference,Washington,Colorado
4784,E1079,2025-02-22,Employee Commuting,Bus,19.2,passenger-mile,Commute,Texas,Texas
1639,E1085,2025-02-22,Employee Commuting,Passenger Car,22.7,vehicle-mile,Commute,California,California
161,E1012,2025-02-22,Employee Commuting,Commuter Rail,16.4,passenger-mile,Commute,Massachusetts,Massachusetts
4372,E1068,2025-02-22,Employee Commuting,Passenger Car,34.8,vehicle-mile,Commute,California,California
2732,E1077,2025-02-23,Employee Commuting,"Transit Rail (i.e. Subway, Tram)",10.9,passenger-mile,Commute,New York,New York
2751,E1066,2025-02-23,Employee Commuting,Bus,17.5,passenger-mile,Commute,Washington,Washington
3595,E1060,2025-02-23,Business Travel,Passenger Car,11.5,vehicle-mile,Off-site Meeting,California,Georgia
52,E1022,2025-02-23,Employee Commuting,Passenger Car,33.4,vehicle-mile,Commute,Washington,Washington
2620,E1086,2025-02-23,Business Travel,"Transit Rail (i.e. Subway, Tram)",16.4,passenger-mile,Conference,Washington,Texas
1979,E1082,2025-02-23,Employee Commuting,Passenger Car,7.9,vehicle-mile,Commute,California,California
731,E1089,2025-02-23,Employee Commuting,Passenger Car,6.0,vehicle-mile,Commute,Texas,Texas
3673,E1040,2025-02-23,Employee Commuting,Light-Duty Truck,29.5,vehicle-mile,Commute,Washington,Washington
1337,E1067,2025-02-23,Business Travel,Air Travel - Long Haul (>= 2300 miles),3671.3,passenger-mile,Conference,Massachusetts,Illinois
2777,E1027,2025-02-23,Employee Commuting,Passenger Car,27.1,vehicle-mile,Commute,California,California
1663,E1002,2025-02-23,Employee Commuting,Light-Duty Truck,6.5,vehicle-mile,Commute,California,California
4356,E1012,2025-02-23,Employee Commuting,Light-Duty Truck,11.5,vehicle-mile,Commute,California,California
1952,E1096,2025-02-24,Business Travel,Air Travel - Long Haul (>= 2300 miles),2749.8,passenger-mile,Client Meeting,Other,Colorado
1020,E1056,2025-02-24,Employee Commuting,Light-Duty Truck,5.6,vehicle-mile,Commute,California,California
339,E1071,2025-02-24,Employee Commuting,Passenger Car,24.5,vehicle-mile,Commute,New York,New York
2641,E1035,2025-02-24,Employee Commuting,Passenger Car,16.1,vehicle-mile,Commute,Washington,Washington
1916,E1049,2025-02-24,Business Travel,"Air Travel - Medium Haul (>= 300 miles, < 2300 miles)",1609.4,passenger-mile,Off-site Meeting,California,Washington
4053,E1098,2025-02-24,Employee Commuting,Passenger Car,14.9,vehicle-mile,Commute,California,California
1223,E1022,2025-02-24,Business Travel,"Air Travel - Medium Haul (>= 300 miles, < 2300 miles)",1008.9,passenger-mile,Conference,New York,Colorado
934,E1099,2025-02-24,Employee Commuting,Passenger Car,21.9,vehicle-mile,Commute,California,California
1597,E1045,2025-02-24,Business Travel,"Air Travel - Medium Haul (>= 300 miles, < 2300 miles)",1201.6,passenger-mile,Site Visit,Other,Massachusetts
478,E1034,2025-02-24,Employee Commuting,Passenger Car,15.6,vehicle-mile,Commute,California,California
4767,E1053,2025-02-24,Employee Commuting,Passenger Car,24.7,vehicle-mile,Commute,Georgia,Georgia
1112,E1058,2025-02-24,Employee Commuting,Passenger Car,4.4,vehicle-mile,Commute,Colorado,Colorado
3436,E1012,2025-02-24,Employee Commuting,Passenger Car,11.8,vehicle-mile,Commute,Massachusetts,Massachusetts
4521,E1022,2025-02-25,Business Travel,Intercity Rail - Northeast Corridor,320.5,passenger-mile,Off-site Meeting,Other,California
2192,E1069,2025-02-25,Employee Commuting,Motorcycle,6.5,vehicle-mile,Commute,California,California
2636,E1027,2025-02-25,Employee Commuting,"Transit Rail (i.e. Subway, Tram)",28.8,passenger-mile,Commute,Massachusetts,Massachusetts
4344,E1060,2025-02-25,Employee Commuting,Passenger Car,17.3,vehicle-mile,Commute,California,California
109,E1045,2025-02-25,Employee Commuting,Passenger Car,28.4,vehicle-mile,Commute,California,California
1356,E1059,2025-02-25,Employee Commuting,Passenger Car,27.9,vehicle-mile,Commute,Florida,Florida
4648,E1065,2025-02-25,Employee Commuting,"Transit Rail (i.e. Subway, Tram)",32.0,passenger-mile,Commute,Georgia,Georgia
4430,E1052,2025-02-25,Business Travel,Passenger Car,75.4,vehicle-mile,Client Meeting,New York,Illinois
422,E1033,2025-02-25,Employee Commuting,Passenger Car,26.9,vehicle-mile,Commute,New York,New York
3550,E1063,2025-02-25,Employee Commuting,Commuter Rail,35.5,passenger-mile,Commute,Texas,Texas
665,E1075,2025-02-25,Employee Commuting,Light-Duty Truck,20.2,vehicle-mile,Commute,Illinois,Illinois
1634,E1096,2025-02-25,Employee Commuting,Motorcycle,15.7,vehicle-mile,Commute,California,California
647,E1043,2025-02-25,Employee Commuting,Light-Duty Truck,34.7,vehicle-mile,Commute,Colorado,Colorado
1480,E1082,2025-02-25,Employee Commuting,Motorcycle,19.3,vehicle-mile,Commute,Colorado,Colorado
597,E1079,2025-02-25,Employee Commuting,Light-Duty Truck,15.0,vehicle-mile,Commute,New York,New York
4713,E1068,2025-02-25,Employee Commuting,"Transit Rail (i.e. Subway, Tram)",9.2,passenger-mile,Commute,Illinois,Illinois
4239,E1040,2025-02-25,Employee Commuting,Passenger Car,23.7,vehicle-mile,Commute,New York,New York
4852,E1090,2025-02-26,Business Travel,Air Travel - Long Haul (>= 2300 miles),3502.4,passenger-mile,Site Visit,California,Other
2764,E1015,2025-02-26,Business Travel,"Air Travel - Medium Haul (>= 300 miles, < 2300 miles)",938.4,passenger-mile,Site Visit,New York,Massachusetts
960,E1041,2025-02-26,Employee Commuting,Passenger Car,19.9,vehicle-mile,Commute,California,California
1360,E1080,2025-02-26,Employee Commuting,Passenger Car,29.4,vehicle-mile,Commute,Washington,Washington
2740,E1048,2025-02-26,Employee Commuting,Commuter Rail,28.4,passenger-mile,Commute,California,California
1841,E1022,2025-02-26,Employee Commuting,Passenger Car,4.0,vehicle-mile,Commute,California,California
3154,E1091,2025-02-26,Business Travel,"Air Travel - Medium Haul (>= 300 miles, < 2300 miles)",401.5,passenger-mile,Site Visit,California,Washington
1298,E1069,2025-02-26,Employee Commuting,Passenger Car,15.3,vehicle-mile,Commute,Washington,Washington
4799,E1027,2025-02-26,Employee Commuting,Passenger Car,5.7,vehicle-mile,Commute,Illinois,Illinois
2846,E1042,2025-02-26,Employee Commuting,Passenger Car,38.8,vehicle-mile,Commute,California,California
2921,E1040,2025-02-26,Employee Commuting,Light-Duty Truck,34.9,vehicle-mile,Commute,Washington,Washington
350,E1057,2025-02-26,Employee Commuting,Passenger Car,7.9,vehicle-mile,Commute,California,California
2419,E1027,2025-02-26,Employee Commuting,Passenger Car,12.4,vehicle-mile,Commute,Florida,Florida
2509,E1065,2025-02-26,Employee Commuting,Motorcycle,8.7,vehicle-mile,Commute,California,California
1457,E1058,2025-02-27,Employee Commuting,Passenger Car,35.1,vehicle-mile,Commute,Washington,Washington
3585,E1053,2025-02-27,Employee Commuting,Passenger Car,24.1,vehicle-mile,Commute,Colorado,Colorado
211,E1029,2025-02-27,Employee Commuting,Passenger Car,31.5,vehicle-mile,Commute,California,California
2964,E1079,2025-02-27,Employee Commuting,Light-Duty Truck,6.4,vehicle-mile,Commute,Massachusetts,Massachusetts
4444,E1029,2025-02-27,Employee Commuting,Motorcycle,34.6,vehicle-mile,Commute,Colorado,Colorado
3169,E1020,2025-02-27,Employee Commuting,Motorcycle,30.3,vehicle-mile,Commute,Other,Other
215,E1080,2025-02-27,Business Travel,"Air Travel - Medium Haul (>= 300 miles, < 2300 miles)",1776.0,passenger-mile,Client Meeting,Massachusetts,California
3377,E1047,2025-02-27,Business Travel,"Air Travel - Medium Haul (>= 300 miles, < 2300 miles)",1325.1,passenger-mile,Site Visit,Texas,Massachusetts
3793,E1050,2025-02-27,Employee Commuting,Passenger Car,10.2,vehicle-mile,Commute,California,California
1995,E1044,2025-02-27,Employee Commuting,Passenger Car,3.7,vehicle-mile,Commute,Texas,Texas
1092,E1067,2025-02-27,Employee Commuting,Passenger Car,11.2,vehicle-mile,Commute,Texas,Texas
536,E1057,2025-02-27,Employee Commuting,Bus,6.8,passenger-mile,Commute,California,California
4360,E1040,2025-02-27,Employee Commuting,Passenger Car,28.9,vehicle-mile,Commute,California,California
3962,E1033,2025-02-27,Business Travel,"Air Travel - Medium Haul (>= 300 miles, < 2300 miles)",874.1,passenger-mile,Site Visit,California,Georgia
3626,E1069,2025-02-27,Employee Commuting,Passenger Car,27.9,vehicle-mile,Commute,Other,Other
2432,E1043,2025-02-27,Business Travel,"Air Travel - Medium Haul (>= 300 miles, < 2300 miles)",1385.7,passenger-mile,Off-site Meeting,Florida,Colorado
1442,E1088,2025-02-28,Business Travel,"Air Travel - Medium Haul (>= 300 miles, < 2300 miles)",964.1,passenger-mile,Conference,Texas,Colorado
162,E1044,2025-02-28,Business Travel,"Air Travel - Medium Haul (>= 300 miles, < 2300 miles)",1602.7,passenger-mile,Client Meeting,California,Massachusetts
2355,E1051,2025-02-28,Employee Commuting,Commuter Rail,13.2,passenger-mile,Commute,California,California
4354,E1039,2025-02-28,Employee Commuting,Passenger Car,24.1,vehicle-mile,Commute,Florida,Florida
2708,E1083,2025-02-28,Employee Commuting,Passenger Car,25.9,vehicle-mile,Commute,Washington,Washington
610,E1047,2025-02-28,Business Travel,Passenger Car,79.0,vehicle-mile,Conference,Texas,Illinois
4639,E1066,2025-02-28,Employee Commuting,Light-Duty Truck,8.2,vehicle-mile,Commute,Washington,Washington
3348,E1099,2025-02-28,Business Travel,"Air Travel - Medium Haul (>= 300 miles, < 2300 miles)",1001.5,passenger-mile,Off-site Meeting,Texas,California
3992,E1070,2025-02-28,Employee Commuting,Motorcycle,37.5,vehicle-mile,Commute,Florida,Florida
3362,E1015,2025-02-28,Employee Commuting,"Transit Rail (i.e. Subway, Tram)",9.8,passenger-mile,Commute,New York,New York
3566,E1032,2025-02-28,Employee Commuting,Passenger Car,19.2,vehicle-mile,Commute,Texas,Texas
1340,E1096,2025-02-28,Employee Commuting,Passenger Car,33.1,vehicle-mile,Commute,California,California
300,E1093,2025-03-01,Employee Commuting,Passenger Car,25.9,vehicle-mile,Commute,California,California
3130,E1088,2025-03-01,Employee Commuting,Passenger Car,4.0,vehicle-mile,Commute,Other,Other
34,E1031,2025-03-01,Employee Commuting,Light-Duty Truck,33.2,vehicle-mile,Commute,Georgia,Georgia
3474,E1033,2025-03-01,Employee Commuting,Passenger Car,31.5,vehicle-mile,Commute,New York,New York
2267,E1009,2025-03-01,Employee Commuting,"Transit Rail (i.e. Subway, Tram)",21.5,passenger-mile,Commute,Other,Other
1509,E1001,2025-03-01,Employee Commuting,Bus,26.5,passenger-mile,Commute,Massachusetts,Massachusetts
3856,E1012,2025-03-01,Business Travel,Air Travel - Short Haul (< 300 miles),220.2,passenger-mile,Conference,Massachusetts,Colorado
1489,E1079,2025-03-01,Business Travel,"Air Travel - Medium Haul (>= 300 miles, < 2300 miles)",1400.0,passenger-mile,Off-site Meeting,Washington,California
4126,E1009,2025-03-01,Employee Commuting,Light-Duty Truck,19.7,vehicle-mile,Commute,Other,Other
3118,E1046,2025-03-01,Employee Commuting,Passenger Car,30.3,vehicle-mile,Commute,California,California
3785,E1017,2025-03-01,Employee Commuting,Passenger Car,18.9,vehicle-mile,Commute,Other,Other
4500,E1089,2025-03-01,Employee Commuting,Passenger Car,9.0,vehicle-mile,Commute,Texas,Texas
2370,E1068,2025-03-01,Employee Commuting,Light-Duty Truck,37.4,vehicle-mile,Commute,Washington,Washington
3168,E1014,2025-03-01,Employee Commuting,Motorcycle,12.4,vehicle-mile,Commute,New York,New York
4987,E1013,2025-03-01,Business Travel,Air Travel - Long Haul (>= 2300 miles),2825.7,passenger-mile,Conference,New York,Illinois
194,E1005,2025-03-02,Business Travel,"Air Travel - Medium Haul (>= 300 miles, < 2300 miles)",1195.9,passenger-mile,Off-site Meeting,California,California
2794,E1095,2025-03-02,Employee Commuting,Passenger Car,24.3,vehicle-mile,Commute,Massachusetts,Massachusetts
3934,E1063,2025-03-02,Business Travel,Passenger Car,21.7,vehicle-mile,Conference,California,Colorado
3681,E1028,2025-03-02,Business Travel,"Air Travel - Medium Haul (>= 300 miles, < 2300 miles)",688.4,passenger-mile,Conference,California,Colorado
3091,E1016,2025-03-02,Business Travel,"Air Travel - Medium Haul (>= 300 miles, < 2300 miles)",1287.3,passenger-mile,Off-site Meeting,Illinois,California
4165,E1037,2025-03-02,Employee Commuting,Motorcycle,15.9,vehicle-mile,Commute,Colorado,Colorado
190,E1015,2025-03-02,Employee Commuting,Passenger Car,38.1,vehicle-mile,Commute,Texas,Texas
2733,E1092,2025-03-02,Employee Commuting,Passenger Car,8.7,vehicle-mile,Commute,California,California
562,E1068,2025-03-02,Employee Commuting,Light-Duty Truck,12.4,vehicle-mile,Commute,Other,Other
1146,E1029,2025-03-02,Business Travel,"Air Travel - Medium Haul (>= 300 miles, < 2300 miles)",1507.5,passenger-mile,Conference,California,Colorado
4450,E1096,2025-03-02,Employee Commuting,Bus,27.8,passenger-mile,Commute,Massachusetts,Massachusetts
1279,E1019,2025-03-02,Employee Commuting,Light-Duty Truck,7.8,vehicle-mile,Commute,New York,New York
4952,E1079,2025-03-02,Business Travel,"Air Travel - Medium Haul (>= 300 miles, < 2300 miles)",1192.5,passenger-mile,Client Meeting,Texas,New York
2134,E1010,2025-03-02,Employee Commuting,Passenger Car,11.6,vehicle-mile,Commute,Texas,Texas
852,E1003,2025-03-02,Employee Commuting,Bus,33.4,passenger-mile,Commute,Illinois,Illinois
3874,E1010,2025-03-02,Employee Commuting,Passenger Car,15.0,vehicle-mile,Commute,Georgia,Georgia
345,E1047,2025-03-02,Employee Commuting,Light-Duty Truck,24.7,vehicle-mile,Commute,Massachusetts,Massachusetts
3758,E1087,2025-03-02,Employee Commuting,Passenger Car,10.9,vehicle-mile,Commute,California,California
3746,E1085,2025-03-02,Employee Commuting,Passenger Car,30.3,vehicle-mile,Commute,California,California
2910,E1015,2025-03-02,Business Travel,Air Travel - Short Haul (< 300 miles),108.3,passenger-mile,Site Visit,Georgia,Texas
1016,E1076,2025-03-03,Employee Commuting,Passenger Car,6.4,vehicle-mile,Commute,Illinois,Illinois
838,E1047,2025-03-03,Employee Commuting,Passenger Car,11.3,vehicle-mile,Commute,California,California
2956,E1008,2025-03-03,Business Travel,Passenger Car,61.2,vehicle-mile,Conference,California,Washington
1373,E1095,2025-03-03,Business Travel,Light-Duty Truck,24.7,vehicle-mile,Client Meeting,California,Florida
1921,E1066,2025-03-03,Employee Commuting,Passenger Car,16.1,vehicle-mile,Commute,California,California
4390,E1078,2025-03-03,Employee Commuting,Passenger Car,38.3,vehicle-mile,Commute,New York,New York
4988,E1078,2025-03-03,Business Travel,Air Travel - Long Haul (>= 2300 miles),2752.3,passenger-mile,Client Meeting,California,Illinois
306,E1027,2025-03-03,Business Travel,"Air Travel - Medium Haul (>= 300 miles, < 2300 miles)",1745.7,passenger-mile,Conference,Texas,Illinois
3491,E1014,2025-03-03,Business Travel,"Air Travel - Medium Haul (>= 300 miles, < 2300 miles)",1417.0,passenger-mile,Site Visit,California,Massachusetts
3041,E1097,2025-03-03,Business Travel,Air Travel - Long Haul (>= 2300 miles),3413.0,passenger-mile,Site Visit,Texas,California
3430,E1023,2025-03-03,Employee Commuting,Passenger Car,29.4,vehicle-mile,Commute,California,California
4635,E1014,2025-03-03,Employee Commuting,Passenger Car,38.0,vehicle-mile,Commute,California,California
1595,E1012,2025-03-03,Employee Commuting,Passenger Car,20.6,vehicle-mile,Commute,New York,New York
2526,E1077,2025-03-03,Employee Commuting,Light-Duty Truck,14.2,vehicle-mile,Commute,Other,Other
121,E1084,2025-03-03,Business Travel,"Air Travel - Medium Haul (>= 300 miles, < 2300 miles)",1036.1,passenger-mile,Client Meeting,Other,Florida
1732,E1048,2025-03-04,Employee Commuting,"Transit Rail (i.e. Subway, Tram)",32.7,passenger-mile,Commute,California,California
4409,E1059,2025-03-04,Employee Commuting,Passenger Car,32.5,vehicle-mile,Commute,California,California
3221,E1064,2025-03-04,Employee Commuting,Passenger Car,17.4,vehicle-mile,Commute,New York,New York
3904,E1044,2025-03-04,Employee Commuting,Passenger Car,28.9,vehicle-mile,Commute,Washington,Washington
1502,E1026,2025-03-04,Employee Commuting,Passenger Car,3.7,vehicle-mile,Commute,California,California
4844,E1090,2025-03-04,Employee Commuting,Commuter Rail,33.3,passenger-mile,Commute,California,California
649,E1049,2025-03-04,Employee Commuting,Passenger Car,38.6,vehicle-mile,Commute,California,California
149,E1071,2025-03-04,Employee Commuting,Light-Duty Truck,34.8,vehicle-mile,Commute,Other,Other
4434,E1021,2025-03-04,Employee Commuting,Commuter Rail,4.1,passenger-mile,Commute,California,California
4985,E1096,2025-03-04,Employee Commuting,Passenger Car,8.4,vehicle-mile,Commute,California,California
3007,E1082,2025-03-04,Employee Commuting,Passenger Car,6.1,vehicle-mile,Commute,Georgia,Georgia
1860,E1077,2025-03-04,Business Travel,Bus,87.8,passenger-mile,Off-site Meeting,California,Illinois
420,E1030,2025-03-04,Business Travel,"Air Travel - Medium Haul (>= 300 miles, < 2300 miles)",1168.9,passenger-mile,Site Visit,Texas,Georgia
1239,E1068,2025-03-04,Employee Commuting,"Transit Rail (i.e. Subway, Tram)",5.2,passenger-mile,Commute,Other,Other
3476,E1093,2025-03-04,Employee Commuting,Passenger Car,14.7,vehicle-mile,Commute,Georgia,Georgia
698,E1046,2025-03-04,Employee Commuting,Passenger Car,9.0,vehicle-mile,Commute,California,California
257,E1069,2025-03-04,Employee Commuting,Passenger Car,25.4,vehicle-mile,Commute,Washington,Washington
3903,E1087,2025-03-04,Employee Commuting,Passenger Car,31.2,vehicle-mile,Commute,Illinois,Illinois
4291,E1072,2025-03-05,Employee Commuting,Passenger Car,33.1,vehicle-mile,Commute,New York,New York
3991,E1002,2025-03-05,Business Travel,"Air Travel - Medium Haul (>= 300 miles, < 2300 miles)",1676.6,passenger-mile,Conference,Washington,Massachusetts
3275,E1061,2025-03-05,Employee Commuting,"Transit Rail (i.e. Subway, Tram)",34.3,passenger-mile,Commute,Texas,Texas
4813,E1032,2025-03-05,Employee Commuting,Passenger Car,24.7,vehicle-mile,Commute,New York,New York
3570,E1089,2025-03-05,Employee Commuting,Passenger Car,37.8,vehicle-mile,Commute,California,California
3286,E1031,2025-03-05,Business Travel,"Air Travel - Medium Haul (>= 300 miles, < 2300 miles)",844.9,passenger-mile,Off-site Meeting,Texas,Colorado
4955,E1016,2025-03-05,Employee Commuting,Light-Duty Truck,25.8,vehicle-mile,Commute,Georgia,Georgia
3587,E1072,2025-03-05,Employee Commuting,Passenger Car,28.0,vehicle-mile,Commute,California,California
2864,E1048,2025-03-05,Employee Commuting,"Transit Rail (i.e. Subway, Tram)",34.9,passenger-mile,Commute,Colorado,Colorado
2961,E1097,2025-03-05,Employee Commuting,Passenger Car,17.3,vehicle-mile,Commute,Colorado,Colorado
2372,E1089,2025-03-05,Employee Commuting,Bus,12.5,passenger-mile,Commute,New York,New York
2348,E1058,2025-03-05,Business Travel,Air Travel - Long Haul (>= 2300 miles),4369.0,passenger-mile,Client Meeting,New York,California
3578,E1022,2025-03-05,Employee Commuting,Passenger Car,35.7,vehicle-mile,Commute,Texas,Texas
2818,E1055,2025-03-06,Business Travel,Air Travel - Short Haul (< 300 miles),279.2,passenger-mile,Site Visit,Florida,Massachusetts
2278,E1093,2025-03-06,Employee Commuting,Bus,29.2,passenger-mile,Commute,Illinois,Illinois
1270,E1027,2025-03-06,Employee Commuting,Passenger Car,22.8,vehicle-mile,Commute,Illinois,Illinois
1001,E1030,2025-03-06,Employee Commuting,Passenger Car,18.6,vehicle-mile,Commute,California,California
307,E1091,2025-03-06,Business Travel,"Air Travel - Medium Haul (>= 300 miles, < 2300 miles)",505.7,passenger-mile,Off-site Meeting,Texas,Illinois
2933,E1091,2025-03-06,Employee Commuting,Passenger Car,27.7,vehicle-mile,Commute,Colorado,Colorado
1604,E1078,2025-03-06,Business Travel,"Air Travel - Medium Haul (>= 300 miles, < 2300 miles)",1102.4,passenger-mile,Client Meeting,Texas,Massachusetts
4406,E1072,2025-03-06,Employee Commuting,Passenger Car,38.4,vehicle-mile,Commute,Colorado,Colorado
4085,E1013,2025-03-06,Business Travel,Light-Duty Truck,67.8,vehicle-mile,Conference,Texas,New York
4040,E1044,2025-03-06,Employee Commuting,Passenger Car,17.8,vehicle-mile,Commute,California,California
1843,E1025,2025-03-06,Employee Commuting,Passenger Car,26.9,vehicle-mile,Commute,New York,New York
542,E1027,2025-03-06,Business Travel,"Air Travel - Medium Haul (>= 300 miles, < 2300 miles)",1088.6,passenger-mile,Client Meeting,Colorado,Texas
4669,E1027,2025-03-06,Employee Commuting,"Transit Rail (i.e. Subway, Tram)",4.9,passenger-mile,Commute,Washington,Washington
1785,E1047,2025-03-06,Employee Commuting,Passenger Car,26.3,vehicle-mile,Commute,Georgia,Georgia
3641,E1046,2025-03-06,Employee Commuting,Passenger Car,36.1,vehicle-mile,Commute,California,California
366,E1027,2025-03-07,Employee Commuting,Commuter Rail,23.6,passenger-mile,Commute,Other,Other
4703,E1055,2025-03-07,Employee Commuting,Passenger Car,35.9,vehicle-mile,Commute,California,California
99,E1057,2025-03-07,Employee Commuting,Passenger Car,32.0,vehicle-mile,Commute,Washington,Washington
4706,E1063,2025-03-07,Employee Commuting,Commuter Rail,9.3,passenger-mile,Commute,Texas,Texas
3882,E1073,2025-03-07,Employee Commuting,Passenger Car,35.1,vehicle-mile,Commute,California,California
1222,E1044,2025-03-07,Business Travel,"Air Travel - Medium Haul (>= 300 miles, < 2300 miles)",498.7,passenger-mile,Conference,Texas,New York
382,E1011,2025-03-07,Employee Commuting,Passenger Car,30.4,vehicle-mile,Commute,Massachusetts,Massachusetts
1518,E1046,2025-03-08,Employee Commuting,Passenger Car,23.2,vehicle-mile,Commute,California,California
2160,E1007,2025-03-08,Employee Commuting,Motorcycle,11.0,vehicle-mile,Commute,Texas,Texas
1719,E1082,2025-03-08,Business Travel,Air Travel - Long Haul (>= 2300 miles),3982.7,passenger-mile,Off-site Meeting,California,Georgia
991,E1027,2025-03-08,Employee Commuting,Passenger Car,6.9,vehicle-mile,Commute,Other,Other
115,E1090,2025-03-08,Employee Commuting,Passenger Car,20.5,vehicle-mile,Commute,New York,New York
1611,E1014,2025-03-08,Employee Commuting,Passenger Car,9.0,vehicle-mile,Commute,Georgia,Georgia
3973,E1034,2025-03-08,Employee Commuting,Passenger Car,38.9,vehicle-mile,Commute,Georgia,Georgia
2252,E1044,2025-03-08,Employee Commuting,Passenger Car,14.1,vehicle-mile,Commute,California,California
2291,E1089,2025-03-08,Business Travel,Air Travel - Short Haul (< 300 miles),283.7,passenger-mile,Conference,New York,Massachusetts
4591,E1047,2025-03-08,Business Travel,Passenger Car,77.6,vehicle-mile,Site Visit,California,Florida
1759,E1084,2025-03-08,Employee Commuting,Bus,8.2,passenger-mile,Commute,New York,New York
4692,E1060,2025-03-08,Employee Commuting,Passenger Car,36.9,vehicle-mile,Commute,Florida,Florida
3407,E1066,2025-03-08,Business Travel,Air Travel - Long Haul (>= 2300 miles),3799.0,passenger-mile,Client Meeting,Georgia,Texas
962,E1011,2025-03-08,Employee Commuting,Passenger Car,29.4,vehicle-mile,Commute,Florida,Florida
3909,E1022,2025-03-08,Employee Commuting,Commuter Rail,15.0,passenger-mile,Commute,Other,Other
2549,E1011,2025-03-08,Employee Commuting,Passenger Car,22.1,vehicle-mile,Commute,Texas,Texas
430,E1059,2025-03-09,Employee Commuting,Passenger Car,15.6,vehicle-mile,Commute,Other,Other
3731,E1069,2025-03-09,Employee Commuting,Commuter Rail,24.5,passenger-mile,Commute,New York,New York
2642,E1100,2025-03-09,Employee Commuting,"Transit Rail (i.e. Subway, Tram)",20.5,passenger-mile,Commute,Florida,Florida
2868,E1034,2025-03-09,Employee Commuting,Bus,6.8,passenger-mile,Commute,California,California
4243,E1068,2025-03-09,Employee Commuting,Passenger Car,9.2,vehicle-mile,Commute,California,California
3305,E1093,2025-03-09,Employee Commuting,Passenger Car,5.5,vehicle-mile,Commute,Texas,Texas
2008,E1074,2025-03-09,Employee Commuting,Passenger Car,39.5,vehicle-mile,Commute,Washington,Washington
298,E1013,2025-03-09,Employee Commuting,Passenger Car,8.0,vehicle-mile,Commute,Texas,Texas
3213,E1033,2025-03-09,Employee Commuting,Bus,33.7,passenger-mile,Commute,New York,New York
3408,E1005,2025-03-09,Business Travel,"Air Travel - Medium Haul (>= 300 miles, < 2300 miles)",312.2,passenger-mile,Off-site Meeting,California,Florida
1569,E1085,2025-03-09,Employee Commuting,Passenger Car,23.3,vehicle-mile,Commute,New York,New York
1944,E1051,2025-03-09,Employee Commuting,Passenger Car,5.2,vehicle-mile,Commute,Other,Other
364,E1099,2025-03-09,Business Travel,Intercity Rail - Northeast Corridor,398.9,passenger-mile,Off-site Meeting,California,Other
2877,E1014,2025-03-09,Employee Commuting,Commuter Rail,23.5,passenger-mile,Commute,California,California
3090,E1044,2025-03-09,Employee Commuting,Commuter Rail,29.2,passenger-mile,Commute,California,California
4927,E1020,2025-03-09,Business Travel,Intercity Rail - Other Routes,323.9,passenger-mile,Conference,California,Washington
2225,E1061,2025-03-09,Employee Commuting,"Transit Rail (i.e. Subway, Tram)",12.3,passenger-mile,Commute,California,California
4075,E1041,2025-03-10,Employee Commuting,"Transit Rail (i.e. Subway, Tram)",19.5,passenger-mile,Commute,Other,Other
4546,E1016,2025-03-10,Employee Commuting,Light-Duty Truck,39.9,vehicle-mile,Commute,California,California
74,E1078,2025-03-10,Employee Commuting,Passenger Car,6.1,vehicle-mile,Commute,Colorado,Colorado
1972,E1039,2025-03-10,Business Travel,Passenger Car,83.8,vehicle-mile,Site Visit,California,Massachusetts
4802,E1069,2025-03-10,Employee Commuting,Passenger Car,33.6,vehicle-mile,Commute,California,California
1014,E1092,2025-03-10,Employee Commuting,Commuter Rail,26.3,passenger-mile,Commute,California,California
3842,E1076,2025-03-10,Employee Commuting,Passenger Car,23.3,vehicle-mile,Commute,California,California
878,E1048,2025-03-10,Employee Commuting,Passenger Car,33.6,vehicle-mile,Commute,Texas,Texas
1459,E1083,2025-03-10,Business Travel,Air Travel - Short Haul (< 300 miles),192.5,passenger-mile,Site Visit,Colorado,Florida
3248,E1032,2025-03-10,Employee Commuting,Passenger Car,22.5,vehicle-mile,Commute,Colorado,Colorado
2859,E1011,2025-03-10,Employee Commuting,Passenger Car,32.3,vehicle-mile,Commute,California,California
1626,E1100,2025-03-10,Business Travel,Air Travel - Short Haul (< 300 miles),212.4,passenger-mile,Client Meeting,Illinois,Florida
2441,E1091,2025-03-10,Employee Commuting,"Transit Rail (i.e. Subway, Tram)",20.5,passenger-mile,Commute,California,California
849,E1044,2025-03-10,Business Travel,"Air Travel - Medium Haul (>= 300 miles, < 2300 miles)",888.3,passenger-mile,Off-site Meeting,Other,Georgia
4451,E1038,2025-03-10,Employee Commuting,Light-Duty Truck,29.3,vehicle-mile,Commute,Colorado,Colorado
347,E1081,2025-03-10,Business Travel,Passenger Car,45.8,vehicle-mile,Off-site Meeting,Other,New York
2993,E1054,2025-03-10,Employee Commuting,Bus,24.7,passenger-mile,Commute,California,California
2177,E1079,2025-03-10,Employee Commuting,Passenger Car,38.9,vehicle-mile,Commute,California,California
4559,E1030,2025-03-10,Employee Commuting,"Transit Rail (i.e. Subway, Tram)",32.9,passenger-mile,Commute,California,California
662,E1052,2025-03-11,Employee Commuting,Light-Duty Truck,17.4,vehicle-mile,Commute,Florida,Florida
704,E1100,2025-03-11,Business Travel,Intercity Rail - Other Routes,177.8,passenger-mile,Off-site Meeting,Georgia,Florida
4474,E1019,2025-03-11,Business Travel,Air Travel - Long Haul (>= 2300 miles),3025.5,passenger-mile,Off-site Meeting,Illinois,Illinois
3443,E1012,2025-03-11,Employee Commuting,Passenger Car,19.9,vehicle-mile,Commute,Texas,Texas
3865,E1044,2025-03-11,Employee Commuting,Motorcycle,39.5,vehicle-mile,Commute,California,California
3680,E1024,2025-03-11,Employee Commuting,Bus,27.9,passenger-mile,Commute,Georgia,Georgia
4766,E1045,2025-03-11,Business Travel,"Air Travel - Medium Haul (>= 300 miles, < 2300 miles)",420.6,passenger-mile,Site Visit,Colorado,Illinois
1126,E1086,2025-03-11,Employee Commuting,Passenger Car,5.8,vehicle-mile,Commute,Florida,Florida
3125,E1053,2025-03-11,Business Travel,"Air Travel - Medium Haul (>= 300 miles, < 2300 miles)",663.6,passenger-mile,Off-site Meeting,Illinois,Illinois
3240,E1035,2025-03-11,Employee Commuting,"Transit Rail (i.e. Subway, Tram)",4.2,passenger-mile,Commute,New York,New York
3955,E1046,2025-03-11,Employee Commuting,Bus,34.4,passenger-mile,Commute,California,California
2990,E1004,2025-03-11,Business Travel,Intercity Rail - Other Routes,630.0,passenger-mile,Client Meeting,Colorado,Washington
3313,E1017,2025-03-11,Employee Commuting,Passenger Car,10.0,vehicle-mile,Commute,California,California
2361,E1028,2025-03-11,Employee Commuting,Light-Duty Truck,5.4,vehicle-mile,Commute,California,California
4868,E1072,2025-03-11,Business Travel,"Air Travel - Medium Haul (>= 300 miles, < 2300 miles)",564.8,passenger-mile,Client Meeting,Other,Massachusetts
2070,E1004,2025-03-11,Employee Commuting,Passenger Car,29.5,vehicle-mile,Commute,Washington,Washington
2978,E1079,2025-03-12,Employee Commuting,Passenger Car,38.5,vehicle-mile,Commute,Other,Other
851,E1079,2025-03-12,Employee Commuting,Passenger Car,22.7,vehicle-mile,Commute,Washington,Washington
3147,E1025,2025-03-12,Employee Commuting,Passenger Car,9.2,vehicle-mile,Commute,Texas,Texas
4904,E1091,2025-03-12,Business Travel,"Air Travel - Medium Haul (>= 300 miles, < 2300 miles)",1021.2,passenger-mile,Off-site Meeting,California,Texas
834,E1023,2025-03-12,Employee Commuting,Passenger Car,4.4,vehicle-mile,Commute,Colorado,Colorado
618,E1012,2025-03-12,Business Travel,Air Travel - Long Haul (>= 2300 miles),3514.1,passenger-mile,Off-site Meeting,Illinois,Texas
2578,E1076,2025-03-12,Employee Commuting,Passenger Car,7.9,vehicle-mile,Commute,Colorado,Colorado
2517,E1088,2025-03-12,Business Travel,Bus,39.6,passenger-mile,Client Meeting,Washington,Texas
3666,E1046,2025-03-12,Employee Commuting,Passenger Car,9.4,vehicle-mile,Commute,California,California
2012,E1067,2025-03-12,Business Travel,Air Travel - Short Haul (< 300 miles),136.3,passenger-mile,Conference,California,California
3671,E1077,2025-03-12,Business Travel,"Transit Rail (i.e. Subway, Tram)",72.7,passenger-mile,Site Visit,Texas,Washington
3940,E1010,2025-03-12,Employee Commuting,Passenger Car,28.2,vehicle-mile,Commute,Texas,Texas
2019,E1066,2025-03-12,Employee Commuting,Commuter Rail,26.2,passenger-mile,Commute,Massachusetts,Massachusetts
1406,E1052,2025-03-12,Employee Commuting,Passenger Car,31.7,vehicle-mile,Commute,Florida,Florida
1528,E1011,2025-03-12,Business Travel,Intercity Rail - Other Routes,784.2,passenger-mile,Site Visit,California,Georgia
3834,E1039,2025-03-13,Business Travel,Air Travel - Short Haul (< 300 miles),105.8,passenger-mile,Client Meeting,California,Washington
1622,E1083,2025-03-13,Employee Commuting,Passenger Car,13.7,vehicle-mile,Commute,California,California
3065,E1024,2025-03-13,Employee Commuting,Passenger Car,6.7,vehicle-mile,Commute,Other,Other
2101,E1073,2025-03-13,Employee Commuting,Passenger Car,8.2,vehicle-mile,Commute,Other,Other
645,E1075,2025-03-13,Employee Commuting,Passenger Car,29.8,vehicle-mile,Commute,Texas,Texas
4941,E1010,2025-03-13,Business Travel,Intercity Rail - Northeast Corridor,380.2,passenger-mile,Client Meeting,Other,Georgia
4741,E1098,2025-03-13,Employee Commuting,"Transit Rail (i.e. Subway, Tram)",27.0,passenger-mile,Commute,California,California
3346,E1042,2025-03-13,Employee Commuting,Passenger Car,27.3,vehicle-mile,Commute,California,California
4661,E1089,2025-03-13,Employee Commuting,Bus,35.8,passenger-mile,Commute,New York,New York
1320,E1047,2025-03-13,Employee Commuting,Passenger Car,4.4,vehicle-mile,Commute,California,California
2630,E1075,2025-03-13,Business Travel,Motorcycle,78.1,vehicle-mile,Off-site Meeting,New York,Illinois
2259,E1093,2025-03-14,Employee Commuting,Light-Duty Truck,29.4,vehicle-mile,Commute,California,California
173,E1062,2025-03-14,Employee Commuting,Light-Duty Truck,20.5,vehicle-mile,Commute,Other,Other
4917,E1011,2025-03-14,Employee Commuting,Motorcycle,38.1,vehicle-mile,Commute,Massachusetts,Massachusetts
281,E1032,2025-03-14,Employee Commuting,Passenger Car,36.1,vehicle-mile,Commute,California,California
189,E1068,2025-03-14,Employee Commuting,Passenger Car,36.7,vehicle-mile,Commute,Colorado,Colorado
801,E1042,2025-03-14,Employee Commuting,Motorcycle,11.8,vehicle-mile,Commute,Massachusetts,Massachusetts
3769,E1054,2025-03-14,Business Travel,Air Travel - Long Haul (>= 2300 miles),2840.7,passenger-mile,Site Visit,Colorado,Massachusetts
990,E1007,2025-03-14,Employee Commuting,Motorcycle,14.3,vehicle-mile,Commute,Colorado,Colorado
2227,E1086,2025-03-14,Employee Commuting,"Transit Rail (i.e. Subway, Tram)",29.7,passenger-mile,Commute,Florida,Florida
2561,E1093,2025-03-14,Employee Commuting,Passenger Car,34.8,vehicle-mile,Commute,California,California
4981,E1004,2025-03-14,Employee Commuting,Bus,8.6,passenger-mile,Commute,California,California
717,E1027,2025-03-14,Employee Commuting,Passenger Car,37.4,vehicle-mile,Commute,Florida,Florida
4761,E1081,2025-03-15,Business Travel,Air Travel - Short Haul (< 300 miles),224.3,passenger-mile,Site Visit,Colorado,New York
2980,E1078,2025-03-15,Employee Commuting,Motorcycle,24.6,vehicle-mile,Commute,California,California
4063,E1074,2025-03-15,Business Travel,"Air Travel - Medium Haul (>= 300 miles, < 2300 miles)",399.4,passenger-mile,Off-site Meeting,New York,Texas
455,E1019,2025-03-15,Employee Commuting,"Transit Rail (i.e. Subway, Tram)",21.6,passenger-mile,Commute,Washington,Washington
2253,E1028,2025-03-15,Employee Commuting,Passenger Car,13.0,vehicle-mile,Commute,Other,Other
1832,E1018,2025-03-15,Employee Commuting,"Transit Rail (i.e. Subway, Tram)",15.1,passenger-mile,Commute,Washington,Washington
3271,E1076,2025-03-15,Employee Commuting,Passenger Car,39.1,vehicle-mile,Commute,Florida,Florida
1880,E1079,2025-03-15,Employee Commuting,Passenger Car,21.8,vehicle-mile,Commute,California,California
949,E1005,2025-03-15,Employee Commuting,Commuter Rail,22.0,passenger-mile,Commute,Colorado,Colorado
952,E1015,2025-03-15,Business Travel,Air Travel - Short Haul (< 300 miles),286.6,passenger-mile,Off-site Meeting,California,Florida
857,E1089,2025-03-15,Employee Commuting,Motorcycle,14.7,vehicle-mile,Commute,Colorado,Colorado
2174,E1100,2025-03-15,Employee Commuting,Motorcycle,37.8,vehicle-mile,Commute,Other,Other
4668,E1052,2025-03-16,Business Travel,Air Travel - Long Haul (>= 2300 miles),2414.3,passenger-mile,Client Meeting,Colorado,California
3923,E1064,2025-03-16,Business Travel,Intercity Rail - Northeast Corridor,233.2,passenger-mile,Off-site Meeting,Florida,Georgia
607,E1075,2025-03-16,Business Travel,Commuter Rail,43.6,passenger-mile,Conference,Other,Illinois
997,E1065,2025-03-16,Employee Commuting,Passenger Car,18.0,vehicle-mile,Commute,Florida,Florida
4923,E1066,2025-03-16,Employee Commuting,"Transit Rail (i.e. Subway, Tram)",24.7,passenger-mile,Commute,Illinois,Illinois
3914,E1044,2025-03-16,Employee Commuting,Passenger Car,7.2,vehicle-mile,Commute,Colorado,Colorado
2089,E1086,2025-03-16,Employee Commuting,Passenger Car,34.7,vehicle-mile,Commute,California,California
2619,E1021,2025-03-16,Employee Commuting,Passenger Car,12.2,vehicle-mile,Commute,California,California
166,E1085,2025-03-17,Employee Commuting,Passenger Car,18.0,vehicle-mile,Commute,Illinois,Illinois
2266,E1056,2025-03-17,Employee Commuting,Light-Duty Truck,15.1,vehicle-mile,Commute,Illinois,Illinois
3518,E1022,2025-03-17,Business Travel,Intercity Rail - National Average,130.5,passenger-mile,Off-site Meeting,California,Washington
1557,E1009,2025-03-17,Employee Commuting,Bus,22.5,passenger-mile,Commute,New York,New York
915,E1093,2025-03-17,Employee Commuting,Commuter Rail,11.4,passenger-mile,Commute,Washington,Washington
341,E1060,2025-03-17,Employee Commuting,Passenger Car,28.7,vehicle-mile,Commute,California,California
565,E1035,2025-03-17,Employee Commuting,"Transit Rail (i.e. Subway, Tram)",35.7,passenger-mile,Commute,California,California
1949,E1021,2025-03-17,Employee Commuting,Commuter Rail,33.9,passenger-mile,Commute,Washington,Washington
3594,E1016,2025-03-17,Employee Commuting,Passenger Car,30.8,vehicle-mile,Commute,Massachusetts,Massachusetts
3451,E1026,2025-03-17,Employee Commuting,Light-Duty Truck,20.6,vehicle-mile,Commute,Texas,Texas
4489,E1061,2025-03-17,Business Travel,Air Travel - Long Haul (>= 2300 miles),3510.3,passenger-mile,Off-site Meeting,New York,Texas
3035,E1027,2025-03-17,Business Travel,"Air Travel - Medium Haul (>= 300 miles, < 2300 miles)",869.5,passenger-mile,Client Meeting,California,Massachusetts
398,E1096,2025-03-17,Employee Commuting,Passenger Car,14.7,vehicle-mile,Commute,Washington,Washington
3437,E1078,2025-03-17,Business Travel,"Air Travel - Medium Haul (>= 300 miles, < 2300 miles)",800.0,passenger-mile,Off-site Meeting,Florida,Colorado
2350,E1066,2025-03-17,Employee Commuting,Passenger Car,35.9,vehicle-mile,Commute,California,California
58,E1061,2025-03-17,Employee Commuting,Light-Duty Truck,18.5,vehicle-mile,Commute,Florida,Florida
1045,E1100,2025-03-17,Employee Commuting,Motorcycle,15.6,vehicle-mile,Commute,California,California
1227,E1075,2025-03-17,Business Travel,Commuter Rail,41.1,passenger-mile,Client Meeting,Massachusetts,Colorado
865,E1092,2025-03-17,Business Travel,Intercity Rail - Northeast Corridor,413.8,passenger-mile,Client Meeting,Washington,California
2949,E1046,2025-03-17,Employee Commuting,Passenger Car,34.7,vehicle-mile,Commute,Washington,Washington
1486,E1091,2025-03-17,Employee Commuting,Passenger Car,11.6,vehicle-mile,Commute,Florida,Florida
223,E1089,2025-03-17,Business Travel,Passenger Car,76.2,vehicle-mile,Conference,Massachusetts,Georgia
3002,E1062,2025-03-18,Employee Commuting,Passenger Car,22.4,vehicle-mile,Commute,Colorado,Colorado
4394,E1067,2025-03-18,Business Travel,Intercity Rail - Other Routes,245.7,passenger-mile,Conference,California,New York
3637,E1028,2025-03-18,Employee Commuting,Passenger Car,9.5,vehicle-mile,Commute,Texas,Texas
269,E1028,2025-03-18,Employee Commuting,Light-Duty Truck,29.5,vehicle-mile,Commute,New York,New York
2677,E1081,2025-03-18,Employee Commuting,Passenger Car,24.6,vehicle-mile,Commute,Texas,Texas
1180,E1082,2025-03-18,Employee Commuting,Passenger Car,27.6,vehicle-mile,Commute,California,California
225,E1040,2025-03-18,Employee Commuting,Passenger Car,6.3,vehicle-mile,Commute,California,California
2503,E1036,2025-03-18,Employee Commuting,Passenger Car,33.9,vehicle-mile,Commute,Colorado,Colorado
1215,E1077,2025-03-18,Employee Commuting,Passenger Car,19.5,vehicle-mile,Commute,New York,New York
429,E1035,2025-03-18,Employee Commuting,"Transit Rail (i.e. Subway, Tram)",39.4,passenger-mile,Commute,Georgia,Georgia
1350,E1047,2025-03-18,Employee Commuting,Passenger Car,6.4,vehicle-mile,Commute,California,California
2945,E1056,2025-03-18,Employee Commuting,"Transit Rail (i.e. Subway, Tram)",11.0,passenger-mile,Commute,California,California
2139,E1052,2025-03-18,Business Travel,Intercity Rail - Northeast Corridor,426.5,passenger-mile,Conference,California,California
1093,E1009,2025-03-19,Employee Commuting,Passenger Car,32.5,vehicle-mile,Commute,Florida,Florida
3448,E1087,2025-03-19,Business Travel,Passenger Car,81.7,vehicle-mile,Conference,Colorado,Texas
671,E1047,2025-03-19,Employee Commuting,Passenger Car,33.9,vehicle-mile,Commute,California,California
3128,E1006,2025-03-19,Employee Commuting,Light-Duty Truck,24.4,vehicle-mile,Commute,California,California
3520,E1072,2025-03-19,Business Travel,Passenger Car,78.4,vehicle-mile,Off-site Meeting,California,Texas
3227,E1064,2025-03-19,Employee Commuting,Commuter Rail,29.5,passenger-mile,Commute,California,California
1905,E1089,2025-03-19,Employee Commuting,"Transit Rail (i.e. Subway, Tram)",10.3,passenger-mile,Commute,Colorado,Colorado
2366,E1066,2025-03-19,Employee Commuting,Passenger Car,25.8,vehicle-mile,Commute,Massachusetts,Massachusetts
4400,E1099,2025-03-19,Business Travel,Bus,31.0,passenger-mile,Conference,Georgia,Washington
3870,E1084,2025-03-20,Employee Commuting,"Transit Rail (i.e. Subway, Tram)",20.2,passenger-mile,Commute,Washington,Washington
2332,E1090,2025-03-20,Business Travel,"Air Travel - Medium Haul (>= 300 miles, < 2300 miles)",1618.6,passenger-mile,Site Visit,Texas,Massachusetts
2940,E1055,2025-03-20,Employee Commuting,Commuter Rail,10.4,passenger-mile,Commute,California,California
798,E1016,2025-03-20,Employee Commuting,Motorcycle,27.5,vehicle-mile,Commute,California,California
4004,E1051,2025-03-20,Employee Commuting,Passenger Car,32.7,vehicle-mile,Commute,New York,New York
2378,E1046,2025-03-20,Employee Commuting,Passenger Car,33.0,vehicle-mile,Commute,California,California
3318,E1028,2025-03-20,Business Travel,"Air Travel - Medium Haul (>= 300 miles, < 2300 miles)",834.3,passenger-mile,Conference,Texas,Texas
3750,E1086,2025-03-20,Business Travel,"Air Travel - Medium Haul (>= 300 miles, < 2300 miles)",1604.2,passenger-mile,Site Visit,California,Florida
4118,E1077,2025-03-20,Business Travel,Air Travel - Short Haul (< 300 miles),263.3,passenger-mile,Conference,California,Georgia
3087,E1012,2025-03-20,Employee Commuting,Commuter Rail,38.9,passenger-mile,Commute,Texas,Texas
3876,E1097,2025-03-21,Employee Commuting,Passenger Car,35.5,vehicle-mile,Commute,Other,Other
2334,E1078,2025-03-21,Employee Commuting,Bus,29.9,passenger-mile,Commute,California,California
4391,E1096,2025-03-21,Employee Commuting,Passenger Car,3.8,vehicle-mile,Commute,New York,New York
1733,E1048,2025-03-21,Business Travel,Passenger Car,81.2,vehicle-mile,Conference,California,Texas
244,E1045,2025-03-21,Employee Commuting,"Transit Rail (i.e. Subway, Tram)",19.4,passenger-mile,Commute,California,California
2062,E1023,2025-03-21,Employee Commuting,Passenger Car,19.0,vehicle-mile,Commute,California,California
1464,E1029,2025-03-21,Employee Commuting,"Transit Rail (i.e. Subway, Tram)",7.9,passenger-mile,Commute,California,California
4138,E1057,2025-03-21,Employee Commuting,Light-Duty Truck,26.4,vehicle-mile,Commute,Texas,Texas
2983,E1051,2025-03-21,Business Travel,Intercity Rail - Northeast Corridor,431.7,passenger-mile,Site Visit,California,Georgia
3980,E1094,2025-03-21,Employee Commuting,Passenger Car,32.6,vehicle-mile,Commute,New York,New York
3453,E1015,2025-03-21,Employee Commuting,Motorcycle,22.9,vehicle-mile,Commute,California,California
84,E1033,2025-03-21,Business Travel,Passenger Car,57.8,vehicle-mile,Site Visit,California,Colorado
3918,E1060,2025-03-21,Employee Commuting,Passenger Car,31.3,vehicle-mile,Commute,California,California
2750,E1072,2025-03-21,Employee Commuting,"Transit Rail (i.e. Subway, Tram)",22.1,passenger-mile,Commute,Colorado,Colorado
1479,E1044,2025-03-21,Employee Commuting,"Transit Rail (i.e. Subway, Tram)",7.3,passenger-mile,Commute,Colorado,Colorado
3828,E1061,2025-03-21,Employee Commuting,Passenger Car,29.9,vehicle-mile,Commute,Washington,Washington
1285,E1031,2025-03-21,Business Travel,Air Travel - Long Haul (>= 2300 miles),2477.6,passenger-mile,Client Meeting,California,Colorado
1063,E1088,2025-03-21,Employee Commuting,Passenger Car,20.0,vehicle-mile,Commute,Other,Other
2447,E1018,2025-03-21,Employee Commuting,Passenger Car,22.7,vehicle-mile,Commute,Other,Other
13,E1009,2025-03-22,Employee Commuting,Passenger Car,33.2,vehicle-mile,Commute,Florida,Florida
4835,E1039,2025-03-22,Employee Commuting,Passenger Car,11.1,vehicle-mile,Commute,Texas,Texas
3245,E1009,2025-03-22,Business Travel,"Air Travel - Medium Haul (>= 300 miles, < 2300 miles)",846.5,passenger-mile,Conference,Texas,Washington
4609,E1062,2025-03-22,Business Travel,Bus,81.4,passenger-mile,Site Visit,Washington,Colorado
1581,E1026,2025-03-22,Business Travel,Air Travel - Short Haul (< 300 miles),178.0,passenger-mile,Client Meeting,Texas,Florida
1631,E1052,2025-03-22,Business Travel,"Air Travel - Medium Haul (>= 300 miles, < 2300 miles)",993.5,passenger-mile,Conference,California,Florida
2141,E1008,2025-03-22,Employee Commuting,Light-Duty Truck,39.1,vehicle-mile,Commute,New York,New York
3290,E1080,2025-03-22,Business Travel,Air Travel - Short Haul (< 300 miles),165.4,passenger-mile,Site Visit,Washington,Washington
4589,E1078,2025-03-22,Employee Commuting,"Transit Rail (i.e. Subway, Tram)",28.1,passenger-mile,Commute,California,California
2622,E1064,2025-03-22,Employee Commuting,Passenger Car,39.9,vehicle-mile,Commute,California,California
4785,E1065,2025-03-22,Employee Commuting,Light-Duty Truck,17.2,vehicle-mile,Commute,California,California
4659,E1016,2025-03-23,Business Travel,Passenger Car,19.6,vehicle-mile,Conference,Georgia,New York
4719,E1004,2025-03-23,Employee Commuting,Motorcycle,27.2,vehicle-mile,Commute,California,California
2210,E1003,2025-03-23,Business Travel,"Air Travel - Medium Haul (>= 300 miles, < 2300 miles)",886.3,passenger-mile,Conference,Other,Other
2854,E1045,2025-03-23,Employee Commuting,Passenger Car,6.6,vehicle-mile,Commute,California,California
1165,E1092,2025-03-23,Employee Commuting,"Transit Rail (i.e. Subway, Tram)",6.3,passenger-mile,Commute,Georgia,Georgia
4281,E1021,2025-03-23,Business Travel,"Air Travel - Medium Haul (>= 300 miles, < 2300 miles)",746.9,passenger-mile,Site Visit,Texas,Other
3454,E1052,2025-03-23,Business Travel,Intercity Rail - Other Routes,578.3,passenger-mile,Off-site Meeting,Other,Florida
4449,E1075,2025-03-23,Employee Commuting,Commuter Rail,11.9,passenger-mile,Commute,California,California
1994,E1012,2025-03-23,Employee Commuting,"Transit Rail (i.e. Subway, Tram)",29.2,passenger-mile,Commute,California,California
259,E1098,2025-03-23,Employee Commuting,Light-Duty Truck,32.9,vehicle-mile,Commute,Texas,Texas
3534,E1055,2025-03-23,Business Travel,"Air Travel - Medium Haul (>= 300 miles, < 2300 miles)",1332.1,passenger-mile,Conference,Georgia,Washington
4578,E1067,2025-03-23,Employee Commuting,Passenger Car,15.2,vehicle-mile,Commute,Texas,Texas
4846,E1026,2025-03-23,Employee Commuting,Light-Duty Truck,8.5,vehicle-mile,Commute,California,California
944,E1018,2025-03-23,Employee Commuting,Motorcycle,27.2,vehicle-mile,Commute,Massachusetts,Massachusetts
1168,E1020,2025-03-23,Employee Commuting,Passenger Car,37.5,vehicle-mile,Commute,Illinois,Illinois
2797,E1012,2025-03-23,Employee Commuting,Passenger Car,12.5,vehicle-mile,Commute,New York,New York
441,E1064,2025-03-23,Employee Commuting,"Transit Rail (i.e. Subway, Tram)",39.3,passenger-mile,Commute,New York,New York
3764,E1020,2025-03-23,Employee Commuting,Light-Duty Truck,27.5,vehicle-mile,Commute,California,California
4810,E1065,2025-03-23,Employee Commuting,Passenger Car,15.5,vehicle-mile,Commute,California,California
2445,E1038,2025-03-23,Business Travel,Intercity Rail - National Average,634.4,passenger-mile,Site Visit,California,Georgia
412,E1047,2025-03-23,Employee Commuting,Light-Duty Truck,32.6,vehicle-mile,Commute,Georgia,Georgia
310,E1055,2025-03-23,Employee Commuting,"Transit Rail (i.e. Subway, Tram)",12.0,passenger-mile,Commute,California,California
3472,E1064,2025-03-24,Business Travel,Light-Duty Truck,52.2,vehicle-mile,Site Visit,Texas,Texas
4644,E1097,2025-03-24,Business Travel,"Air Travel - Medium Haul (>= 300 miles, < 2300 miles)",1668.3,passenger-mile,Conference,Colorado,Texas
2204,E1054,2025-03-24,Employee Commuting,Commuter Rail,13.9,passenger-mile,Commute,Washington,Washington
4939,E1052,2025-03-24,Employee Commuting,Passenger Car,33.4,vehicle-mile,Commute,Massachusetts,Massachusetts
4572,E1033,2025-03-24,Business Travel,"Air Travel - Medium Haul (>= 300 miles, < 2300 miles)",1227.9,passenger-mile,Client Meeting,Washington,Washington
3124,E1037,2025-03-24,Employee Commuting,Light-Duty Truck,18.9,vehicle-mile,Commute,Florida,Florida
95,E1095,2025-03-24,Business Travel,"Air Travel - Medium Haul (>= 300 miles, < 2300 miles)",1717.1,passenger-mile,Client Meeting,Florida,Other
3702,E1068,2025-03-24,Employee Commuting,"Transit Rail (i.e. Subway, Tram)",19.9,passenger-mile,Commute,Texas,Texas
2905,E1010,2025-03-24,Employee Commuting,Light-Duty Truck,17.2,vehicle-mile,Commute,Texas,Texas
2887,E1022,2025-03-25,Employee Commuting,Passenger Car,17.6,vehicle-mile,Commute,Colorado,Colorado
540,E1091,2025-03-25,Business Travel,Intercity Rail - Other Routes,587.1,passenger-mile,Conference,California,New York
2874,E1002,2025-03-25,Business Travel,"Transit Rail (i.e. Subway, Tram)",15.1,passenger-mile,Off-site Meeting,Texas,Colorado
1872,E1081,2025-03-25,Employee Commuting,Commuter Rail,35.4,passenger-mile,Commute,California,California
4655,E1008,2025-03-25,Business Travel,Passenger Car,48.4,vehicle-mile,Conference,Florida,Washington
2711,E1016,2025-03-25,Business Travel,"Air Travel - Medium Haul (>= 300 miles, < 2300 miles)",1593.5,passenger-mile,Conference,New York,Florida
4441,E1043,2025-03-25,Business Travel,"Transit Rail (i.e. Subway, Tram)",62.2,passenger-mile,Site Visit,Illinois,Massachusetts
3070,E1053,2025-03-25,Employee Commuting,Commuter Rail,25.8,passenger-mile,Commute,Washington,Washington
213,E1015,2025-03-25,Employee Commuting,Passenger Car,6.0,vehicle-mile,Commute,Illinois,Illinois
3299,E1016,2025-03-25,Business Travel,Passenger Car,96.9,vehicle-mile,Site Visit,Texas,Other
513,E1060,2025-03-26,Employee Commuting,Bus,11.4,passenger-mile,Commute,New York,New York
1116,E1073,2025-03-26,Employee Commuting,Motorcycle,22.5,vehicle-mile,Commute,California,California
693,E1078,2025-03-26,Employee Commuting,Passenger Car,11.7,vehicle-mile,Commute,California,California
4944,E1028,2025-03-26,Employee Commuting,Commuter Rail,15.9,passenger-mile,Commute,Georgia,Georgia
3394,E1031,2025-03-26,Employee Commuting,Light-Duty Truck,38.2,vehicle-mile,Commute,California,California
2536,E1049,2025-03-26,Employee Commuting,Bus,16.8,passenger-mile,Commute,California,California
4062,E1064,2025-03-26,Employee Commuting,Passenger Car,18.8,vehicle-mile,Commute,Texas,Texas
2514,E1048,2025-03-26,Employee Commuting,Light-Duty Truck,22.9,vehicle-mile,Commute,Massachusetts,Massachusetts
1046,E1076,2025-03-26,Employee Commuting,Bus,8.5,passenger-mile,Commute,California,California
4499,E1095,2025-03-26,Employee Commuting,Passenger Car,18.4,vehicle-mile,Commute,New York,New York
3771,E1094,2025-03-26,Employee Commuting,Passenger Car,37.2,vehicle-mile,Commute,Florida,Florida
2806,E1061,2025-03-26,Employee Commuting,Passenger Car,39.3,vehicle-mile,Commute,Washington,Washington
1795,E1084,2025-03-26,Employee Commuting,"Transit Rail (i.e. Subway, Tram)",37.5,passenger-mile,Commute,Florida,Florida
3415,E1051,2025-03-26,Employee Commuting,"Transit Rail (i.e. Subway, Tram)",29.2,passenger-mile,Commute,Washington,Washington
4210,E1009,2025-03-26,Employee Commuting,Bus,18.8,passenger-mile,Commute,California,California
1786,E1100,2025-03-26,Employee Commuting,Passenger Car,30.5,vehicle-mile,Commute,Colorado,Colorado
263,E1099,2025-03-26,Employee Commuting,Commuter Rail,21.5,passenger-mile,Commute,California,California
4136,E1088,2025-03-27,Employee Commuting,Passenger Car,13.9,vehicle-mile,Commute,California,California
1700,E1086,2025-03-27,Business Travel,"Air Travel - Medium Haul (>= 300 miles, < 2300 miles)",1132.4,passenger-mile,Site Visit,Other,Texas
3022,E1052,2025-03-27,Business Travel,"Air Travel - Medium Haul (>= 300 miles, < 2300 miles)",544.3,passenger-mile,Site Visit,California,New York
4456,E1043,2025-03-27,Employee Commuting,Passenger Car,33.9,vehicle-mile,Commute,New York,New York
497,E1043,2025-03-27,Employee Commuting,Light-Duty Truck,31.6,vehicle-mile,Commute,Colorado,Colorado
1411,E1063,2025-03-27,Business Travel,"Transit Rail (i.e. Subway, Tram)",26.5,passenger-mile,Conference,Colorado,Colorado
2213,E1017,2025-03-27,Business Travel,"Air Travel - Medium Haul (>= 300 miles, < 2300 miles)",561.3,passenger-mile,Off-site Meeting,Georgia,Massachusetts
114,E1015,2025-03-27,Business Travel,Intercity Rail - Northeast Corridor,178.8,passenger-mile,Off-site Meeting,California,Illinois
1071,E1026,2025-03-27,Employee Commuting,Passenger Car,30.0,vehicle-mile,Commute,New York,New York
2640,E1019,2025-03-27,Employee Commuting,Passenger Car,26.7,vehicle-mile,Commute,New York,New York
1523,E1067,2025-03-27,Business Travel,Bus,93.2,passenger-mile,Client Meeting,California,Other
4492,E1029,2025-03-27,Employee Commuting,Passenger Car,37.9,vehicle-mile,Commute,Washington,Washington
622,E1028,2025-03-27,Employee Commuting,Passenger Car,10.8,vehicle-mile,Commute,Texas,Texas
3003,E1003,2025-03-28,Employee Commuting,Passenger Car,22.7,vehicle-mile,Commute,Other,Other
2829,E1056,2025-03-28,Employee Commuting,Passenger Car,37.4,vehicle-mile,Commute,Texas,Texas
1311,E1088,2025-03-28,Business Travel,Air Travel - Short Haul (< 300 miles),110.8,passenger-mile,Conference,California,California
2457,E1091,2025-03-28,Employee Commuting,Passenger Car,3.8,vehicle-mile,Commute,Washington,Washington
1756,E1008,2025-03-28,Employee Commuting,Passenger Car,29.0,vehicle-mile,Commute,Washington,Washington
1043,E1048,2025-03-28,Employee Commuting,Passenger Car,16.6,vehicle-mile,Commute,California,California
3155,E1073,2025-03-28,Employee Commuting,Bus,5.8,passenger-mile,Commute,Florida,Florida
1101,E1069,2025-03-28,Employee Commuting,Passenger Car,14.2,vehicle-mile,Commute,California,California
4205,E1047,2025-03-28,Employee Commuting,"Transit Rail (i.e. Subway, Tram)",3.6,passenger-mile,Commute,California,California
992,E1006,2025-03-28,Employee Commuting,Commuter Rail,29.0,passenger-mile,Commute,Washington,Washington
725,E1078,2025-03-28,Employee Commuting,Motorcycle,36.4,vehicle-mile,Commute,Texas,Texas
4882,E1076,2025-03-28,Business Travel,"Transit Rail (i.e. Subway, Tram)",61.3,passenger-mile,Conference,Other,Colorado
4840,E1037,2025-03-28,Employee Commuting,Passenger Car,24.3,vehicle-mile,Commute,California,California
2633,E1028,2025-03-28,Employee Commuting,Bus,19.3,passenger-mile,Commute,Massachusetts,Massachusetts
1414,E1087,2025-03-28,Employee Commuting,Commuter Rail,28.4,passenger-mile,Commute,Texas,Texas
4684,E1065,2025-03-28,Business Travel,Air Travel - Short Haul (< 300 miles),273.3,passenger-mile,Off-site Meeting,Florida,California
3564,E1015,2025-03-28,Business Travel,"Air Travel - Medium Haul (>= 300 miles, < 2300 miles)",851.9,passenger-mile,Off-site Meeting,California,Florida
2036,E1089,2025-03-28,Employee Commuting,Bus,14.4,passenger-mile,Commute,Texas,Texas
2645,E1033,2025-03-28,Employee Commuting,Bus,37.5,passenger-mile,Commute,Washington,Washington
2596,E1030,2025-03-28,Business Travel,Intercity Rail - Other Routes,373.2,passenger-mile,Off-site Meeting,California,Other
2668,E1022,2025-03-28,Business Travel,"Air Travel - Medium Haul (>= 300 miles, < 2300 miles)",1669.3,passenger-mile,Site Visit,Illinois,Washington
2427,E1081,2025-03-29,Employee Commuting,Passenger Car,6.8,vehicle-mile,Commute,Colorado,Colorado
520,E1021,2025-03-29,Business Travel,"Air Travel - Medium Haul (>= 300 miles, < 2300 miles)",853.9,passenger-mile,Off-site Meeting,New York,Georgia
2468,E1060,2025-03-29,Employee Commuting,Commuter Rail,35.6,passenger-mile,Commute,New York,New York
1282,E1020,2025-03-29,Business Travel,Passenger Car,16.4,vehicle-mile,Conference,California,Massachusetts
329,E1029,2025-03-29,Employee Commuting,Bus,21.1,passenger-mile,Commute,Colorado,Colorado
1678,E1067,2025-03-29,Employee Commuting,Bus,32.8,passenger-mile,Commute,California,California
1495,E1084,2025-03-29,Employee Commuting,"Transit Rail (i.e. Subway, Tram)",7.7,passenger-mile,Commute,Florida,Florida
2085,E1033,2025-03-29,Employee Commuting,Light-Duty Truck,25.2,vehicle-mile,Commute,Other,Other
901,E1028,2025-03-29,Business Travel,"Air Travel - Medium Haul (>= 300 miles, < 2300 miles)",1324.7,passenger-mile,Off-site Meeting,New York,Other
4537,E1091,2025-03-29,Employee Commuting,Passenger Car,21.6,vehicle-mile,Commute,California,California
4645,E1061,2025-03-29,Business Travel,"Air Travel - Medium Haul (>= 300 miles, < 2300 miles)",664.5,passenger-mile,Conference,Other,Other
558,E1057,2025-03-29,Employee Commuting,Passenger Car,20.4,vehicle-mile,Commute,California,California
2098,E1069,2025-03-29,Employee Commuting,Passenger Car,23.3,vehicle-mile,Commute,Massachusetts,Massachusetts
2418,E1024,2025-03-30,Employee Commuting,Passenger Car,11.2,vehicle-mile,Commute,Texas,Texas
1568,E1064,2025-03-30,Business Travel,Intercity Rail - Other Routes,546.8,passenger-mile,Off-site Meeting,Washington,Other
2338,E1057,2025-03-30,Employee Commuting,Motorcycle,15.5,vehicle-mile,Commute,Georgia,Georgia
3029,E1071,2025-03-30,Employee Commuting,Passenger Car,31.9,vehicle-mile,Commute,New York,New York
1319,E1097,2025-03-30,Business Travel,Bus,13.0,passenger-mile,Site Visit,California,New York
4536,E1046,2025-03-30,Business Travel,Air Travel - Long Haul (>= 2300 miles),3604.8,passenger-mile,Off-site Meeting,Colorado,Florida
4389,E1096,2025-03-30,Business Travel,Air Travel - Short Haul (< 300 miles),155.5,passenger-mile,Client Meeting,California,Texas
2923,E1054,2025-03-30,Employee Commuting,Passenger Car,33.4,vehicle-mile,Commute,Illinois,Illinois
6,E1064,2025-03-30,Business Travel,"Air Travel - Medium Haul (>= 300 miles, < 2300 miles)",397.6,passenger-mile,Client Meeting,Texas,Washington
2941,E1018,2025-03-30,Business Travel,Intercity Rail - Northeast Corridor,413.6,passenger-mile,Site Visit,Texas,Illinois
4936,E1058,2025-03-30,Employee Commuting,Passenger Car,18.9,vehicle-mile,Commute,California,California
803,E1085,2025-03-30,Employee Commuting,Commuter Rail,31.3,passenger-mile,Commute,Other,Other
130,E1083,2025-03-30,Employee Commuting,Passenger Car,35.5,vehicle-mile,Commute,Colorado,Colorado
4481,E1001,2025-03-30,Employee Commuting,Bus,36.6,passenger-mile,Commute,California,California
1260,E1002,2025-03-30,Employee Commuting,Light-Duty Truck,23.7,vehicle-mile,Commute,Texas,Texas
3057,E1087,2025-03-30,Employee Commuting,Passenger Car,21.4,vehicle-mile,Commute,Texas,Texas
178,E1008,2025-03-30,Business Travel,"Air Travel - Medium Haul (>= 300 miles, < 2300 miles)",1573.8,passenger-mile,Site Visit,Washington,Georgia
3374,E1018,2025-03-30,Employee Commuting,Passenger Car,34.4,vehicle-mile,Commute,Texas,Texas
4838,E1003,2025-03-30,Business Travel,Intercity Rail - National Average,754.3,passenger-mile,Conference,Georgia,New York
2996,E1046,2025-03-30,Employee Commuting,Passenger Car,24.0,vehicle-mile,Commute,New York,New York
659,E1012,2025-03-30,Employee Commuting,Motorcycle,13.1,vehicle-mile,Commute,Georgia,Georgia
4914,E1010,2025-03-30,Employee Commuting,Motorcycle,8.1,vehicle-mile,Commute,Georgia,Georgia
2274,E1070,2025-03-31,Employee Commuting,Passenger Car,18.6,vehicle-mile,Commute,Massachusetts,Massachusetts
1696,E1004,2025-03-31,Business Travel,Air Travel - Short Haul (< 300 miles),192.0,passenger-mile,Conference,California,New York
123,E1070,2025-03-31,Business Travel,Intercity Rail - Northeast Corridor,147.0,passenger-mile,Site Visit,Other,California
1200,E1031,2025-03-31,Employee Commuting,Light-Duty Truck,5.7,vehicle-mile,Commute,Texas,Texas
2529,E1029,2025-03-31,Employee Commuting,Light-Duty Truck,30.2,vehicle-mile,Commute,California,California
145,E1009,2025-03-31,Business Travel,"Air Travel - Medium Haul (>= 300 miles, < 2300 miles)",897.3,passenger-mile,Off-site Meeting,California,Georgia
3554,E1037,2025-03-31,Business Travel,"Air Travel - Medium Haul (>= 300 miles, < 2300 miles)",1207.1,passenger-mile,Off-site Meeting,California,Texas
3737,E1014,2025-03-31,Business Travel,Passenger Car,81.0,vehicle-mile,Client Meeting,California,Washington
1522,E1042,2025-03-31,Employee Commuting,Passenger Car,22.2,vehicle-mile,Commute,Colorado,Colorado
3645,E1058,2025-03-31,Employee Commuting,Passenger Car,18.0,vehicle-mile,Commute,Washington,Washington
1355,E1072,2025-03-31,Employee Commuting,"Transit Rail (i.e. Subway, Tram)",23.9,passenger-mile,Commute,Texas,Texas
869,E1006,2025-03-31,Employee Commuting,Commuter Rail,23.2,passenger-mile,Commute,Washington,Washington
2439,E1044,2025-03-31,Employee Commuting,Commuter Rail,29.0,passenger-mile,Commute,California,California
4043,E1059,2025-04-01,Business Travel,Passenger Car,18.8,vehicle-mile,Client Meeting,Texas,Massachusetts
3094,E1045,2025-04-01,Employee Commuting,"Transit Rail (i.e. Subway, Tram)",11.8,passenger-mile,Commute,California,California
1674,E1079,2025-04-01,Employee Commuting,Passenger Car,27.5,vehicle-mile,Commute,Massachusetts,Massachusetts
4553,E1086,2025-04-01,Business Travel,Air Travel - Short Haul (< 300 miles),282.1,passenger-mile,Client Meeting,New York,Other
4869,E1052,2025-04-01,Employee Commuting,Passenger Car,22.4,vehicle-mile,Commute,Washington,Washington
3800,E1094,2025-04-01,Employee Commuting,Bus,30.8,passenger-mile,Commute,New York,New York
3354,E1013,2025-04-01,Business Travel,"Air Travel - Medium Haul (>= 300 miles, < 2300 miles)",1429.5,passenger-mile,Off-site Meeting,California,Massachusetts
7,E1060,2025-04-02,Employee Commuting,Passenger Car,11.5,vehicle-mile,Commute,New York,New York
1468,E1018,2025-04-02,Employee Commuting,Passenger Car,33.7,vehicle-mile,Commute,California,California
3262,E1081,2025-04-02,Employee Commuting,Light-Duty Truck,4.1,vehicle-mile,Commute,Massachusetts,Massachusetts
4238,E1097,2025-04-02,Business Travel,Air Travel - Short Haul (< 300 miles),257.7,passenger-mile,Site Visit,Washington,Texas
2454,E1089,2025-04-02,Business Travel,Light-Duty Truck,14.8,vehicle-mile,Client Meeting,Colorado,New York
4743,E1055,2025-04-02,Employee Commuting,Commuter Rail,31.1,passenger-mile,Commute,Other,Other
1247,E1052,2025-04-02,Employee Commuting,Passenger Car,3.4,vehicle-mile,Commute,Illinois,Illinois
1255,E1006,2025-04-02,Employee Commuting,Commuter Rail,18.2,passenger-mile,Commute,California,California
2120,E1007,2025-04-02,Employee Commuting,Passenger Car,32.9,vehicle-mile,Commute,New York,New York
4540,E1076,2025-04-02,Business Travel,"Air Travel - Medium Haul (>= 300 miles, < 2300 miles)",908.5,passenger-mile,Site Visit,California,Illinois
3683,E1034,2025-04-02,Employee Commuting,Light-Duty Truck,22.3,vehicle-mile,Commute,California,California
4008,E1070,2025-04-02,Employee Commuting,Passenger Car,27.1,vehicle-mile,Commute,California,California
3172,E1030,2025-04-03,Business Travel,Light-Duty Truck,10.6,vehicle-mile,Site Visit,Illinois,New York
2151,E1004,2025-04-03,Business Travel,Air Travel - Long Haul (>= 2300 miles),2832.6,passenger-mile,Client Meeting,New York,New York
4582,E1017,2025-04-03,Employee Commuting,Commuter Rail,13.1,passenger-mile,Commute,Florida,Florida
985,E1064,2025-04-03,Employee Commuting,Light-Duty Truck,26.4,vehicle-mile,Commute,Florida,Florida
1415,E1041,2025-04-03,Employee Commuting,Light-Duty Truck,16.7,vehicle-mile,Commute,California,California
1594,E1070,2025-04-03,Business Travel,"Air Travel - Medium Haul (>= 300 miles, < 2300 miles)",634.0,passenger-mile,Conference,Texas,Illinois
1394,E1062,2025-04-03,Employee Commuting,Passenger Car,20.3,vehicle-mile,Commute,Georgia,Georgia
4606,E1088,2025-04-03,Employee Commuting,Passenger Car,34.9,vehicle-mile,Commute,Texas,Texas
2053,E1075,2025-04-03,Employee Commuting,Passenger Car,28.7,vehicle-mile,Commute,California,California
572,E1067,2025-04-03,Business Travel,Motorcycle,36.1,vehicle-mile,Conference,Colorado,Florida
2069,E1090,2025-04-03,Business Travel,Intercity Rail - Other Routes,361.4,passenger-mile,Site Visit,Other,Massachusetts
490,E1078,2025-04-03,Employee Commuting,Passenger Car,9.1,vehicle-mile,Commute,New York,New York
2807,E1006,2025-04-04,Employee Commuting,Passenger Car,22.0,vehicle-mile,Commute,New York,New York
1047,E1011,2025-04-04,Employee Commuting,Passenger Car,38.7,vehicle-mile,Commute,California,California
1232,E1100,2025-04-04,Employee Commuting,Passenger Car,33.9,vehicle-mile,Commute,Washington,Washington
1283,E1073,2025-04-04,Employee Commuting,Passenger Car,29.0,vehicle-mile,Commute,California,California
3605,E1026,2025-04-04,Employee Commuting,Passenger Car,29.9,vehicle-mile,Commute,Illinois,Illinois
2721,E1063,2025-04-04,Employee Commuting,Passenger Car,24.8,vehicle-mile,Commute,Georgia,Georgia
4139,E1087,2025-04-04,Employee Commuting,Passenger Car,11.5,vehicle-mile,Commute,Florida,Florida
1166,E1088,2025-04-04,Employee Commuting,Passenger Car,8.5,vehicle-mile,Commute,Texas,Texas
2893,E1015,2025-04-04,Employee Commuting,Passenger Car,24.0,vehicle-mile,Commute,Florida,Florida
3478,E1033,2025-04-04,Employee Commuting,Light-Duty Truck,37.7,vehicle-mile,Commute,Colorado,Colorado
590,E1011,2025-04-04,Employee Commuting,Passenger Car,11.9,vehicle-mile,Commute,California,California
2276,E1016,2025-04-04,Employee Commuting,Passenger Car,11.8,vehicle-mile,Commute,Illinois,Illinois
4222,E1012,2025-04-04,Employee Commuting,Commuter Rail,12.2,passenger-mile,Commute,California,California
4340,E1001,2025-04-04,Employee Commuting,"Transit Rail (i.e. Subway, Tram)",11.5,passenger-mile,Commute,Texas,Texas
59,E1026,2025-04-04,Business Travel,Passenger Car,13.7,vehicle-mile,Conference,Texas,California
1458,E1063,2025-04-04,Employee Commuting,Motorcycle,10.6,vehicle-mile,Commute,New York,New York
528,E1064,2025-04-05,Business Travel,Intercity Rail - Northeast Corridor,396.1,passenger-mile,Off-site Meeting,Colorado,Washington
1924,E1052,2025-04-05,Business Travel,Intercity Rail - Other Routes,514.5,passenger-mile,Conference,California,Other
3575,E1058,2025-04-05,Employee Commuting,Light-Duty Truck,34.7,vehicle-mile,Commute,Texas,Texas
4721,E1041,2025-04-05,Employee Commuting,Passenger Car,34.3,vehicle-mile,Commute,California,California
4039,E1007,2025-04-05,Business Travel,Passenger Car,71.9,vehicle-mile,Client Meeting,Illinois,Georgia
4495,E1093,2025-04-05,Business Travel,Light-Duty Truck,19.9,vehicle-mile,Client Meeting,Texas,Illinois
2188,E1036,2025-04-05,Employee Commuting,Passenger Car,10.5,vehicle-mile,Commute,Florida,Florida
3317,E1074,2025-04-05,Business Travel,Air Travel - Short Haul (< 300 miles),159.8,passenger-mile,Client Meeting,California,Washington
1561,E1061,2025-04-05,Employee Commuting,Light-Duty Truck,22.5,vehicle-mile,Commute,Illinois,Illinois
2790,E1083,2025-04-05,Business Travel,"Air Travel - Medium Haul (>= 300 miles, < 2300 miles)",1405.9,passenger-mile,Client Meeting,New York,Texas
3208,E1012,2025-04-05,Business Travel,Air Travel - Short Haul (< 300 miles),160.0,passenger-mile,Client Meeting,Texas,Georgia
3716,E1041,2025-04-05,Employee Commuting,"Transit Rail (i.e. Subway, Tram)",12.4,passenger-mile,Commute,Colorado,Colorado
4181,E1065,2025-04-05,Business Travel,"Transit Rail (i.e. Subway, Tram)",43.4,passenger-mile,Conference,Washington,New York
2452,E1026,2025-04-05,Employee Commuting,Passenger Car,31.2,vehicle-mile,Commute,Texas,Texas
4643,E1074,2025-04-06,Employee Commuting,Bus,13.7,passenger-mile,Commute,New York,New York
4890,E1047,2025-04-06,Business Travel,"Air Travel - Medium Haul (>= 300 miles, < 2300 miles)",707.3,passenger-mile,Client Meeting,California,Florida
3465,E1087,2025-04-06,Business Travel,Passenger Car,96.5,vehicle-mile,Client Meeting,California,California
2703,E1029,2025-04-06,Business Travel,Air Travel - Long Haul (>= 2300 miles),2812.6,passenger-mile,Client Meeting,California,Other
2218,E1093,2025-04-06,Business Travel,"Air Travel - Medium Haul (>= 300 miles, < 2300 miles)",1317.5,passenger-mile,Conference,California,Massachusetts
845,E1071,2025-04-06,Business Travel,Air Travel - Long Haul (>= 2300 miles),3498.0,passenger-mile,Conference,New York,Illinois
3616,E1078,2025-04-06,Employee Commuting,Bus,34.2,passenger-mile,Commute,Illinois,Illinois
2909,E1011,2025-04-06,Employee Commuting,Passenger Car,31.2,vehicle-mile,Commute,Illinois,Illinois
3062,E1019,2025-04-06,Business Travel,"Air Travel - Medium Haul (>= 300 miles, < 2300 miles)",1779.1,passenger-mile,Conference,Other,Washington
185,E1099,2025-04-06,Employee Commuting,"Transit Rail (i.e. Subway, Tram)",22.6,passenger-mile,Commute,Georgia,Georgia
2216,E1001,2025-04-06,Employee Commuting,Passenger Car,14.9,vehicle-mile,Commute,Washington,Washington
685,E1004,2025-04-06,Employee Commuting,Passenger Car,12.2,vehicle-mile,Commute,Florida,Florida
1123,E1060,2025-04-06,Employee Commuting,Passenger Car,18.7,vehicle-mile,Commute,Massachusetts,Massachusetts
714,E1016,2025-04-06,Employee Commuting,Passenger Car,8.3,vehicle-mile,Commute,California,California
2833,E1074,2025-04-06,Employee Commuting,Passenger Car,10.1,vehicle-mile,Commute,Other,Other
1252,E1064,2025-04-06,Employee Commuting,Light-Duty Truck,26.2,vehicle-mile,Commute,Washington,Washington
4892,E1068,2025-04-06,Employee Commuting,Passenger Car,18.6,vehicle-mile,Commute,New York,New York
4948,E1036,2025-04-07,Business Travel,"Air Travel - Medium Haul (>= 300 miles, < 2300 miles)",643.4,passenger-mile,Off-site Meeting,California,New York
4204,E1060,2025-04-07,Business Travel,Bus,36.6,passenger-mile,Off-site Meeting,Other,Colorado
2610,E1083,2025-04-07,Employee Commuting,Passenger Car,30.1,vehicle-mile,Commute,Illinois,Illinois
4898,E1004,2025-04-07,Business Travel,Intercity Rail - National Average,589.4,passenger-mile,Conference,California,Colorado
829,E1034,2025-04-07,Employee Commuting,Passenger Car,29.8,vehicle-mile,Commute,California,California
3978,E1087,2025-04-07,Employee Commuting,Passenger Car,8.2,vehicle-mile,Commute,California,California
3709,E1088,2025-04-07,Business Travel,Intercity Rail - Northeast Corridor,106.4,passenger-mile,Conference,California,California
1327,E1084,2025-04-07,Business Travel,Intercity Rail - Other Routes,218.0,passenger-mile,Site Visit,Washington,Washington
2776,E1080,2025-04-07,Employee Commuting,Motorcycle,29.4,vehicle-mile,Commute,Colorado,Colorado
531,E1097,2025-04-07,Employee Commuting,Passenger Car,16.1,vehicle-mile,Commute,New York,New York
1758,E1002,2025-04-07,Employee Commuting,Passenger Car,36.1,vehicle-mile,Commute,Georgia,Georgia
4388,E1083,2025-04-07,Employee Commuting,Passenger Car,7.0,vehicle-mile,Commute,Other,Other
4133,E1079,2025-04-07,Business Travel,Bus,29.4,passenger-mile,Site Visit,Other,Florida
4646,E1083,2025-04-08,Employee Commuting,Motorcycle,16.8,vehicle-mile,Commute,California,California
93,E1011,2025-04-08,Employee Commuting,Bus,34.2,passenger-mile,Commute,Washington,Washington
100,E1075,2025-04-08,Employee Commuting,Passenger Car,16.0,vehicle-mile,Commute,California,California
683,E1074,2025-04-08,Employee Commuting,Commuter Rail,17.7,passenger-mile,Commute,California,California
822,E1013,2025-04-08,Employee Commuting,Passenger Car,15.7,vehicle-mile,Commute,Other,Other
2975,E1038,2025-04-08,Employee Commuting,Passenger Car,4.5,vehicle-mile,Commute,Washington,Washington
3464,E1013,2025-04-08,Employee Commuting,Passenger Car,35.9,vehicle-mile,Commute,Texas,Texas
1984,E1066,2025-04-08,Employee Commuting,Motorcycle,3.7,vehicle-mile,Commute,Massachusetts,Massachusetts
3061,E1046,2025-04-08,Employee Commuting,Passenger Car,39.6,vehicle-mile,Commute,California,California
3182,E1040,2025-04-08,Employee Commuting,Passenger Car,34.5,vehicle-mile,Commute,Florida,Florida
2938,E1023,2025-04-08,Business Travel,"Air Travel - Medium Haul (>= 300 miles, < 2300 miles)",1504.5,passenger-mile,Client Meeting,Washington,Georgia
2506,E1058,2025-04-08,Business Travel,"Air Travel - Medium Haul (>= 300 miles, < 2300 miles)",509.2,passenger-mile,Client Meeting,New York,Massachusetts
3259,E1094,2025-04-08,Employee Commuting,Bus,7.1,passenger-mile,Commute,New York,New York
4018,E1009,2025-04-09,Business Travel,Bus,61.7,passenger-mile,Conference,Other,Illinois
302,E1011,2025-04-09,Employee Commuting,Passenger Car,18.9,vehicle-mile,Commute,Florida,Florida
4828,E1030,2025-04-09,Employee Commuting,Passenger Car,14.5,vehicle-mile,Commute,Other,Other
800,E1067,2025-04-09,Employee Commuting,"Transit Rail (i.e. Subway, Tram)",12.5,passenger-mile,Commute,California,California
3265,E1052,2025-04-09,Employee Commuting,Passenger Car,20.3,vehicle-mile,Commute,Texas,Texas
2507,E1088,2025-04-09,Employee Commuting,Bus,29.0,passenger-mile,Commute,New York,New York
4768,E1046,2025-04-09,Business Travel,"Air Travel - Medium Haul (>= 300 miles, < 2300 miles)",667.5,passenger-mile,Off-site Meeting,California,Georgia
1466,E1051,2025-04-09,Employee Commuting,Passenger Car,30.5,vehicle-mile,Commute,California,California
4037,E1040,2025-04-09,Employee Commuting,Light-Duty Truck,29.2,vehicle-mile,Commute,Other,Other
506,E1041,2025-04-09,Employee Commuting,Passenger Car,24.5,vehicle-mile,Commute,Other,Other
4106,E1028,2025-04-09,Business Travel,"Air Travel - Medium Haul (>= 300 miles, < 2300 miles)",1559.9,passenger-mile,Off-site Meeting,Texas,Massachusetts
4978,E1013,2025-04-09,Employee Commuting,Passenger Car,39.0,vehicle-mile,Commute,Georgia,Georgia
37,E1075,2025-04-09,Business Travel,"Air Travel - Medium Haul (>= 300 miles, < 2300 miles)",313.8,passenger-mile,Conference,Other,Georgia
3931,E1030,2025-04-09,Employee Commuting,"Transit Rail (i.e. Subway, Tram)",37.9,passenger-mile,Commute,Colorado,Colorado
976,E1046,2025-04-09,Employee Commuting,Motorcycle,35.5,vehicle-mile,Commute,California,California
2127,E1075,2025-04-09,Employee Commuting,Bus,15.1,passenger-mile,Commute,Texas,Texas
1072,E1083,2025-04-10,Employee Commuting,Passenger Car,34.0,vehicle-mile,Commute,California,California
1635,E1093,2025-04-10,Employee Commuting,Passenger Car,12.3,vehicle-mile,Commute,Georgia,Georgia
3085,E1052,2025-04-10,Employee Commuting,"Transit Rail (i.e. Subway, Tram)",32.0,passenger-mile,Commute,Washington,Washington
3522,E1019,2025-04-10,Employee Commuting,Passenger Car,10.5,vehicle-mile,Commute,California,California
421,E1023,2025-04-10,Employee Commuting,Passenger Car,25.2,vehicle-mile,Commute,California,California
4974,E1081,2025-04-10,Business Travel,"Air Travel - Medium Haul (>= 300 miles, < 2300 miles)",657.6,passenger-mile,Conference,Illinois,New York
2373,E1068,2025-04-10,Employee Commuting,Passenger Car,34.7,vehicle-mile,Commute,Texas,Texas
3635,E1029,2025-04-10,Employee Commuting,Passenger Car,22.1,vehicle-mile,Commute,California,California
1009,E1032,2025-04-10,Employee Commuting,"Transit Rail (i.e. Subway, Tram)",30.3,passenger-mile,Commute,Other,Other
4487,E1076,2025-04-10,Employee Commuting,Passenger Car,14.4,vehicle-mile,Commute,Other,Other
2866,E1051,2025-04-10,Employee Commuting,Bus,32.5,passenger-mile,Commute,New York,New York
1570,E1093,2025-04-10,Employee Commuting,Passenger Car,9.2,vehicle-mile,Commute,Washington,Washington
1816,E1035,2025-04-10,Employee Commuting,Passenger Car,33.3,vehicle-mile,Commute,Massachusetts,Massachusetts
4994,E1063,2025-04-10,Employee Commuting,Light-Duty Truck,16.6,vehicle-mile,Commute,California,California
3528,E1057,2025-04-11,Employee Commuting,Passenger Car,37.5,vehicle-mile,Commute,Illinois,Illinois
1079,E1069,2025-04-11,Employee Commuting,Passenger Car,39.5,vehicle-mile,Commute,California,California
1005,E1090,2025-04-11,Business Travel,"Air Travel - Medium Haul (>= 300 miles, < 2300 miles)",937.2,passenger-mile,Client Meeting,Texas,California
2463,E1057,2025-04-11,Business Travel,Intercity Rail - Other Routes,211.4,passenger-mile,Off-site Meeting,Washington,Texas
1524,E1057,2025-04-11,Business Travel,"Air Travel - Medium Haul (>= 300 miles, < 2300 miles)",1054.8,passenger-mile,Site Visit,Washington,Massachusetts
3698,E1073,2025-04-11,Employee Commuting,Passenger Car,36.8,vehicle-mile,Commute,Colorado,Colorado
3612,E1059,2025-04-11,Employee Commuting,Passenger Car,34.8,vehicle-mile,Commute,Georgia,Georgia
3988,E1020,2025-04-11,Business Travel,Air Travel - Long Haul (>= 2300 miles),3716.1,passenger-mile,Off-site Meeting,Massachusetts,California
499,E1043,2025-04-11,Business Travel,Motorcycle,74.2,vehicle-mile,Off-site Meeting,California,Florida
2552,E1007,2025-04-11,Employee Commuting,Passenger Car,16.1,vehicle-mile,Commute,California,California
4871,E1070,2025-04-12,Employee Commuting,Bus,12.8,passenger-mile,Commute,California,California
3187,E1050,2025-04-12,Business Travel,Air Travel - Long Haul (>= 2300 miles),3051.4,passenger-mile,Off-site Meeting,California,Massachusetts
3649,E1039,2025-04-12,Employee Commuting,Passenger Car,29.7,vehicle-mile,Commute,Illinois,Illinois
1600,E1060,2025-04-12,Employee Commuting,Passenger Car,9.3,vehicle-mile,Commute,New York,New York
2076,E1046,2025-04-12,Employee Commuting,Passenger Car,25.0,vehicle-mile,Commute,California,California
175,E1039,2025-04-12,Employee Commuting,Passenger Car,38.8,vehicle-mile,Commute,California,California
1214,E1077,2025-04-12,Employee Commuting,Passenger Car,29.7,vehicle-mile,Commute,Colorado,Colorado
3389,E1021,2025-04-12,Business Travel,"Air Travel - Medium Haul (>= 300 miles, < 2300 miles)",1759.4,passenger-mile,Off-site Meeting,Florida,Other
975,E1097,2025-04-12,Employee Commuting,Passenger Car,18.1,vehicle-mile,Commute,Other,Other
2328,E1008,2025-04-12,Employee Commuting,Passenger Car,13.6,vehicle-mile,Commute,Texas,Texas
1503,E1055,2025-04-12,Business Travel,Air Travel - Short Haul (< 300 miles),161.6,passenger-mile,Off-site Meeting,Georgia,New York
3832,E1035,2025-04-12,Employee Commuting,Passenger Car,33.6,vehicle-mile,Commute,California,California
2306,E1069,2025-04-13,Business Travel,Air Travel - Long Haul (>= 2300 miles),4078.9,passenger-mile,Client Meeting,Colorado,Massachusetts
4805,E1095,2025-04-13,Employee Commuting,"Transit Rail (i.e. Subway, Tram)",39.0,passenger-mile,Commute,California,California
4191,E1053,2025-04-13,Business Travel,"Air Travel - Medium Haul (>= 300 miles, < 2300 miles)",1525.8,passenger-mile,Client Meeting,Colorado,Other
1036,E1059,2025-04-13,Employee Commuting,Light-Duty Truck,7.1,vehicle-mile,Commute,Colorado,Colorado
3158,E1051,2025-04-13,Employee Commuting,Commuter Rail,22.9,passenger-mile,Commute,Washington,Washington
3121,E1083,2025-04-13,Employee Commuting,Passenger Car,14.5,vehicle-mile,Commute,California,California
1066,E1020,2025-04-13,Employee Commuting,Light-Duty Truck,11.8,vehicle-mile,Commute,Florida,Florida
3461,E1070,2025-04-13,Business Travel,Intercity Rail - National Average,188.5,passenger-mile,Conference,Texas,Massachusetts
3791,E1002,2025-04-13,Employee Commuting,Passenger Car,28.9,vehicle-mile,Commute,Illinois,Illinois
3051,E1037,2025-04-13,Employee Commuting,Passenger Car,3.3,vehicle-mile,Commute,California,California
181,E1072,2025-04-13,Business Travel,Air Travel - Short Haul (< 300 miles),110.9,passenger-mile,Conference,Other,New York
3486,E1050,2025-04-13,Employee Commuting,"Transit Rail (i.e. Subway, Tram)",18.8,passenger-mile,Commute,California,California
4636,E1098,2025-04-13,Business Travel,"Air Travel - Medium Haul (>= 300 miles, < 2300 miles)",1037.8,passenger-mile,Off-site Meeting,Washington,Florida
4990,E1080,2025-04-13,Employee Commuting,Passenger Car,7.0,vehicle-mile,Commute,Illinois,Illinois
1982,E1087,2025-04-14,Employee Commuting,Passenger Car,38.2,vehicle-mile,Commute,California,California
1983,E1018,2025-04-14,Employee Commuting,Passenger Car,26.7,vehicle-mile,Commute,Florida,Florida
3033,E1061,2025-04-14,Employee Commuting,Light-Duty Truck,14.8,vehicle-mile,Commute,California,California
1208,E1041,2025-04-14,Business Travel,"Transit Rail (i.e. Subway, Tram)",53.5,passenger-mile,Conference,Georgia,Other
1293,E1030,2025-04-14,Employee Commuting,Passenger Car,18.9,vehicle-mile,Commute,Texas,Texas
4101,E1074,2025-04-14,Business Travel,Intercity Rail - Other Routes,474.9,passenger-mile,Client Meeting,Massachusetts,Colorado
3839,E1053,2025-04-14,Business Travel,Air Travel - Long Haul (>= 2300 miles),3928.9,passenger-mile,Site Visit,Colorado,California
2275,E1079,2025-04-14,Business Travel,Commuter Rail,50.7,passenger-mile,Client Meeting,Other,Colorado
332,E1008,2025-04-14,Employee Commuting,Passenger Car,29.9,vehicle-mile,Commute,Texas,Texas
4764,E1055,2025-04-14,Employee Commuting,Passenger Car,12.1,vehicle-mile,Commute,Other,Other
1640,E1032,2025-04-14,Employee Commuting,Light-Duty Truck,34.9,vehicle-mile,Commute,Washington,Washington
434,E1098,2025-04-14,Employee Commuting,Bus,35.6,passenger-mile,Commute,New York,New York
1033,E1026,2025-04-14,Employee Commuting,Passenger Car,7.8,vehicle-mile,Commute,New York,New York
3682,E1055,2025-04-14,Business Travel,Air Travel - Long Haul (>= 2300 miles),3027.7,passenger-mile,Conference,California,Washington
1099,E1072,2025-04-14,Employee Commuting,"Transit Rail (i.e. Subway, Tram)",10.2,passenger-mile,Commute,California,California
476,E1090,2025-04-14,Employee Commuting,Commuter Rail,31.6,passenger-mile,Commute,Colorado,Colorado
4022,E1015,2025-04-14,Employee Commuting,Passenger Car,24.7,vehicle-mile,Commute,California,California
288,E1016,2025-04-14,Business Travel,Air Travel - Long Haul (>= 2300 miles),2563.6,passenger-mile,Client Meeting,Colorado,New York
3647,E1036,2025-04-15,Employee Commuting,Passenger Car,30.9,vehicle-mile,Commute,Georgia,Georgia
1048,E1046,2025-04-15,Business Travel,Passenger Car,29.5,vehicle-mile,Off-site Meeting,California,Massachusetts
1183,E1022,2025-04-15,Employee Commuting,Passenger Car,38.6,vehicle-mile,Commute,New York,New York
4532,E1023,2025-04-15,Employee Commuting,Passenger Car,4.2,vehicle-mile,Commute,Texas,Texas
3864,E1035,2025-04-15,Employee Commuting,Passenger Car,32.5,vehicle-mile,Commute,California,California
3435,E1020,2025-04-15,Employee Commuting,Passenger Car,6.8,vehicle-mile,Commute,Colorado,Colorado
3811,E1040,2025-04-15,Employee Commuting,Light-Duty Truck,39.4,vehicle-mile,Commute,Texas,Texas
1953,E1096,2025-04-15,Employee Commuting,Passenger Car,31.9,vehicle-mile,Commute,California,California
3373,E1027,2025-04-15,Employee Commuting,Passenger Car,36.2,vehicle-mile,Commute,New York,New York
3646,E1016,2025-04-15,Employee Commuting,Passenger Car,7.5,vehicle-mile,Commute,California,California
2159,E1027,2025-04-16,Business Travel,Motorcycle,6.6,vehicle-mile,Client Meeting,New York,Florida
2402,E1079,2025-04-16,Employee Commuting,Commuter Rail,9.2,passenger-mile,Commute,New York,New York
1793,E1044,2025-04-16,Employee Commuting,"Transit Rail (i.e. Subway, Tram)",13.2,passenger-mile,Commute,Florida,Florida
4431,E1005,2025-04-16,Employee Commuting,Passenger Car,36.5,vehicle-mile,Commute,Washington,Washington
3851,E1077,2025-04-16,Employee Commuting,Light-Duty Truck,13.3,vehicle-mile,Commute,Texas,Texas
701,E1037,2025-04-16,Employee Commuting,Motorcycle,23.5,vehicle-mile,Commute,Florida,Florida
627,E1009,2025-04-16,Employee Commuting,Passenger Car,39.7,vehicle-mile,Commute,California,California
4246,E1018,2025-04-16,Employee Commuting,Bus,9.5,passenger-mile,Commute,California,California
2074,E1047,2025-04-16,Business Travel,Light-Duty Truck,23.9,vehicle-mile,Off-site Meeting,California,Texas
351,E1031,2025-04-16,Employee Commuting,Passenger Car,13.5,vehicle-mile,Commute,Other,Other
3152,E1001,2025-04-16,Business Travel,"Air Travel - Medium Haul (>= 300 miles, < 2300 miles)",1618.5,passenger-mile,Conference,Colorado,California
711,E1012,2025-04-16,Business Travel,Air Travel - Long Haul (>= 2300 miles),3734.6,passenger-mile,Client Meeting,California,Colorado
4612,E1069,2025-04-17,Business Travel,Passenger Car,52.8,vehicle-mile,Site Visit,New York,Colorado
4530,E1059,2025-04-17,Employee Commuting,Passenger Car,30.0,vehicle-mile,Commute,Florida,Florida
2760,E1034,2025-04-17,Business Travel,"Air Travel - Medium Haul (>= 300 miles, < 2300 miles)",406.4,passenger-mile,Conference,California,Georgia
3366,E1012,2025-04-17,Business Travel,Air Travel - Short Haul (< 300 miles),110.6,passenger-mile,Site Visit,Florida,Massachusetts
1683,E1039,2025-04-17,Employee Commuting,Passenger Car,36.4,vehicle-mile,Commute,Florida,Florida
1658,E1023,2025-04-17,Business Travel,Light-Duty Truck,24.7,vehicle-mile,Client Meeting,California,Florida
246,E1043,2025-04-17,Employee Commuting,Passenger Car,17.0,vehicle-mile,Commute,Other,Other
554,E1065,2025-04-17,Business Travel,Intercity Rail - Other Routes,359.8,passenger-mile,Conference,California,Georgia
3778,E1021,2025-04-17,Employee Commuting,Light-Duty Truck,39.6,vehicle-mile,Commute,Texas,Texas
4143,E1037,2025-04-17,Employee Commuting,Passenger Car,19.8,vehicle-mile,Commute,California,California
1296,E1047,2025-04-17,Business Travel,"Air Travel - Medium Haul (>= 300 miles, < 2300 miles)",1642.6,passenger-mile,Client Meeting,New York,Florida
2375,E1089,2025-04-17,Employee Commuting,Passenger Car,12.3,vehicle-mile,Commute,Texas,Texas
2946,E1050,2025-04-17,Employee Commuting,Passenger Car,10.6,vehicle-mile,Commute,Colorado,Colorado
3399,E1037,2025-04-17,Employee Commuting,Passenger Car,20.2,vehicle-mile,Commute,California,California
709,E1060,2025-04-17,Employee Commuting,Light-Duty Truck,3.9,vehicle-mile,Commute,Colorado,Colorado
3044,E1006,2025-04-18,Employee Commuting,Passenger Car,21.2,vehicle-mile,Commute,Colorado,Colorado
4189,E1075,2025-04-18,Business Travel,Intercity Rail - Northeast Corridor,120.7,passenger-mile,Client Meeting,California,California
3858,E1032,2025-04-18,Employee Commuting,Passenger Car,34.0,vehicle-mile,Commute,Florida,Florida
4177,E1060,2025-04-18,Business Travel,Intercity Rail - National Average,614.5,passenger-mile,Off-site Meeting,Massachusetts,Colorado
956,E1068,2025-04-18,Employee Commuting,Passenger Car,12.9,vehicle-mile,Commute,California,California
494,E1019,2025-04-18,Employee Commuting,Passenger Car,3.5,vehicle-mile,Commute,California,California
4751,E1048,2025-04-18,Employee Commuting,Passenger Car,12.9,vehicle-mile,Commute,Texas,Texas
684,E1043,2025-04-18,Employee Commuting,Passenger Car,37.9,vehicle-mile,Commute,Georgia,Georgia
900,E1029,2025-04-18,Employee Commuting,Passenger Car,30.8,vehicle-mile,Commute,California,California
381,E1058,2025-04-18,Employee Commuting,Light-Duty Truck,30.3,vehicle-mile,Commute,Washington,Washington
2902,E1008,2025-04-19,Employee Commuting,Passenger Car,4.4,vehicle-mile,Commute,California,California
3126,E1021,2025-04-19,Employee Commuting,Passenger Car,9.2,vehicle-mile,Commute,Other,Other
3482,E1079,2025-04-19,Employee Commuting,Passenger Car,3.4,vehicle-mile,Commute,California,California
4448,E1079,2025-04-19,Employee Commuting,Passenger Car,15.5,vehicle-mile,Commute,California,California
3398,E1004,2025-04-19,Employee Commuting,Bus,5.4,passenger-mile,Commute,California,California
942,E1035,2025-04-19,Employee Commuting,"Transit Rail (i.e. Subway, Tram)",11.8,passenger-mile,Commute,Washington,Washington
3429,E1012,2025-04-19,Employee Commuting,Passenger Car,40.0,vehicle-mile,Commute,Washington,Washington
4778,E1021,2025-04-19,Employee Commuting,Passenger Car,15.2,vehicle-mile,Commute,Washington,Washington
4159,E1003,2025-04-19,Business Travel,Air Travel - Long Haul (>= 2300 miles),4107.3,passenger-mile,Client Meeting,California,Texas
3272,E1055,2025-04-19,Employee Commuting,Passenger Car,15.0,vehicle-mile,Commute,Massachusetts,Massachusetts
564,E1049,2025-04-19,Business Travel,"Air Travel - Medium Haul (>= 300 miles, < 2300 miles)",1655.3,passenger-mile,Client Meeting,New York,Florida
4310,E1099,2025-04-19,Employee Commuting,Passenger Car,33.8,vehicle-mile,Commute,New York,New York
2585,E1034,2025-04-20,Employee Commuting,Motorcycle,23.0,vehicle-mile,Commute,California,California
3930,E1013,2025-04-20,Employee Commuting,Passenger Car,39.7,vehicle-mile,Commute,Texas,Texas
2542,E1023,2025-04-20,Employee Commuting,Passenger Car,33.9,vehicle-mile,Commute,California,California
2728,E1005,2025-04-20,Employee Commuting,Light-Duty Truck,18.4,vehicle-mile,Commute,Colorado,Colorado
1324,E1097,2025-04-20,Employee Commuting,Light-Duty Truck,33.4,vehicle-mile,Commute,New York,New York
1540,E1001,2025-04-20,Business Travel,Air Travel - Short Haul (< 300 miles),195.7,passenger-mile,Conference,California,Texas
728,E1079,2025-04-20,Employee Commuting,Passenger Car,23.5,vehicle-mile,Commute,Georgia,Georgia
2591,E1083,2025-04-20,Employee Commuting,Bus,10.4,passenger-mile,Commute,Texas,Texas
3211,E1067,2025-04-20,Employee Commuting,Passenger Car,15.8,vehicle-mile,Commute,Colorado,Colorado
3284,E1100,2025-04-20,Employee Commuting,Commuter Rail,16.3,passenger-mile,Commute,California,California
2132,E1049,2025-04-21,Business Travel,"Air Travel - Medium Haul (>= 300 miles, < 2300 miles)",1031.2,passenger-mile,Site Visit,Florida,Illinois
2494,E1055,2025-04-21,Employee Commuting,"Transit Rail (i.e. Subway, Tram)",36.1,passenger-mile,Commute,Other,Other
1331,E1069,2025-04-21,Employee Commuting,Commuter Rail,14.6,passenger-mile,Commute,California,California
777,E1020,2025-04-21,Business Travel,"Air Travel - Medium Haul (>= 300 miles, < 2300 miles)",468.5,passenger-mile,Off-site Meeting,California,Texas
104,E1006,2025-04-21,Employee Commuting,Light-Duty Truck,11.9,vehicle-mile,Commute,New York,New York
241,E1037,2025-04-21,Employee Commuting,Passenger Car,35.2,vehicle-mile,Commute,Massachusetts,Massachusetts
774,E1059,2025-04-21,Employee Commuting,Light-Duty Truck,18.2,vehicle-mile,Commute,California,California
3162,E1011,2025-04-21,Business Travel,"Air Travel - Medium Haul (>= 300 miles, < 2300 miles)",1440.8,passenger-mile,Off-site Meeting,Colorado,Massachusetts
3579,E1076,2025-04-21,Business Travel,Air Travel - Short Haul (< 300 miles),169.5,passenger-mile,Client Meeting,California,California
1632,E1080,2025-04-21,Employee Commuting,Passenger Car,33.0,vehicle-mile,Commute,Florida,Florida
1374,E1064,2025-04-21,Business Travel,"Air Travel - Medium Haul (>= 300 miles, < 2300 miles)",1395.0,passenger-mile,Conference,Texas,Texas
2688,E1058,2025-04-21,Employee Commuting,Bus,28.9,passenger-mile,Commute,Massachusetts,Massachusetts
1810,E1018,2025-04-21,Employee Commuting,Passenger Car,28.7,vehicle-mile,Commute,Colorado,Colorado
1474,E1008,2025-04-21,Business Travel,Light-Duty Truck,50.0,vehicle-mile,Client Meeting,Washington,Other
2193,E1055,2025-04-21,Employee Commuting,Light-Duty Truck,33.4,vehicle-mile,Commute,Other,Other
3861,E1092,2025-04-21,Business Travel,Air Travel - Long Haul (>= 2300 miles),2369.6,passenger-mile,Client Meeting,New York,Washington
639,E1024,2025-04-21,Business Travel,Passenger Car,62.9,vehicle-mile,Conference,New York,Other
549,E1042,2025-04-21,Employee Commuting,Light-Duty Truck,33.3,vehicle-mile,Commute,Colorado,Colorado
433,E1011,2025-04-21,Employee Commuting,Light-Duty Truck,8.2,vehicle-mile,Commute,New York,New York
2763,E1050,2025-04-21,Business Travel,Commuter Rail,74.1,passenger-mile,Conference,Florida,Washington
336,E1075,2025-04-21,Business Travel,Air Travel - Short Haul (< 300 miles),298.3,passenger-mile,Off-site Meeting,Florida,Washington
1259,E1068,2025-04-21,Business Travel,"Air Travel - Medium Haul (>= 300 miles, < 2300 miles)",1017.0,passenger-mile,Conference,Texas,New York
4728,E1021,2025-04-22,Business Travel,"Air Travel - Medium Haul (>= 300 miles, < 2300 miles)",1520.2,passenger-mile,Client Meeting,Georgia,Massachusetts
2519,E1050,2025-04-22,Business Travel,"Air Travel - Medium Haul (>= 300 miles, < 2300 miles)",1540.7,passenger-mile,Off-site Meeting,California,California
3688,E1045,2025-04-22,Employee Commuting,Bus,15.6,passenger-mile,Commute,Colorado,Colorado
1000,E1020,2025-04-22,Business Travel,"Air Travel - Medium Haul (>= 300 miles, < 2300 miles)",1003.6,passenger-mile,Client Meeting,Texas,New York
1956,E1074,2025-04-22,Employee Commuting,Passenger Car,10.7,vehicle-mile,Commute,California,California
2072,E1077,2025-04-22,Employee Commuting,Commuter Rail,14.5,passenger-mile,Commute,New York,New York
3432,E1054,2025-04-22,Business Travel,"Transit Rail (i.e. Subway, Tram)",20.7,passenger-mile,Client Meeting,Other,Other
2309,E1091,2025-04-22,Employee Commuting,"Transit Rail (i.e. Subway, Tram)",8.2,passenger-mile,Commute,California,California
4348,E1038,2025-04-22,Employee Commuting,Passenger Car,28.3,vehicle-mile,Commute,California,California
886,E1008,2025-04-22,Employee Commuting,Commuter Rail,33.1,passenger-mile,Commute,California,California
813,E1021,2025-04-22,Employee Commuting,Bus,35.2,passenger-mile,Commute,Colorado,Colorado
1652,E1045,2025-04-22,Employee Commuting,Passenger Car,8.5,vehicle-mile,Commute,Washington,Washington
4832,E1017,2025-04-22,Employee Commuting,Commuter Rail,8.4,passenger-mile,Commute,Illinois,Illinois
2263,E1066,2025-04-22,Business Travel,"Air Travel - Medium Haul (>= 300 miles, < 2300 miles)",917.2,passenger-mile,Conference,Other,Florida
3736,E1078,2025-04-22,Business Travel,"Air Travel - Medium Haul (>= 300 miles, < 2300 miles)",917.0,passenger-mile,Off-site Meeting,California,Texas
4563,E1049,2025-04-22,Business Travel,Bus,7.9,passenger-mile,Client Meeting,Other,New York
118,E1070,2025-04-22,Employee Commuting,Passenger Car,8.7,vehicle-mile,Commute,Washington,Washington
3131,E1046,2025-04-22,Employee Commuting,"Transit Rail (i.e. Subway, Tram)",11.7,passenger-mile,Commute,Massachusetts,Massachusetts
2856,E1083,2025-04-22,Employee Commuting,Motorcycle,27.4,vehicle-mile,Commute,California,California
657,E1010,2025-04-23,Employee Commuting,Passenger Car,37.8,vehicle-mile,Commute,California,California
3734,E1037,2025-04-23,Business Travel,"Air Travel - Medium Haul (>= 300 miles, < 2300 miles)",1415.6,passenger-mile,Conference,Washington,New York
3670,E1083,2025-04-23,Business Travel,Passenger Car,76.3,vehicle-mile,Off-site Meeting,Other,Massachusetts
4461,E1020,2025-04-23,Business Travel,Air Travel - Short Haul (< 300 miles),267.1,passenger-mile,Site Visit,California,Illinois
1105,E1033,2025-04-23,Employee Commuting,Passenger Car,13.3,vehicle-mile,Commute,New York,New York
1129,E1033,2025-04-23,Employee Commuting,"Transit Rail (i.e. Subway, Tram)",39.9,passenger-mile,Commute,California,California
2690,E1078,2025-04-23,Employee Commuting,Commuter Rail,30.6,passenger-mile,Commute,Florida,Florida
26,E1062,2025-04-23,Business Travel,Intercity Rail - Other Routes,598.6,passenger-mile,Conference,Other,Colorado
2496,E1055,2025-04-23,Employee Commuting,Passenger Car,22.2,vehicle-mile,Commute,New York,New York
2316,E1016,2025-04-23,Employee Commuting,Passenger Car,9.9,vehicle-mile,Commute,Other,Other
25,E1024,2025-04-23,Employee Commuting,Passenger Car,29.0,vehicle-mile,Commute,Other,Other
2254,E1049,2025-04-23,Employee Commuting,Passenger Car,19.6,vehicle-mile,Commute,Washington,Washington
311,E1099,2025-04-23,Employee Commuting,Passenger Car,32.0,vehicle-mile,Commute,Texas,Texas
556,E1085,2025-04-24,Business Travel,"Air Travel - Medium Haul (>= 300 miles, < 2300 miles)",941.4,passenger-mile,Conference,Texas,Washington
2616,E1030,2025-04-24,Employee Commuting,Bus,13.8,passenger-mile,Commute,New York,New York
1015,E1031,2025-04-24,Employee Commuting,Commuter Rail,22.3,passenger-mile,Commute,California,California
1023,E1085,2025-04-24,Employee Commuting,Light-Duty Truck,13.3,vehicle-mile,Commute,Washington,Washington
2099,E1044,2025-04-24,Employee Commuting,Passenger Car,30.8,vehicle-mile,Commute,Georgia,Georgia
3660,E1045,2025-04-24,Employee Commuting,Bus,18.9,passenger-mile,Commute,Other,Other
4069,E1054,2025-04-24,Employee Commuting,Passenger Car,15.6,vehicle-mile,Commute,California,California
1372,E1099,2025-04-24,Business Travel,Intercity Rail - National Average,374.7,passenger-mile,Client Meeting,Massachusetts,Washington
1827,E1074,2025-04-24,Business Travel,"Air Travel - Medium Haul (>= 300 miles, < 2300 miles)",1420.1,passenger-mile,Site Visit,California,Illinois
978,E1064,2025-04-24,Business Travel,Air Travel - Short Haul (< 300 miles),284.8,passenger-mile,Conference,Illinois,Other
4109,E1016,2025-04-24,Business Travel,Air Travel - Long Haul (>= 2300 miles),3144.8,passenger-mile,Site Visit,Other,Illinois
1746,E1028,2025-04-24,Employee Commuting,Passenger Car,14.2,vehicle-mile,Commute,Florida,Florida
4574,E1093,2025-04-24,Business Travel,"Air Travel - Medium Haul (>= 300 miles, < 2300 miles)",1438.7,passenger-mile,Off-site Meeting,California,Texas
4066,E1053,2025-04-24,Employee Commuting,Commuter Rail,30.0,passenger-mile,Commute,Other,Other
324,E1040,2025-04-24,Employee Commuting,Passenger Car,23.4,vehicle-mile,Commute,Washington,Washington
4230,E1099,2025-04-24,Employee Commuting,Commuter Rail,15.3,passenger-mile,Commute,California,California
3725,E1090,2025-04-24,Employee Commuting,Commuter Rail,35.7,passenger-mile,Commute,California,California
1106,E1093,2025-04-25,Employee Commuting,Passenger Car,28.3,vehicle-mile,Commute,New York,New York
3787,E1038,2025-04-25,Employee Commuting,"Transit Rail (i.e. Subway, Tram)",9.9,passenger-mile,Commute,Georgia,Georgia
2226,E1022,2025-04-25,Employee Commuting,Motorcycle,18.8,vehicle-mile,Commute,Washington,Washington
2137,E1055,2025-04-25,Employee Commuting,Passenger Car,35.9,vehicle-mile,Commute,New York,New York
4286,E1070,2025-04-25,Employee Commuting,Passenger Car,23.1,vehicle-mile,Commute,California,California
4145,E1087,2025-04-25,Business Travel,Intercity Rail - Northeast Corridor,420.5,passenger-mile,Site Visit,California,New York
2643,E1016,2025-04-25,Employee Commuting,Passenger Car,3.6,vehicle-mile,Commute,Colorado,Colorado
1420,E1090,2025-04-25,Employee Commuting,Passenger Car,32.6,vehicle-mile,Commute,Other,Other
1818,E1003,2025-04-25,Employee Commuting,Passenger Car,12.0,vehicle-mile,Commute,Washington,Washington
4897,E1052,2025-04-25,Employee Commuting,"Transit Rail (i.e. Subway, Tram)",11.6,passenger-mile,Commute,Other,Other
3929,E1006,2025-04-25,Business Travel,Light-Duty Truck,84.2,vehicle-mile,Client Meeting,Washington,Washington
67,E1087,2025-04-25,Employee Commuting,"Transit Rail (i.e. Subway, Tram)",3.9,passenger-mile,Commute,California,California
3563,E1092,2025-04-25,Business Travel,Intercity Rail - National Average,452.1,passenger-mile,Client Meeting,New York,New York
200,E1069,2025-04-25,Employee Commuting,"Transit Rail (i.e. Subway, Tram)",22.1,passenger-mile,Commute,Other,Other
4435,E1038,2025-04-25,Business Travel,Intercity Rail - Northeast Corridor,433.4,passenger-mile,Client Meeting,California,California
1913,E1061,2025-04-25,Employee Commuting,Light-Duty Truck,10.5,vehicle-mile,Commute,California,California
3458,E1038,2025-04-26,Employee Commuting,Passenger Car,20.2,vehicle-mile,Commute,Other,Other
3939,E1053,2025-04-26,Business Travel,"Air Travel - Medium Haul (>= 300 miles, < 2300 miles)",1573.3,passenger-mile,Client Meeting,Florida,Washington
3242,E1072,2025-04-26,Employee Commuting,Passenger Car,7.7,vehicle-mile,Commute,Colorado,Colorado
4707,E1068,2025-04-26,Employee Commuting,Light-Duty Truck,15.5,vehicle-mile,Commute,Texas,Texas
3676,E1082,2025-04-26,Business Travel,Air Travel - Short Haul (< 300 miles),294.1,passenger-mile,Off-site Meeting,New York,Georgia
642,E1043,2025-04-26,Employee Commuting,Passenger Car,21.9,vehicle-mile,Commute,California,California
1666,E1061,2025-04-26,Employee Commuting,Commuter Rail,22.6,passenger-mile,Commute,California,California
2011,E1087,2025-04-26,Employee Commuting,"Transit Rail (i.e. Subway, Tram)",17.9,passenger-mile,Commute,California,California
285,E1087,2025-04-26,Employee Commuting,Bus,19.5,passenger-mile,Commute,Texas,Texas
3360,E1048,2025-04-26,Business Travel,"Air Travel - Medium Haul (>= 300 miles, < 2300 miles)",315.7,passenger-mile,Conference,Other,Illinois
1137,E1010,2025-04-26,Employee Commuting,Passenger Car,19.4,vehicle-mile,Commute,Colorado,Colorado
4749,E1093,2025-04-26,Employee Commuting,Passenger Car,4.0,vehicle-mile,Commute,New York,New York
1326,E1088,2025-04-26,Employee Commuting,Commuter Rail,6.5,passenger-mile,Commute,Massachusetts,Massachusetts
36,E1099,2025-04-26,Business Travel,"Air Travel - Medium Haul (>= 300 miles, < 2300 miles)",1469.8,passenger-mile,Conference,Colorado,Massachusetts
4672,E1005,2025-04-26,Business Travel,"Air Travel - Medium Haul (>= 300 miles, < 2300 miles)",1303.4,passenger-mile,Client Meeting,Florida,New York
424,E1011,2025-04-26,Employee Commuting,Light-Duty Truck,16.5,vehicle-mile,Commute,California,California
3516,E1002,2025-04-26,Employee Commuting,Light-Duty Truck,21.6,vehicle-mile,Commute,Colorado,Colorado
4452,E1083,2025-04-27,Business Travel,"Air Travel - Medium Haul (>= 300 miles, < 2300 miles)",1014.7,passenger-mile,Conference,Other,Colorado
4393,E1025,2025-04-27,Employee Commuting,"Transit Rail (i.e. Subway, Tram)",9.9,passenger-mile,Commute,California,California
4052,E1022,2025-04-27,Employee Commuting,Passenger Car,13.6,vehicle-mile,Commute,New York,New York
3942,E1028,2025-04-27,Employee Commuting,"Transit Rail (i.e. Subway, Tram)",30.9,passenger-mile,Commute,California,California
2010,E1028,2025-04-27,Employee Commuting,Passenger Car,37.5,vehicle-mile,Commute,California,California
358,E1019,2025-04-27,Business Travel,Air Travel - Long Haul (>= 2300 miles),2551.0,passenger-mile,Client Meeting,California,Texas
436,E1005,2025-04-27,Employee Commuting,Passenger Car,38.7,vehicle-mile,Commute,New York,New York
220,E1084,2025-04-27,Employee Commuting,Passenger Car,5.4,vehicle-mile,Commute,Texas,Texas
4698,E1078,2025-04-27,Employee Commuting,Commuter Rail,26.8,passenger-mile,Commute,California,California
3726,E1018,2025-04-27,Employee Commuting,Passenger Car,17.8,vehicle-mile,Commute,Colorado,Colorado
742,E1011,2025-04-27,Business Travel,"Air Travel - Medium Haul (>= 300 miles, < 2300 miles)",1134.7,passenger-mile,Conference,Georgia,New York
3339,E1027,2025-04-27,Employee Commuting,Passenger Car,6.9,vehicle-mile,Commute,California,California
3269,E1081,2025-04-27,Business Travel,Intercity Rail - Northeast Corridor,160.7,passenger-mile,Off-site Meeting,New York,Colorado
4615,E1090,2025-04-27,Employee Commuting,Light-Duty Truck,21.7,vehicle-mile,Commute,Colorado,Colorado
4682,E1089,2025-04-27,Employee Commuting,Passenger Car,33.6,vehicle-mile,Commute,New York,New York
2095,E1091,2025-04-27,Business Travel,Air Travel - Long Haul (>= 2300 miles),2681.5,passenger-mile,Off-site Meeting,California,Massachusetts
3820,E1031,2025-04-27,Employee Commuting,Passenger Car,25.2,vehicle-mile,Commute,Other,Other
3841,E1048,2025-04-27,Employee Commuting,Passenger Car,31.2,vehicle-mile,Commute,New York,New York
3840,E1093,2025-04-27,Employee Commuting,Passenger Car,22.0,vehicle-mile,Commute,Other,Other
4396,E1058,2025-04-28,Employee Commuting,Commuter Rail,36.1,passenger-mile,Commute,Other,Other
343,E1100,2025-04-28,Business Travel,Intercity Rail - Northeast Corridor,138.2,passenger-mile,Off-site Meeting,California,Georgia
2900,E1095,2025-04-28,Employee Commuting,Passenger Car,7.3,vehicle-mile,Commute,Washington,Washington
4369,E1007,2025-04-28,Business Travel,Passenger Car,89.4,vehicle-mile,Client Meeting,California,California
4807,E1019,2025-04-28,Employee Commuting,Light-Duty Truck,32.4,vehicle-mile,Commute,California,California
1272,E1056,2025-04-28,Business Travel,Air Travel - Short Haul (< 300 miles),164.8,passenger-mile,Off-site Meeting,California,California
4816,E1005,2025-04-28,Employee Commuting,"Transit Rail (i.e. Subway, Tram)",8.5,passenger-mile,Commute,Other,Other
743,E1037,2025-04-28,Employee Commuting,Passenger Car,31.4,vehicle-mile,Commute,California,California
2951,E1029,2025-04-28,Employee Commuting,Passenger Car,14.5,vehicle-mile,Commute,California,California
472,E1054,2025-04-28,Business Travel,Intercity Rail - Other Routes,566.8,passenger-mile,Off-site Meeting,California,California
2928,E1024,2025-04-28,Employee Commuting,"Transit Rail (i.e. Subway, Tram)",29.6,passenger-mile,Commute,California,California
453,E1039,2025-04-28,Employee Commuting,Passenger Car,12.8,vehicle-mile,Commute,Texas,Texas
272,E1084,2025-04-28,Business Travel,Air Travel - Short Haul (< 300 miles),204.8,passenger-mile,Site Visit,New York,Illinois
1109,E1039,2025-04-28,Employee Commuting,Passenger Car,18.3,vehicle-mile,Commute,Texas,Texas
4875,E1093,2025-04-28,Employee Commuting,Bus,7.0,passenger-mile,Commute,Texas,Texas
936,E1077,2025-04-28,Business Travel,"Air Travel - Medium Haul (>= 300 miles, < 2300 miles)",1722.6,passenger-mile,Off-site Meeting,California,Illinois
3854,E1028,2025-04-29,Employee Commuting,Passenger Car,4.5,vehicle-mile,Commute,Washington,Washington
2198,E1083,2025-04-29,Employee Commuting,"Transit Rail (i.e. Subway, Tram)",33.7,passenger-mile,Commute,Georgia,Georgia
3496,E1001,2025-04-29,Employee Commuting,Bus,18.0,passenger-mile,Commute,Texas,Texas
2270,E1084,2025-04-29,Employee Commuting,Light-Duty Truck,35.6,vehicle-mile,Commute,California,California
880,E1021,2025-04-29,Business Travel,"Air Travel - Medium Haul (>= 300 miles, < 2300 miles)",1300.4,passenger-mile,Conference,Florida,New York
4149,E1084,2025-04-29,Employee Commuting,Passenger Car,35.3,vehicle-mile,Commute,Texas,Texas
616,E1073,2025-04-29,Employee Commuting,"Transit Rail (i.e. Subway, Tram)",26.0,passenger-mile,Commute,Other,Other
160,E1082,2025-04-29,Business Travel,Commuter Rail,84.3,passenger-mile,Conference,Georgia,New York
617,E1057,2025-04-29,Business Travel,Passenger Car,38.0,vehicle-mile,Site Visit,Texas,Colorado
2257,E1071,2025-04-30,Employee Commuting,Passenger Car,15.4,vehicle-mile,Commute,Washington,Washington
858,E1025,2025-04-30,Employee Commuting,Passenger Car,6.0,vehicle-mile,Commute,Washington,Washington
2756,E1024,2025-04-30,Employee Commuting,Passenger Car,21.5,vehicle-mile,Commute,California,California
3557,E1062,2025-04-30,Employee Commuting,Passenger Car,15.4,vehicle-mile,Commute,Illinois,Illinois
209,E1068,2025-04-30,Business Travel,Passenger Car,50.0,vehicle-mile,Conference,California,Florida
1498,E1087,2025-04-30,Employee Commuting,"Transit Rail (i.e. Subway, Tram)",27.3,passenger-mile,Commute,Illinois,Illinois
1010,E1018,2025-04-30,Business Travel,"Air Travel - Medium Haul (>= 300 miles, < 2300 miles)",824.3,passenger-mile,Conference,California,Florida
1513,E1077,2025-04-30,Employee Commuting,Light-Duty Truck,21.4,vehicle-mile,Commute,Texas,Texas
1323,E1082,2025-05-01,Employee Commuting,Passenger Car,26.3,vehicle-mile,Commute,Texas,Texas
559,E1068,2025-05-01,Employee Commuting,Commuter Rail,3.4,passenger-mile,Commute,California,California
273,E1021,2025-05-01,Employee Commuting,Passenger Car,25.6,vehicle-mile,Commute,Georgia,Georgia
2800,E1038,2025-05-01,Business Travel,Passenger Car,16.0,vehicle-mile,Client Meeting,Other,Colorado
3386,E1047,2025-05-01,Business Travel,Passenger Car,60.2,vehicle-mile,Client Meeting,New York,Other
3163,E1096,2025-05-01,Employee Commuting,Passenger Car,20.5,vehicle-mile,Commute,Illinois,Illinois
883,E1012,2025-05-01,Employee Commuting,Motorcycle,29.3,vehicle-mile,Commute,California,California
2331,E1075,2025-05-01,Employee Commuting,Passenger Car,34.6,vehicle-mile,Commute,New York,New York
1067,E1097,2025-05-01,Business Travel,Air Travel - Long Haul (>= 2300 miles),2415.0,passenger-mile,Off-site Meeting,Florida,Other
2077,E1079,2025-05-01,Business Travel,Passenger Car,7.9,vehicle-mile,Site Visit,Colorado,Florida
2172,E1035,2025-05-01,Employee Commuting,Passenger Car,30.7,vehicle-mile,Commute,Colorado,Colorado
1575,E1013,2025-05-01,Employee Commuting,Passenger Car,12.3,vehicle-mile,Commute,New York,New York
1998,E1023,2025-05-01,Business Travel,"Air Travel - Medium Haul (>= 300 miles, < 2300 miles)",972.9,passenger-mile,Site Visit,California,Massachusetts
4746,E1065,2025-05-01,Business Travel,Intercity Rail - Other Routes,274.5,passenger-mile,Client Meeting,Washington,Florida
1314,E1007,2025-05-01,Business Travel,Air Travel - Long Haul (>= 2300 miles),3494.3,passenger-mile,Off-site Meeting,New York,Texas
4314,E1017,2025-05-02,Employee Commuting,Passenger Car,20.3,vehicle-mile,Commute,California,California
3422,E1007,2025-05-02,Employee Commuting,Light-Duty Truck,17.3,vehicle-mile,Commute,California,California
4650,E1060,2025-05-02,Business Travel,Intercity Rail - National Average,498.2,passenger-mile,Conference,California,Texas
3021,E1036,2025-05-02,Employee Commuting,Passenger Car,6.8,vehicle-mile,Commute,Texas,Texas
4528,E1006,2025-05-02,Employee Commuting,Bus,32.8,passenger-mile,Commute,New York,New York
2156,E1006,2025-05-02,Employee Commuting,Passenger Car,18.8,vehicle-mile,Commute,California,California
3111,E1045,2025-05-02,Employee Commuting,Commuter Rail,35.0,passenger-mile,Commute,California,California
2238,E1035,2025-05-02,Employee Commuting,"Transit Rail (i.e. Subway, Tram)",16.8,passenger-mile,Commute,California,California
744,E1054,2025-05-02,Employee Commuting,Passenger Car,31.0,vehicle-mile,Commute,California,California
2143,E1007,2025-05-02,Business Travel,Air Travel - Long Haul (>= 2300 miles),3381.8,passenger-mile,Client Meeting,New York,Texas
767,E1006,2025-05-02,Business Travel,Air Travel - Long Haul (>= 2300 miles),3142.1,passenger-mile,Off-site Meeting,Texas,Illinois
419,E1028,2025-05-02,Business Travel,Bus,31.2,passenger-mile,Client Meeting,Texas,Colorado
325,E1022,2025-05-02,Business Travel,"Air Travel - Medium Haul (>= 300 miles, < 2300 miles)",1630.4,passenger-mile,Off-site Meeting,California,Massachusetts
2292,E1054,2025-05-03,Employee Commuting,Motorcycle,17.2,vehicle-mile,Commute,California,California
227,E1098,2025-05-03,Employee Commuting,Bus,7.6,passenger-mile,Commute,California,California
2247,E1045,2025-05-03,Business Travel,Light-Duty Truck,27.5,vehicle-mile,Off-site Meeting,Florida,Florida
2495,E1003,2025-05-03,Employee Commuting,Passenger Car,29.0,vehicle-mile,Commute,California,California
1867,E1022,2025-05-03,Business Travel,Air Travel - Long Haul (>= 2300 miles),3163.4,passenger-mile,Client Meeting,Georgia,Illinois
2796,E1096,2025-05-03,Employee Commuting,Bus,4.8,passenger-mile,Commute,Other,Other
2129,E1068,2025-05-03,Employee Commuting,"Transit Rail (i.e. Subway, Tram)",33.9,passenger-mile,Commute,California,California
1423,E1025,2025-05-03,Business Travel,"Air Travel - Medium Haul (>= 300 miles, < 2300 miles)",1282.4,passenger-mile,Off-site Meeting,Illinois,Georgia
4185,E1087,2025-05-03,Employee Commuting,Passenger Car,10.7,vehicle-mile,Commute,Texas,Texas
3459,E1014,2025-05-04,Employee Commuting,Passenger Car,20.3,vehicle-mile,Commute,New York,New York
383,E1099,2025-05-04,Employee Commuting,Passenger Car,34.7,vehicle-mile,Commute,Colorado,Colorado
304,E1097,2025-05-04,Business Travel,"Air Travel - Medium Haul (>= 300 miles, < 2300 miles)",631.2,passenger-mile,Off-site Meeting,New York,Washington
266,E1043,2025-05-04,Employee Commuting,Passenger Car,27.0,vehicle-mile,Commute,California,California
4404,E1077,2025-05-04,Employee Commuting,Bus,3.6,passenger-mile,Commute,Colorado,Colorado
4912,E1082,2025-05-04,Employee Commuting,Light-Duty Truck,10.8,vehicle-mile,Commute,Washington,Washington
428,E1015,2025-05-04,Employee Commuting,"Transit Rail (i.e. Subway, Tram)",16.7,passenger-mile,Commute,New York,New York
1143,E1066,2025-05-04,Employee Commuting,"Transit Rail (i.e. Subway, Tram)",30.0,passenger-mile,Commute,Other,Other
4512,E1025,2025-05-04,Employee Commuting,Light-Duty Truck,16.8,vehicle-mile,Commute,Illinois,Illinois
1352,E1027,2025-05-04,Employee Commuting,Light-Duty Truck,5.0,vehicle-mile,Commute,Colorado,Colorado
3420,E1027,2025-05-04,Employee Commuting,Light-Duty Truck,36.8,vehicle-mile,Commute,Illinois,Illinois
4129,E1057,2025-05-04,Employee Commuting,Passenger Car,16.7,vehicle-mile,Commute,California,California
1619,E1014,2025-05-04,Employee Commuting,Light-Duty Truck,12.2,vehicle-mile,Commute,California,California
2844,E1097,2025-05-05,Employee Commuting,Light-Duty Truck,31.3,vehicle-mile,Commute,Colorado,Colorado
3809,E1035,2025-05-05,Employee Commuting,"Transit Rail (i.e. Subway, Tram)",4.7,passenger-mile,Commute,Florida,Florida
3866,E1058,2025-05-05,Employee Commuting,Passenger Car,24.6,vehicle-mile,Commute,New York,New York
720,E1057,2025-05-05,Employee Commuting,"Transit Rail (i.e. Subway, Tram)",24.3,passenger-mile,Commute,Other,Other
4505,E1024,2025-05-05,Employee Commuting,Light-Duty Truck,34.5,vehicle-mile,Commute,Colorado,Colorado
2512,E1062,2025-05-05,Employee Commuting,"Transit Rail (i.e. Subway, Tram)",6.0,passenger-mile,Commute,California,California
2862,E1043,2025-05-05,Employee Commuting,Passenger Car,29.0,vehicle-mile,Commute,Colorado,Colorado
1547,E1030,2025-05-05,Employee Commuting,Passenger Car,23.7,vehicle-mile,Commute,Illinois,Illinois
362,E1002,2025-05-05,Employee Commuting,Passenger Car,34.9,vehicle-mile,Commute,Colorado,Colorado
4607,E1071,2025-05-05,Employee Commuting,Passenger Car,11.5,vehicle-mile,Commute,California,California
1789,E1038,2025-05-05,Business Travel,"Air Travel - Medium Haul (>= 300 miles, < 2300 miles)",1476.1,passenger-mile,Conference,Colorado,Florida
4969,E1052,2025-05-05,Business Travel,"Air Travel - Medium Haul (>= 300 miles, < 2300 miles)",984.1,passenger-mile,Site Visit,California,Other
973,E1053,2025-05-05,Business Travel,Passenger Car,93.6,vehicle-mile,Client Meeting,Massachusetts,Florida
4786,E1055,2025-05-05,Employee Commuting,Bus,29.9,passenger-mile,Commute,California,California
51,E1032,2025-05-05,Employee Commuting,Passenger Car,23.1,vehicle-mile,Commute,Washington,Washington
2587,E1016,2025-05-06,Employee Commuting,Passenger Car,19.0,vehicle-mile,Commute,Illinois,Illinois
853,E1014,2025-05-06,Business Travel,"Air Travel - Medium Haul (>= 300 miles, < 2300 miles)",1194.7,passenger-mile,Conference,Colorado,Washington
326,E1032,2025-05-06,Business Travel,Intercity Rail - Other Routes,276.6,passenger-mile,Off-site Meeting,California,Colorado
1644,E1053,2025-05-06,Business Travel,Passenger Car,40.9,vehicle-mile,Site Visit,Washington,Georgia
3894,E1099,2025-05-06,Employee Commuting,"Transit Rail (i.e. Subway, Tram)",27.3,passenger-mile,Commute,California,California
423,E1065,2025-05-06,Employee Commuting,Passenger Car,26.9,vehicle-mile,Commute,California,California
3056,E1002,2025-05-06,Employee Commuting,Passenger Car,25.0,vehicle-mile,Commute,Texas,Texas
568,E1085,2025-05-06,Business Travel,Air Travel - Short Haul (< 300 miles),207.7,passenger-mile,Conference,Colorado,California
2647,E1034,2025-05-06,Employee Commuting,Passenger Car,27.8,vehicle-mile,Commute,California,California
780,E1092,2025-05-06,Employee Commuting,Passenger Car,5.5,vehicle-mile,Commute,Florida,Florida
3483,E1050,2025-05-06,Employee Commuting,Passenger Car,10.5,vehicle-mile,Commute,Washington,Washington
4744,E1028,2025-05-06,Employee Commuting,Passenger Car,17.8,vehicle-mile,Commute,Texas,Texas
3503,E1085,2025-05-06,Employee Commuting,Passenger Car,7.9,vehicle-mile,Commute,Other,Other
3639,E1006,2025-05-06,Employee Commuting,Passenger Car,10.9,vehicle-mile,Commute,Texas,Texas
1088,E1072,2025-05-07,Employee Commuting,Passenger Car,32.5,vehicle-mile,Commute,Texas,Texas
637,E1085,2025-05-07,Employee Commuting,Passenger Car,3.0,vehicle-mile,Commute,Georgia,Georgia
4561,E1058,2025-05-07,Business Travel,"Air Travel - Medium Haul (>= 300 miles, < 2300 miles)",850.9,passenger-mile,Site Visit,Washington,Other
3813,E1077,2025-05-07,Employee Commuting,Passenger Car,12.9,vehicle-mile,Commute,California,California
2148,E1072,2025-05-07,Business Travel,Passenger Car,93.1,vehicle-mile,Site Visit,California,Washington
3665,E1065,2025-05-07,Employee Commuting,Bus,10.3,passenger-mile,Commute,Georgia,Georgia
4411,E1022,2025-05-07,Employee Commuting,Light-Duty Truck,36.7,vehicle-mile,Commute,Florida,Florida
1881,E1010,2025-05-07,Employee Commuting,Passenger Car,19.9,vehicle-mile,Commute,Colorado,Colorado
3488,E1066,2025-05-07,Employee Commuting,Bus,29.4,passenger-mile,Commute,Colorado,Colorado
552,E1075,2025-05-07,Employee Commuting,Passenger Car,35.7,vehicle-mile,Commute,Washington,Washington
570,E1073,2025-05-07,Employee Commuting,Passenger Car,12.0,vehicle-mile,Commute,California,California
2500,E1068,2025-05-07,Business Travel,Bus,45.4,passenger-mile,Client Meeting,California,New York
1397,E1007,2025-05-07,Business Travel,"Air Travel - Medium Haul (>= 300 miles, < 2300 miles)",705.8,passenger-mile,Conference,California,Florida
4967,E1056,2025-05-07,Employee Commuting,Light-Duty Truck,13.9,vehicle-mile,Commute,California,California
4255,E1069,2025-05-07,Employee Commuting,Light-Duty Truck,32.7,vehicle-mile,Commute,New York,New York
1446,E1036,2025-05-08,Business Travel,Intercity Rail - Other Routes,191.0,passenger-mile,Site Visit,Texas,Massachusetts
3889,E1083,2025-05-08,Employee Commuting,Commuter Rail,26.7,passenger-mile,Commute,California,California
2162,E1022,2025-05-08,Employee Commuting,"Transit Rail (i.e. Subway, Tram)",32.0,passenger-mile,Commute,Washington,Washington
2705,E1074,2025-05-08,Employee Commuting,Passenger Car,34.6,vehicle-mile,Commute,Colorado,Colorado
971,E1045,2025-05-08,Employee Commuting,Passenger Car,26.0,vehicle-mile,Commute,Florida,Florida
1273,E1070,2025-05-08,Business Travel,Passenger Car,9.6,vehicle-mile,Off-site Meeting,California,Washington
1511,E1022,2025-05-08,Employee Commuting,Bus,33.0,passenger-mile,Commute,Georgia,Georgia
32,E1067,2025-05-08,Employee Commuting,Passenger Car,37.8,vehicle-mile,Commute,Illinois,Illinois
2767,E1084,2025-05-08,Employee Commuting,Light-Duty Truck,25.8,vehicle-mile,Commute,California,California
3427,E1027,2025-05-08,Employee Commuting,Passenger Car,35.4,vehicle-mile,Commute,Illinois,Illinois
146,E1075,2025-05-08,Employee Commuting,Passenger Car,37.0,vehicle-mile,Commute,Other,Other
448,E1037,2025-05-08,Employee Commuting,Commuter Rail,31.5,passenger-mile,Commute,Florida,Florida
1621,E1087,2025-05-08,Employee Commuting,Passenger Car,9.6,vehicle-mile,Commute,Florida,Florida
3018,E1006,2025-05-08,Business Travel,Bus,71.4,passenger-mile,Client Meeting,California,Georgia
4689,E1058,2025-05-08,Business Travel,Air Travel - Long Haul (>= 2300 miles),2987.0,passenger-mile,Conference,Texas,California
1037,E1073,2025-05-09,Employee Commuting,Passenger Car,29.5,vehicle-mile,Commute,California,California
2683,E1095,2025-05-09,Employee Commuting,Passenger Car,6.2,vehicle-mile,Commute,Texas,Texas
3231,E1051,2025-05-09,Business Travel,Light-Duty Truck,56.0,vehicle-mile,Client Meeting,Florida,Florida
561,E1021,2025-05-09,Business Travel,"Air Travel - Medium Haul (>= 300 miles, < 2300 miles)",465.6,passenger-mile,Off-site Meeting,Florida,Colorado
2245,E1006,2025-05-09,Employee Commuting,Light-Duty Truck,21.2,vehicle-mile,Commute,Other,Other
4935,E1100,2025-05-09,Employee Commuting,Passenger Car,4.4,vehicle-mile,Commute,California,California
1988,E1010,2025-05-09,Employee Commuting,"Transit Rail (i.e. Subway, Tram)",16.4,passenger-mile,Commute,California,California
4800,E1089,2025-05-09,Business Travel,"Air Travel - Medium Haul (>= 300 miles, < 2300 miles)",1201.7,passenger-mile,Client Meeting,Washington,Massachusetts
793,E1016,2025-05-09,Business Travel,Bus,33.1,passenger-mile,Site Visit,Washington,Georgia
2433,E1059,2025-05-09,Employee Commuting,Commuter Rail,14.4,passenger-mile,Commute,Washington,Washington
4105,E1007,2025-05-09,Employee Commuting,Light-Duty Truck,18.4,vehicle-mile,Commute,Other,Other
2055,E1018,2025-05-09,Employee Commuting,"Transit Rail (i.e. Subway, Tram)",23.8,passenger-mile,Commute,Other,Other
867,E1007,2025-05-09,Employee Commuting,Passenger Car,30.6,vehicle-mile,Commute,California,California
2820,E1032,2025-05-10,Employee Commuting,Passenger Car,5.0,vehicle-mile,Commute,California,California
301,E1023,2025-05-10,Employee Commuting,Commuter Rail,20.0,passenger-mile,Commute,California,California
1694,E1070,2025-05-10,Employee Commuting,Passenger Car,17.7,vehicle-mile,Commute,Colorado,Colorado
4203,E1050,2025-05-10,Business Travel,Passenger Car,70.1,vehicle-mile,Site Visit,Florida,Other
284,E1050,2025-05-10,Employee Commuting,Passenger Car,10.0,vehicle-mile,Commute,Colorado,Colorado
1726,E1026,2025-05-10,Employee Commuting,"Transit Rail (i.e. Subway, Tram)",20.8,passenger-mile,Commute,California,California
3599,E1009,2025-05-10,Business Travel,"Air Travel - Medium Haul (>= 300 miles, < 2300 miles)",1424.0,passenger-mile,Site Visit,Colorado,Georgia
2305,E1012,2025-05-10,Employee Commuting,Passenger Car,25.7,vehicle-mile,Commute,California,California
1228,E1030,2025-05-10,Employee Commuting,"Transit Rail (i.e. Subway, Tram)",13.3,passenger-mile,Commute,California,California
3815,E1079,2025-05-10,Business Travel,"Air Travel - Medium Haul (>= 300 miles, < 2300 miles)",1776.1,passenger-mile,Client Meeting,Texas,Washington
4190,E1070,2025-05-10,Business Travel,"Air Travel - Medium Haul (>= 300 miles, < 2300 miles)",660.1,passenger-mile,Client Meeting,California,Massachusetts
3540,E1047,2025-05-10,Employee Commuting,Passenger Car,9.8,vehicle-mile,Commute,Georgia,Georgia
4193,E1045,2025-05-11,Business Travel,Air Travel - Long Haul (>= 2300 miles),3897.9,passenger-mile,Off-site Meeting,California,Colorado
2974,E1082,2025-05-11,Employee Commuting,Passenger Car,5.3,vehicle-mile,Commute,Other,Other
1765,E1006,2025-05-11,Business Travel,Intercity Rail - Other Routes,543.1,passenger-mile,Site Visit,California,Illinois
1035,E1079,2025-05-11,Business Travel,Air Travel - Long Haul (>= 2300 miles),3221.6,passenger-mile,Conference,Texas,Florida
4226,E1082,2025-05-11,Employee Commuting,Passenger Car,5.5,vehicle-mile,Commute,Other,Other
153,E1038,2025-05-11,Employee Commuting,Passenger Car,5.8,vehicle-mile,Commute,Florida,Florida
16,E1099,2025-05-11,Employee Commuting,Light-Duty Truck,17.2,vehicle-mile,Commute,Washington,Washington
182,E1017,2025-05-11,Employee Commuting,Light-Duty Truck,20.8,vehicle-mile,Commute,Colorado,Colorado
1573,E1096,2025-05-12,Employee Commuting,Passenger Car,10.5,vehicle-mile,Commute,Illinois,Illinois
2847,E1038,2025-05-12,Employee Commuting,Passenger Car,26.9,vehicle-mile,Commute,New York,New York
3301,E1051,2025-05-12,Employee Commuting,Passenger Car,12.4,vehicle-mile,Commute,Massachusetts,Massachusetts
1907,E1098,2025-05-12,Employee Commuting,Passenger Car,23.1,vehicle-mile,Commute,Other,Other
1991,E1079,2025-05-12,Business Travel,Intercity Rail - National Average,638.4,passenger-mile,Conference,Illinois,Texas
4791,E1097,2025-05-12,Employee Commuting,"Transit Rail (i.e. Subway, Tram)",34.0,passenger-mile,Commute,California,California
632,E1006,2025-05-12,Employee Commuting,Passenger Car,26.9,vehicle-mile,Commute,New York,New York
1623,E1069,2025-05-12,Employee Commuting,Passenger Car,33.0,vehicle-mile,Commute,Florida,Florida
1656,E1021,2025-05-12,Business Travel,Passenger Car,6.9,vehicle-mile,Conference,California,California
1931,E1096,2025-05-12,Employee Commuting,"Transit Rail (i.e. Subway, Tram)",4.9,passenger-mile,Commute,Georgia,Georgia
999,E1007,2025-05-12,Employee Commuting,Bus,10.6,passenger-mile,Commute,Georgia,Georgia
3708,E1067,2025-05-12,Employee Commuting,"Transit Rail (i.e. Subway, Tram)",17.9,passenger-mile,Commute,California,California
750,E1091,2025-05-12,Employee Commuting,Passenger Car,9.0,vehicle-mile,Commute,California,California
2559,E1051,2025-05-12,Employee Commuting,Light-Duty Truck,6.3,vehicle-mile,Commute,Other,Other
1028,E1012,2025-05-13,Employee Commuting,Passenger Car,24.4,vehicle-mile,Commute,Texas,Texas
102,E1097,2025-05-13,Employee Commuting,Light-Duty Truck,34.9,vehicle-mile,Commute,Illinois,Illinois
3444,E1056,2025-05-13,Employee Commuting,Light-Duty Truck,19.7,vehicle-mile,Commute,California,California
3703,E1042,2025-05-13,Employee Commuting,Light-Duty Truck,24.6,vehicle-mile,Commute,Other,Other
3974,E1081,2025-05-13,Employee Commuting,Passenger Car,21.1,vehicle-mile,Commute,California,California
1567,E1098,2025-05-13,Employee Commuting,Passenger Car,26.9,vehicle-mile,Commute,New York,New York
2186,E1097,2025-05-13,Employee Commuting,Passenger Car,9.4,vehicle-mile,Commute,Texas,Texas
2268,E1095,2025-05-13,Employee Commuting,Passenger Car,35.2,vehicle-mile,Commute,Washington,Washington
2747,E1089,2025-05-13,Employee Commuting,Passenger Car,4.0,vehicle-mile,Commute,Illinois,Illinois
3749,E1025,2025-05-13,Business Travel,Passenger Car,31.9,vehicle-mile,Client Meeting,New York,New York
1799,E1012,2025-05-13,Employee Commuting,Passenger Car,39.2,vehicle-mile,Commute,Texas,Texas
2604,E1066,2025-05-13,Employee Commuting,Passenger Car,11.5,vehicle-mile,Commute,California,California
141,E1089,2025-05-13,Business Travel,"Air Travel - Medium Haul (>= 300 miles, < 2300 miles)",1147.7,passenger-mile,Site Visit,California,Washington
122,E1057,2025-05-13,Employee Commuting,Passenger Car,34.0,vehicle-mile,Commute,Colorado,Colorado
4513,E1030,2025-05-13,Employee Commuting,Bus,3.6,passenger-mile,Commute,California,California
3937,E1076,2025-05-13,Employee Commuting,Light-Duty Truck,3.6,vehicle-mile,Commute,California,California
3961,E1065,2025-05-13,Business Travel,"Air Travel - Medium Haul (>= 300 miles, < 2300 miles)",630.6,passenger-mile,Client Meeting,Georgia,Other
4598,E1044,2025-05-14,Business Travel,Air Travel - Short Haul (< 300 miles),135.7,passenger-mile,Conference,Other,Washington
1616,E1003,2025-05-14,Business Travel,Air Travel - Short Haul (< 300 miles),258.7,passenger-mile,Conference,California,Massachusetts
4017,E1085,2025-05-14,Employee Commuting,Commuter Rail,18.2,passenger-mile,Commute,Texas,Texas
377,E1005,2025-05-14,Employee Commuting,Passenger Car,37.0,vehicle-mile,Commute,Other,Other
772,E1026,2025-05-14,Employee Commuting,Passenger Car,5.2,vehicle-mile,Commute,Florida,Florida
1158,E1070,2025-05-14,Business Travel,Intercity Rail - Northeast Corridor,355.6,passenger-mile,Off-site Meeting,Georgia,Colorado
3796,E1046,2025-05-14,Business Travel,Motorcycle,88.6,vehicle-mile,Conference,Washington,Massachusetts
1677,E1047,2025-05-14,Employee Commuting,Passenger Car,13.1,vehicle-mile,Commute,Florida,Florida
4781,E1029,2025-05-14,Employee Commuting,Passenger Car,32.5,vehicle-mile,Commute,Florida,Florida
1802,E1006,2025-05-14,Employee Commuting,Passenger Car,22.3,vehicle-mile,Commute,California,California
3412,E1056,2025-05-14,Business Travel,"Air Travel - Medium Haul (>= 300 miles, < 2300 miles)",699.1,passenger-mile,Site Visit,California,Georgia
3836,E1021,2025-05-14,Employee Commuting,Passenger Car,37.3,vehicle-mile,Commute,Colorado,Colorado
3279,E1053,2025-05-14,Employee Commuting,Light-Duty Truck,13.3,vehicle-mile,Commute,Georgia,Georgia
1030,E1030,2025-05-14,Business Travel,Air Travel - Short Haul (< 300 miles),196.7,passenger-mile,Site Visit,Other,Florida
3017,E1096,2025-05-14,Business Travel,Air Travel - Short Haul (< 300 miles),147.4,passenger-mile,Conference,Texas,Illinois
1900,E1037,2025-05-14,Employee Commuting,Bus,24.3,passenger-mile,Commute,California,California
2481,E1086,2025-05-14,Employee Commuting,Motorcycle,24.0,vehicle-mile,Commute,California,California
2857,E1058,2025-05-14,Business Travel,"Air Travel - Medium Haul (>= 300 miles, < 2300 miles)",1613.7,passenger-mile,Site Visit,Illinois,Other
3583,E1014,2025-05-14,Employee Commuting,Passenger Car,37.3,vehicle-mile,Commute,Illinois,Illinois
3008,E1026,2025-05-14,Employee Commuting,Passenger Car,22.5,vehicle-mile,Commute,New York,New York
4491,E1038,2025-05-14,Employee Commuting,Passenger Car,23.0,vehicle-mile,Commute,California,California
1469,E1022,2025-05-15,Employee Commuting,Light-Duty Truck,6.3,vehicle-mile,Commute,Other,Other
4419,E1005,2025-05-15,Business Travel,"Air Travel - Medium Haul (>= 300 miles, < 2300 miles)",1252.9,passenger-mile,Conference,Florida,Other
4968,E1072,2025-05-15,Business Travel,Passenger Car,91.9,vehicle-mile,Off-site Meeting,California,Other
479,E1058,2025-05-15,Employee Commuting,Light-Duty Truck,24.0,vehicle-mile,Commute,California,California
3365,E1041,2025-05-15,Employee Commuting,"Transit Rail (i.e. Subway, Tram)",28.9,passenger-mile,Commute,Other,Other
4440,E1073,2025-05-15,Employee Commuting,"Transit Rail (i.e. Subway, Tram)",30.3,passenger-mile,Commute,Colorado,Colorado
39,E1061,2025-05-15,Business Travel,Intercity Rail - Northeast Corridor,121.5,passenger-mile,Client Meeting,California,Massachusetts
1378,E1006,2025-05-15,Employee Commuting,Passenger Car,39.4,vehicle-mile,Commute,Texas,Texas
585,E1009,2025-05-16,Business Travel,"Air Travel - Medium Haul (>= 300 miles, < 2300 miles)",373.0,passenger-mile,Off-site Meeting,California,Washington
4575,E1093,2025-05-16,Employee Commuting,Passenger Car,24.9,vehicle-mile,Commute,California,California
4915,E1095,2025-05-16,Employee Commuting,Passenger Car,17.3,vehicle-mile,Commute,Texas,Texas
3946,E1074,2025-05-16,Employee Commuting,Light-Duty Truck,16.2,vehicle-mile,Commute,California,California
2228,E1015,2025-05-16,Business Travel,Air Travel - Long Haul (>= 2300 miles),3912.4,passenger-mile,Off-site Meeting,California,Other
2465,E1067,2025-05-16,Employee Commuting,Passenger Car,36.7,vehicle-mile,Commute,California,California
1075,E1023,2025-05-16,Employee Commuting,Passenger Car,39.3,vehicle-mile,Commute,Massachusetts,Massachusetts
1776,E1084,2025-05-16,Employee Commuting,Passenger Car,13.7,vehicle-mile,Commute,Colorado,Colorado
3547,E1091,2025-05-16,Employee Commuting,Commuter Rail,39.1,passenger-mile,Commute,Florida,Florida
1086,E1035,2025-05-16,Business Travel,Air Travel - Short Haul (< 300 miles),180.0,passenger-mile,Conference,Florida,Massachusetts
1103,E1098,2025-05-16,Business Travel,Air Travel - Short Haul (< 300 miles),225.6,passenger-mile,Off-site Meeting,California,Florida
3485,E1075,2025-05-16,Employee Commuting,Bus,31.6,passenger-mile,Commute,Other,Other
1755,E1056,2025-05-16,Employee Commuting,Passenger Car,9.6,vehicle-mile,Commute,California,California
3697,E1080,2025-05-16,Employee Commuting,Light-Duty Truck,31.7,vehicle-mile,Commute,Georgia,Georgia
654,E1001,2025-05-17,Business Travel,Air Travel - Short Haul (< 300 miles),137.0,passenger-mile,Site Visit,California,Texas
3413,E1065,2025-05-17,Employee Commuting,Motorcycle,24.2,vehicle-mile,Commute,California,California
3880,E1081,2025-05-17,Business Travel,Passenger Car,24.4,vehicle-mile,Client Meeting,Illinois,Illinois
4531,E1055,2025-05-17,Employee Commuting,Passenger Car,15.0,vehicle-mile,Commute,Washington,Washington
4423,E1052,2025-05-17,Business Travel,Air Travel - Short Haul (< 300 miles),205.0,passenger-mile,Site Visit,Other,Washington
859,E1097,2025-05-17,Business Travel,Passenger Car,28.3,vehicle-mile,Client Meeting,California,Massachusetts
119,E1004,2025-05-17,Employee Commuting,"Transit Rail (i.e. Subway, Tram)",5.1,passenger-mile,Commute,Massachusetts,Massachusetts
1607,E1065,2025-05-17,Employee Commuting,Passenger Car,27.9,vehicle-mile,Commute,California,California
3911,E1075,2025-05-17,Business Travel,"Transit Rail (i.e. Subway, Tram)",68.3,passenger-mile,Site Visit,California,Colorado
1714,E1020,2025-05-17,Employee Commuting,Passenger Car,3.0,vehicle-mile,Commute,Colorado,Colorado
4724,E1012,2025-05-17,Business Travel,Passenger Car,56.3,vehicle-mile,Off-site Meeting,California,New York
127,E1035,2025-05-17,Business Travel,"Air Travel - Medium Haul (>= 300 miles, < 2300 miles)",912.8,passenger-mile,Site Visit,California,Colorado
4003,E1073,2025-05-17,Employee Commuting,Passenger Car,9.0,vehicle-mile,Commute,California,California
2337,E1085,2025-05-17,Employee Commuting,Passenger Car,6.8,vehicle-mile,Commute,California,California
4827,E1006,2025-05-17,Employee Commuting,"Transit Rail (i.e. Subway, Tram)",32.6,passenger-mile,Commute,New York,New York
2953,E1051,2025-05-17,Business Travel,Air Travel - Short Haul (< 300 miles),280.3,passenger-mile,Conference,New York,Colorado
2957,E1004,2025-05-17,Employee Commuting,Passenger Car,10.5,vehicle-mile,Commute,California,California
2288,E1065,2025-05-17,Employee Commuting,Passenger Car,14.1,vehicle-mile,Commute,Colorado,Colorado
4472,E1002,2025-05-18,Employee Commuting,Passenger Car,36.3,vehicle-mile,Commute,New York,New York
3015,E1079,2025-05-18,Employee Commuting,Passenger Car,18.8,vehicle-mile,Commute,Florida,Florida
1262,E1037,2025-05-18,Business Travel,Air Travel - Long Haul (>= 2300 miles),3699.1,passenger-mile,Site Visit,Florida,Illinois
1578,E1027,2025-05-18,Employee Commuting,Light-Duty Truck,13.8,vehicle-mile,Commute,Florida,Florida
2594,E1097,2025-05-18,Employee Commuting,Passenger Car,37.9,vehicle-mile,Commute,Texas,Texas
2356,E1091,2025-05-18,Business Travel,Light-Duty Truck,29.9,vehicle-mile,Conference,Texas,Georgia
363,E1039,2025-05-18,Employee Commuting,Passenger Car,32.8,vehicle-mile,Commute,New York,New York
545,E1065,2025-05-18,Employee Commuting,Passenger Car,19.7,vehicle-mile,Commute,California,California
1598,E1020,2025-05-18,Employee Commuting,Motorcycle,28.1,vehicle-mile,Commute,California,California
1404,E1035,2025-05-18,Employee Commuting,Passenger Car,32.7,vehicle-mile,Commute,New York,New York
2064,E1080,2025-05-18,Employee Commuting,Passenger Car,39.5,vehicle-mile,Commute,California,California
3042,E1087,2025-05-18,Employee Commuting,"Transit Rail (i.e. Subway, Tram)",17.9,passenger-mile,Commute,New York,New York
1206,E1028,2025-05-18,Employee Commuting,Passenger Car,22.8,vehicle-mile,Commute,California,California
2973,E1035,2025-05-18,Employee Commuting,Commuter Rail,29.9,passenger-mile,Commute,Colorado,Colorado
1172,E1081,2025-05-18,Employee Commuting,Passenger Car,23.1,vehicle-mile,Commute,California,California
4972,E1007,2025-05-18,Employee Commuting,Light-Duty Truck,23.1,vehicle-mile,Commute,California,California
1310,E1031,2025-05-18,Employee Commuting,Passenger Car,21.4,vehicle-mile,Commute,Georgia,Georgia
2502,E1010,2025-05-19,Employee Commuting,Passenger Car,33.6,vehicle-mile,Commute,California,California
1213,E1047,2025-05-19,Business Travel,Motorcycle,58.8,vehicle-mile,Site Visit,Illinois,Washington
2442,E1038,2025-05-19,Business Travel,Air Travel - Long Haul (>= 2300 miles),2768.6,passenger-mile,Site Visit,Illinois,Florida
4084,E1024,2025-05-19,Employee Commuting,Passenger Car,38.8,vehicle-mile,Commute,California,California
1281,E1068,2025-05-19,Employee Commuting,Passenger Car,31.5,vehicle-mile,Commute,Texas,Texas
518,E1042,2025-05-19,Employee Commuting,Commuter Rail,24.6,passenger-mile,Commute,Colorado,Colorado
1191,E1028,2025-05-19,Employee Commuting,Passenger Car,22.5,vehicle-mile,Commute,Other,Other
646,E1027,2025-05-19,Employee Commuting,"Transit Rail (i.e. Subway, Tram)",17.5,passenger-mile,Commute,California,California
4250,E1045,2025-05-19,Business Travel,Passenger Car,7.3,vehicle-mile,Off-site Meeting,California,Colorado
4091,E1021,2025-05-19,Employee Commuting,Light-Duty Truck,29.9,vehicle-mile,Commute,New York,New York
2911,E1032,2025-05-19,Business Travel,Light-Duty Truck,15.0,vehicle-mile,Client Meeting,Florida,Texas
1161,E1046,2025-05-19,Business Travel,"Air Travel - Medium Haul (>= 300 miles, < 2300 miles)",1414.9,passenger-mile,Conference,California,Illinois
3728,E1082,2025-05-19,Employee Commuting,"Transit Rail (i.e. Subway, Tram)",15.5,passenger-mile,Commute,Texas,Texas
461,E1008,2025-05-19,Employee Commuting,Commuter Rail,14.7,passenger-mile,Commute,California,California
1385,E1025,2025-05-19,Employee Commuting,"Transit Rail (i.e. Subway, Tram)",27.8,passenger-mile,Commute,Illinois,Illinois
2600,E1040,2025-05-20,Employee Commuting,Passenger Car,15.4,vehicle-mile,Commute,Texas,Texas
466,E1011,2025-05-20,Business Travel,Intercity Rail - Other Routes,432.8,passenger-mile,Client Meeting,Other,New York
948,E1055,2025-05-20,Employee Commuting,Passenger Car,14.7,vehicle-mile,Commute,California,California
2130,E1062,2025-05-20,Business Travel,"Air Travel - Medium Haul (>= 300 miles, < 2300 miles)",1202.1,passenger-mile,Client Meeting,California,Other
1609,E1004,2025-05-20,Business Travel,"Air Travel - Medium Haul (>= 300 miles, < 2300 miles)",609.0,passenger-mile,Conference,California,Massachusetts
4171,E1015,2025-05-20,Employee Commuting,Commuter Rail,15.6,passenger-mile,Commute,New York,New York
4928,E1037,2025-05-20,Business Travel,Intercity Rail - National Average,689.1,passenger-mile,Client Meeting,Colorado,Texas
1115,E1060,2025-05-20,Employee Commuting,Passenger Car,33.7,vehicle-mile,Commute,Texas,Texas
2691,E1036,2025-05-20,Employee Commuting,Light-Duty Truck,26.8,vehicle-mile,Commute,Georgia,Georgia
3582,E1019,2025-05-20,Business Travel,Air Travel - Long Haul (>= 2300 miles),3232.5,passenger-mile,Off-site Meeting,California,Texas
4556,E1092,2025-05-20,Employee Commuting,Passenger Car,12.3,vehicle-mile,Commute,Washington,Washington
3063,E1019,2025-05-20,Business Travel,Air Travel - Short Haul (< 300 miles),238.1,passenger-mile,Client Meeting,Florida,Texas
2311,E1031,2025-05-21,Employee Commuting,Light-Duty Truck,27.4,vehicle-mile,Commute,California,California
2739,E1002,2025-05-21,Employee Commuting,Passenger Car,38.8,vehicle-mile,Commute,Florida,Florida
4469,E1075,2025-05-21,Employee Commuting,Passenger Car,26.7,vehicle-mile,Commute,Massachusetts,Massachusetts
3565,E1009,2025-05-21,Employee Commuting,"Transit Rail (i.e. Subway, Tram)",12.0,passenger-mile,Commute,New York,New York
1456,E1080,2025-05-21,Employee Commuting,Passenger Car,13.0,vehicle-mile,Commute,Texas,Texas
1587,E1063,2025-05-21,Employee Commuting,Passenger Car,12.4,vehicle-mile,Commute,Texas,Texas
2086,E1079,2025-05-21,Employee Commuting,"Transit Rail (i.e. Subway, Tram)",11.9,passenger-mile,Commute,Texas,Texas
1763,E1018,2025-05-21,Employee Commuting,Passenger Car,8.5,vehicle-mile,Commute,California,California
3133,E1034,2025-05-21,Employee Commuting,Commuter Rail,19.9,passenger-mile,Commute,Texas,Texas
3631,E1089,2025-05-21,Business Travel,Air Travel - Long Haul (>= 2300 miles),4279.0,passenger-mile,Off-site Meeting,Other,Washington
3244,E1004,2025-05-21,Employee Commuting,Commuter Rail,37.4,passenger-mile,Commute,California,California
1078,E1015,2025-05-21,Business Travel,Light-Duty Truck,6.5,vehicle-mile,Site Visit,California,Illinois
1210,E1092,2025-05-22,Business Travel,"Air Travel - Medium Haul (>= 300 miles, < 2300 miles)",646.5,passenger-mile,Conference,Washington,California
3943,E1018,2025-05-22,Business Travel,Intercity Rail - Northeast Corridor,440.3,passenger-mile,Client Meeting,Colorado,Washington
3304,E1073,2025-05-22,Business Travel,Intercity Rail - Other Routes,419.6,passenger-mile,Site Visit,California,Washington
385,E1038,2025-05-22,Employee Commuting,Commuter Rail,18.1,passenger-mile,Commute,Texas,Texas
2694,E1093,2025-05-22,Business Travel,"Transit Rail (i.e. Subway, Tram)",23.7,passenger-mile,Off-site Meeting,California,Other
1699,E1033,2025-05-22,Employee Commuting,Motorcycle,36.7,vehicle-mile,Commute,California,California
2816,E1070,2025-05-22,Employee Commuting,Passenger Car,23.8,vehicle-mile,Commute,California,California
3254,E1033,2025-05-22,Business Travel,Intercity Rail - Northeast Corridor,280.4,passenger-mile,Conference,California,New York
2420,E1066,2025-05-22,Employee Commuting,Passenger Car,12.7,vehicle-mile,Commute,California,California
2579,E1007,2025-05-22,Employee Commuting,Bus,3.4,passenger-mile,Commute,California,California
1718,E1099,2025-05-22,Employee Commuting,Bus,22.7,passenger-mile,Commute,Florida,Florida
4374,E1052,2025-05-22,Employee Commuting,Passenger Car,27.5,vehicle-mile,Commute,New York,New York
2123,E1036,2025-05-22,Employee Commuting,Passenger Car,4.1,vehicle-mile,Commute,California,California
3678,E1086,2025-05-22,Business Travel,Light-Duty Truck,42.5,vehicle-mile,Conference,California,California
356,E1075,2025-05-22,Employee Commuting,Bus,4.9,passenger-mile,Commute,Other,Other
4631,E1085,2025-05-22,Employee Commuting,Passenger Car,11.2,vehicle-mile,Commute,Other,Other
4170,E1002,2025-05-22,Employee Commuting,"Transit Rail (i.e. Subway, Tram)",8.5,passenger-mile,Commute,New York,New York
3817,E1005,2025-05-23,Employee Commuting,Passenger Car,34.1,vehicle-mile,Commute,California,California
19,E1052,2025-05-23,Employee Commuting,Passenger Car,25.4,vehicle-mile,Commute,New York,New York
3385,E1044,2025-05-23,Business Travel,"Air Travel - Medium Haul (>= 300 miles, < 2300 miles)",1770.0,passenger-mile,Client Meeting,California,Texas
226,E1026,2025-05-23,Employee Commuting,Light-Duty Truck,28.5,vehicle-mile,Commute,Texas,Texas
4079,E1080,2025-05-23,Employee Commuting,Passenger Car,39.6,vehicle-mile,Commute,California,California
4041,E1054,2025-05-23,Employee Commuting,Light-Duty Truck,28.5,vehicle-mile,Commute,Florida,Florida
4893,E1100,2025-05-23,Employee Commuting,Commuter Rail,36.0,passenger-mile,Commute,California,California
2986,E1096,2025-05-23,Employee Commuting,Light-Duty Truck,29.0,vehicle-mile,Commute,California,California
911,E1053,2025-05-23,Business Travel,"Air Travel - Medium Haul (>= 300 miles, < 2300 miles)",1796.3,passenger-mile,Site Visit,California,Georgia
2154,E1033,2025-05-23,Employee Commuting,Bus,26.9,passenger-mile,Commute,Illinois,Illinois
3239,E1071,2025-05-23,Employee Commuting,"Transit Rail (i.e. Subway, Tram)",15.0,passenger-mile,Commute,California,California
2284,E1062,2025-05-23,Business Travel,Air Travel - Long Haul (>= 2300 miles),4488.3,passenger-mile,Conference,Colorado,Georgia
75,E1099,2025-05-24,Employee Commuting,Passenger Car,38.0,vehicle-mile,Commute,Washington,Washington
3658,E1084,2025-05-24,Business Travel,Air Travel - Long Haul (>= 2300 miles),2598.2,passenger-mile,Site Visit,Other,Texas
1515,E1058,2025-05-24,Employee Commuting,Passenger Car,19.6,vehicle-mile,Commute,California,California
1235,E1005,2025-05-24,Employee Commuting,Passenger Car,20.2,vehicle-mile,Commute,California,California
4485,E1066,2025-05-24,Employee Commuting,"Transit Rail (i.e. Subway, Tram)",17.2,passenger-mile,Commute,California,California
1007,E1058,2025-05-24,Business Travel,Passenger Car,86.4,vehicle-mile,Off-site Meeting,California,Texas
4321,E1077,2025-05-24,Business Travel,"Air Travel - Medium Haul (>= 300 miles, < 2300 miles)",1406.7,passenger-mile,Off-site Meeting,New York,Texas
1203,E1042,2025-05-24,Employee Commuting,Passenger Car,9.6,vehicle-mile,Commute,New York,New York
808,E1049,2025-05-24,Employee Commuting,Passenger Car,32.2,vehicle-mile,Commute,Colorado,Colorado
3481,E1055,2025-05-24,Employee Commuting,Commuter Rail,34.8,passenger-mile,Commute,Other,Other
3580,E1072,2025-05-24,Employee Commuting,Light-Duty Truck,7.2,vehicle-mile,Commute,Illinois,Illinois
86,E1049,2025-05-24,Employee Commuting,Light-Duty Truck,24.6,vehicle-mile,Commute,Colorado,Colorado
287,E1055,2025-05-25,Employee Commuting,Passenger Car,31.0,vehicle-mile,Commute,New York,New York
2240,E1069,2025-05-25,Business Travel,Air Travel - Short Haul (< 300 miles),151.5,passenger-mile,Site Visit,Washington,Illinois
889,E1007,2025-05-25,Business Travel,"Air Travel - Medium Haul (>= 300 miles, < 2300 miles)",1012.2,passenger-mile,Client Meeting,California,Other
2212,E1003,2025-05-25,Employee Commuting,"Transit Rail (i.e. Subway, Tram)",19.7,passenger-mile,Commute,New York,New York
4045,E1007,2025-05-25,Employee Commuting,Bus,34.2,passenger-mile,Commute,Georgia,Georgia
2485,E1063,2025-05-25,Employee Commuting,Passenger Car,29.4,vehicle-mile,Commute,California,California
2513,E1046,2025-05-25,Employee Commuting,"Transit Rail (i.e. Subway, Tram)",35.0,passenger-mile,Commute,Other,Other
217,E1018,2025-05-25,Employee Commuting,Bus,9.9,passenger-mile,Commute,Massachusetts,Massachusetts
4769,E1051,2025-05-25,Employee Commuting,Bus,26.8,passenger-mile,Commute,Georgia,Georgia
3004,E1040,2025-05-25,Employee Commuting,Passenger Car,4.3,vehicle-mile,Commute,Florida,Florida
2881,E1060,2025-05-25,Business Travel,Air Travel - Short Haul (< 300 miles),139.6,passenger-mile,Client Meeting,California,Massachusetts
2045,E1003,2025-05-25,Employee Commuting,Passenger Car,11.6,vehicle-mile,Commute,California,California
4470,E1005,2025-05-26,Employee Commuting,Light-Duty Truck,28.5,vehicle-mile,Commute,New York,New York
2406,E1009,2025-05-26,Employee Commuting,Light-Duty Truck,32.1,vehicle-mile,Commute,California,California
1022,E1060,2025-05-26,Business Travel,Bus,28.6,passenger-mile,Conference,Washington,Texas
3181,E1050,2025-05-26,Employee Commuting,Passenger Car,26.0,vehicle-mile,Commute,California,California
833,E1077,2025-05-26,Employee Commuting,"Transit Rail (i.e. Subway, Tram)",35.5,passenger-mile,Commute,Florida,Florida
2707,E1003,2025-05-26,Employee Commuting,Passenger Car,16.2,vehicle-mile,Commute,California,California
2948,E1100,2025-05-26,Employee Commuting,Motorcycle,9.6,vehicle-mile,Commute,Texas,Texas
4510,E1045,2025-05-26,Employee Commuting,"Transit Rail (i.e. Subway, Tram)",17.3,passenger-mile,Commute,California,California
165,E1026,2025-05-26,Employee Commuting,Passenger Car,3.7,vehicle-mile,Commute,New York,New York
1676,E1055,2025-05-26,Employee Commuting,Passenger Car,15.5,vehicle-mile,Commute,California,California
2286,E1048,2025-05-26,Employee Commuting,Light-Duty Truck,33.0,vehicle-mile,Commute,California,California
4837,E1065,2025-05-26,Employee Commuting,Passenger Car,19.3,vehicle-mile,Commute,Florida,Florida
1874,E1086,2025-05-26,Employee Commuting,Passenger Car,11.4,vehicle-mile,Commute,Other,Other
2451,E1006,2025-05-26,Employee Commuting,Passenger Car,23.2,vehicle-mile,Commute,Florida,Florida
299,E1045,2025-05-26,Business Travel,Bus,94.0,passenger-mile,Client Meeting,New York,Washington
773,E1069,2025-05-26,Employee Commuting,Passenger Car,23.5,vehicle-mile,Commute,Other,Other
438,E1081,2025-05-27,Employee Commuting,Passenger Car,38.9,vehicle-mile,Commute,Colorado,Colorado
2400,E1014,2025-05-27,Employee Commuting,Bus,34.4,passenger-mile,Commute,Texas,Texas
4313,E1075,2025-05-27,Employee Commuting,Bus,17.2,passenger-mile,Commute,California,California
1519,E1007,2025-05-27,Employee Commuting,Light-Duty Truck,8.5,vehicle-mile,Commute,California,California
1877,E1050,2025-05-27,Employee Commuting,Passenger Car,16.6,vehicle-mile,Commute,California,California
723,E1080,2025-05-28,Employee Commuting,Passenger Car,34.0,vehicle-mile,Commute,Other,Other
3819,E1065,2025-05-28,Employee Commuting,Bus,39.9,passenger-mile,Commute,Texas,Texas
3233,E1027,2025-05-28,Employee Commuting,"Transit Rail (i.e. Subway, Tram)",34.1,passenger-mile,Commute,California,California
3502,E1013,2025-05-28,Employee Commuting,Passenger Car,4.6,vehicle-mile,Commute,California,California
2049,E1037,2025-05-28,Business Travel,Intercity Rail - Other Routes,217.7,passenger-mile,Off-site Meeting,Florida,New York
1915,E1016,2025-05-28,Employee Commuting,Passenger Car,20.8,vehicle-mile,Commute,Other,Other
4934,E1057,2025-05-28,Employee Commuting,Passenger Car,39.5,vehicle-mile,Commute,California,California
2817,E1069,2025-05-28,Employee Commuting,Bus,8.6,passenger-mile,Commute,Texas,Texas
4573,E1065,2025-05-28,Business Travel,Intercity Rail - Northeast Corridor,74.9,passenger-mile,Client Meeting,Texas,Illinois
4506,E1088,2025-05-29,Business Travel,"Air Travel - Medium Haul (>= 300 miles, < 2300 miles)",1139.1,passenger-mile,Off-site Meeting,California,Colorado
2879,E1006,2025-05-29,Employee Commuting,Passenger Car,20.0,vehicle-mile,Commute,California,California
1981,E1064,2025-05-29,Employee Commuting,Bus,39.5,passenger-mile,Commute,California,California
4796,E1020,2025-05-29,Employee Commuting,Passenger Car,30.3,vehicle-mile,Commute,New York,New York
1680,E1006,2025-05-29,Employee Commuting,Passenger Car,16.9,vehicle-mile,Commute,Florida,Florida
1399,E1063,2025-05-29,Employee Commuting,Light-Duty Truck,8.1,vehicle-mile,Commute,Massachusetts,Massachusetts
1885,E1093,2025-05-29,Employee Commuting,"Transit Rail (i.e. Subway, Tram)",9.5,passenger-mile,Commute,Colorado,Colorado
3020,E1035,2025-05-29,Employee Commuting,Passenger Car,15.2,vehicle-mile,Commute,California,California
4365,E1077,2025-05-29,Employee Commuting,Passenger Car,28.9,vehicle-mile,Commute,California,California
1809,E1060,2025-05-29,Employee Commuting,Passenger Car,21.2,vehicle-mile,Commute,California,California
724,E1018,2025-05-29,Employee Commuting,Commuter Rail,6.0,passenger-mile,Commute,Washington,Washington
2469,E1075,2025-05-29,Business Travel,Intercity Rail - Northeast Corridor,160.1,passenger-mile,Site Visit,California,Texas
4099,E1060,2025-05-30,Employee Commuting,Passenger Car,34.2,vehicle-mile,Commute,Other,Other
2050,E1087,2025-05-30,Employee Commuting,Passenger Car,21.3,vehicle-mile,Commute,Georgia,Georgia
4427,E1021,2025-05-30,Business Travel,"Air Travel - Medium Haul (>= 300 miles, < 2300 miles)",309.0,passenger-mile,Conference,Colorado,Georgia
389,E1084,2025-05-30,Employee Commuting,Passenger Car,38.8,vehicle-mile,Commute,California,California
1997,E1066,2025-05-30,Employee Commuting,Light-Duty Truck,25.6,vehicle-mile,Commute,California,California
4808,E1005,2025-05-30,Business Travel,Air Travel - Short Haul (< 300 miles),126.9,passenger-mile,Off-site Meeting,Washington,Other
846,E1019,2025-05-30,Employee Commuting,Passenger Car,33.7,vehicle-mile,Commute,Colorado,Colorado
4908,E1042,2025-05-30,Business Travel,Passenger Car,20.2,vehicle-mile,Site Visit,Washington,New York
4426,E1048,2025-05-30,Employee Commuting,Commuter Rail,12.5,passenger-mile,Commute,Other,Other
2601,E1016,2025-05-30,Business Travel,Intercity Rail - Northeast Corridor,253.1,passenger-mile,Conference,Illinois,Other
3215,E1042,2025-05-30,Business Travel,Light-Duty Truck,57.4,vehicle-mile,Off-site Meeting,California,Texas
4242,E1032,2025-05-30,Business Travel,Air Travel - Short Haul (< 300 miles),211.3,passenger-mile,Off-site Meeting,California,Georgia
2215,E1020,2025-05-30,Employee Commuting,Passenger Car,4.5,vehicle-mile,Commute,Florida,Florida
4581,E1019,2025-05-30,Employee Commuting,Light-Duty Truck,30.5,vehicle-mile,Commute,Colorado,Colorado
4971,E1094,2025-05-30,Business Travel,Intercity Rail - Northeast Corridor,180.7,passenger-mile,Off-site Meeting,California,Massachusetts
3610,E1012,2025-05-30,Employee Commuting,Passenger Car,20.0,vehicle-mile,Commute,New York,New York
764,E1014,2025-05-30,Employee Commuting,Passenger Car,20.7,vehicle-mile,Commute,California,California
4337,E1069,2025-05-31,Employee Commuting,Passenger Car,8.6,vehicle-mile,Commute,California,California
290,E1032,2025-05-31,Business Travel,"Air Travel - Medium Haul (>= 300 miles, < 2300 miles)",394.7,passenger-mile,Conference,California,Washington
2831,E1063,2025-05-31,Business Travel,"Transit Rail (i.e. Subway, Tram)",28.6,passenger-mile,Client Meeting,New York,Illinois
906,E1085,2025-05-31,Employee Commuting,Bus,10.7,passenger-mile,Commute,Texas,Texas
3467,E1062,2025-05-31,Business Travel,Air Travel - Long Haul (>= 2300 miles),2950.7,passenger-mile,Client Meeting,California,Other
70,E1049,2025-05-31,Employee Commuting,Passenger Car,24.5,vehicle-mile,Commute,Florida,Florida
3032,E1063,2025-05-31,Employee Commuting,Commuter Rail,17.3,passenger-mile,Commute,Florida,Florida
2251,E1015,2025-05-31,Business Travel,Passenger Car,62.0,vehicle-mile,Conference,California,Other
1593,E1023,2025-05-31,Business Travel,Air Travel - Short Haul (< 300 miles),164.5,passenger-mile,Off-site Meeting,New York,Other
3881,E1014,2025-05-31,Employee Commuting,Bus,21.5,passenger-mile,Commute,California,California
33,E1039,2025-05-31,Employee Commuting,Passenger Car,7.2,vehicle-mile,Commute,Other,Other
783,E1055,2025-05-31,Business Travel,"Air Travel - Medium Haul (>= 300 miles, < 2300 miles)",913.6,passenger-mile,Client Meeting,Other,Florida
3376,E1080,2025-05-31,Employee Commuting,Passenger Car,23.9,vehicle-mile,Commute,Texas,Texas
252,E1095,2025-05-31,Employee Commuting,Passenger Car,22.7,vehicle-mile,Commute,California,California
359,E1068,2025-06-01,Employee Commuting,Motorcycle,23.2,vehicle-mile,Commute,Texas,Texas
1217,E1097,2025-06-01,Employee Commuting,Passenger Car,13.7,vehicle-mile,Commute,New York,New York
2293,E1036,2025-06-01,Employee Commuting,Passenger Car,8.7,vehicle-mile,Commute,Washington,Washington
2890,E1064,2025-06-01,Employee Commuting,Bus,28.0,passenger-mile,Commute,Illinois,Illinois
1761,E1051,2025-06-01,Business Travel,Air Travel - Short Haul (< 300 miles),192.7,passenger-mile,Client Meeting,Other,Washington
3159,E1009,2025-06-01,Employee Commuting,"Transit Rail (i.e. Subway, Tram)",20.1,passenger-mile,Commute,California,California
1162,E1036,2025-06-01,Employee Commuting,Passenger Car,26.7,vehicle-mile,Commute,California,California
1102,E1035,2025-06-01,Business Travel,Air Travel - Long Haul (>= 2300 miles),4238.8,passenger-mile,Conference,Other,Illinois
3960,E1058,2025-06-01,Employee Commuting,Passenger Car,18.9,vehicle-mile,Commute,Florida,Florida
4982,E1031,2025-06-01,Employee Commuting,Passenger Car,20.3,vehicle-mile,Commute,Florida,Florida
4220,E1037,2025-06-01,Employee Commuting,Passenger Car,25.7,vehicle-mile,Commute,Other,Other
1201,E1017,2025-06-02,Employee Commuting,Passenger Car,21.8,vehicle-mile,Commute,Colorado,Colorado
3380,E1058,2025-06-02,Business Travel,Passenger Car,66.7,vehicle-mile,Client Meeting,Texas,Georgia
4457,E1009,2025-06-02,Business Travel,Motorcycle,51.2,vehicle-mile,Site Visit,Illinois,Colorado
3402,E1060,2025-06-02,Employee Commuting,"Transit Rail (i.e. Subway, Tram)",32.2,passenger-mile,Commute,Texas,Texas
191,E1043,2025-06-02,Business Travel,"Air Travel - Medium Haul (>= 300 miles, < 2300 miles)",1001.1,passenger-mile,Site Visit,Washington,Texas
1058,E1099,2025-06-02,Business Travel,"Air Travel - Medium Haul (>= 300 miles, < 2300 miles)",1172.0,passenger-mile,Conference,California,California
2533,E1030,2025-06-02,Employee Commuting,Passenger Car,16.2,vehicle-mile,Commute,California,California
519,E1096,2025-06-02,Employee Commuting,Light-Duty Truck,14.0,vehicle-mile,Commute,California,California
2364,E1089,2025-06-02,Employee Commuting,Passenger Car,40.0,vehicle-mile,Commute,California,California
3104,E1025,2025-06-02,Employee Commuting,Passenger Car,22.0,vehicle-mile,Commute,California,California
1289,E1080,2025-06-03,Employee Commuting,Motorcycle,9.5,vehicle-mile,Commute,Other,Other
879,E1023,2025-06-03,Employee Commuting,Passenger Car,13.6,vehicle-mile,Commute,Illinois,Illinois
1395,E1044,2025-06-03,Employee Commuting,Passenger Car,18.6,vehicle-mile,Commute,California,California
2803,E1097,2025-06-03,Employee Commuting,Commuter Rail,35.7,passenger-mile,Commute,New York,New York
2380,E1028,2025-06-03,Employee Commuting,Passenger Car,25.2,vehicle-mile,Commute,New York,New York
2851,E1084,2025-06-03,Employee Commuting,Passenger Car,37.5,vehicle-mile,Commute,Colorado,Colorado
1888,E1064,2025-06-03,Business Travel,"Air Travel - Medium Haul (>= 300 miles, < 2300 miles)",476.4,passenger-mile,Client Meeting,California,Florida
1392,E1045,2025-06-03,Business Travel,Air Travel - Long Haul (>= 2300 miles),3060.6,passenger-mile,Client Meeting,Washington,New York
4090,E1032,2025-06-03,Business Travel,Air Travel - Short Haul (< 300 miles),263.3,passenger-mile,Site Visit,Illinois,Florida
2107,E1069,2025-06-03,Employee Commuting,Bus,33.4,passenger-mile,Commute,Illinois,Illinois
4290,E1067,2025-06-03,Employee Commuting,Motorcycle,38.9,vehicle-mile,Commute,California,California
2313,E1077,2025-06-03,Employee Commuting,Passenger Car,24.2,vehicle-mile,Commute,Other,Other
3207,E1081,2025-06-03,Employee Commuting,Motorcycle,34.9,vehicle-mile,Commute,Illinois,Illinois
3804,E1088,2025-06-03,Employee Commuting,Passenger Car,13.7,vehicle-mile,Commute,California,California
2401,E1039,2025-06-03,Business Travel,Motorcycle,5.1,vehicle-mile,Site Visit,New York,Massachusetts
2919,E1036,2025-06-03,Employee Commuting,Passenger Car,24.2,vehicle-mile,Commute,California,California
376,E1027,2025-06-03,Employee Commuting,Passenger Car,33.4,vehicle-mile,Commute,Colorado,Colorado
4697,E1071,2025-06-03,Employee Commuting,Passenger Car,18.4,vehicle-mile,Commute,California,California
863,E1020,2025-06-04,Employee Commuting,Passenger Car,14.6,vehicle-mile,Commute,Washington,Washington
4596,E1068,2025-06-04,Business Travel,"Air Travel - Medium Haul (>= 300 miles, < 2300 miles)",531.0,passenger-mile,Client Meeting,New York,Washington
4520,E1070,2025-06-04,Employee Commuting,Commuter Rail,14.4,passenger-mile,Commute,New York,New York
4554,E1076,2025-06-04,Employee Commuting,Passenger Car,15.6,vehicle-mile,Commute,Washington,Washington
47,E1046,2025-06-04,Employee Commuting,Bus,8.2,passenger-mile,Commute,California,California
1487,E1036,2025-06-04,Employee Commuting,Passenger Car,37.7,vehicle-mile,Commute,Illinois,Illinois
4620,E1069,2025-06-04,Employee Commuting,"Transit Rail (i.e. Subway, Tram)",26.4,passenger-mile,Commute,Texas,Texas
3296,E1097,2025-06-04,Business Travel,"Air Travel - Medium Haul (>= 300 miles, < 2300 miles)",1675.2,passenger-mile,Site Visit,Washington,Massachusetts
2962,E1030,2025-06-04,Employee Commuting,Light-Duty Truck,33.1,vehicle-mile,Commute,Texas,Texas
4266,E1074,2025-06-04,Employee Commuting,Passenger Car,31.0,vehicle-mile,Commute,Illinois,Illinois
1388,E1032,2025-06-04,Employee Commuting,Passenger Car,26.4,vehicle-mile,Commute,California,California
426,E1030,2025-06-04,Employee Commuting,Bus,17.2,passenger-mile,Commute,California,California
3686,E1064,2025-06-04,Employee Commuting,Passenger Car,25.4,vehicle-mile,Commute,Georgia,Georgia
3166,E1007,2025-06-04,Employee Commuting,Passenger Car,20.6,vehicle-mile,Commute,Georgia,Georgia
3157,E1004,2025-06-04,Business Travel,Bus,15.5,passenger-mile,Off-site Meeting,Illinois,Other
2034,E1053,2025-06-04,Business Travel,Air Travel - Long Haul (>= 2300 miles),3847.3,passenger-mile,Conference,Texas,Washington
4945,E1073,2025-06-05,Employee Commuting,"Transit Rail (i.e. Subway, Tram)",13.6,passenger-mile,Commute,California,California
1082,E1066,2025-06-05,Employee Commuting,Passenger Car,7.3,vehicle-mile,Commute,California,California
2379,E1022,2025-06-05,Employee Commuting,Passenger Car,31.1,vehicle-mile,Commute,Illinois,Illinois
1501,E1021,2025-06-05,Employee Commuting,Light-Duty Truck,13.9,vehicle-mile,Commute,California,California
2985,E1045,2025-06-05,Employee Commuting,Passenger Car,6.4,vehicle-mile,Commute,California,California
87,E1087,2025-06-05,Employee Commuting,Bus,35.9,passenger-mile,Commute,California,California
611,E1043,2025-06-05,Employee Commuting,Motorcycle,36.7,vehicle-mile,Commute,Texas,Texas
4015,E1037,2025-06-05,Employee Commuting,Bus,38.9,passenger-mile,Commute,California,California
593,E1067,2025-06-05,Employee Commuting,Passenger Car,13.0,vehicle-mile,Commute,Other,Other
4889,E1053,2025-06-05,Business Travel,Light-Duty Truck,54.6,vehicle-mile,Site Visit,New York,Texas
2399,E1007,2025-06-05,Business Travel,"Air Travel - Medium Haul (>= 300 miles, < 2300 miles)",1137.8,passenger-mile,Conference,Georgia,Other
1986,E1035,2025-06-05,Employee Commuting,Bus,15.6,passenger-mile,Commute,California,California
2770,E1080,2025-06-05,Employee Commuting,Passenger Car,26.9,vehicle-mile,Commute,Colorado,Colorado
134,E1064,2025-06-06,Business Travel,Air Travel - Short Haul (< 300 miles),277.9,passenger-mile,Conference,California,Washington
1344,E1072,2025-06-06,Employee Commuting,Light-Duty Truck,30.7,vehicle-mile,Commute,New York,New York
4964,E1075,2025-06-06,Business Travel,Air Travel - Long Haul (>= 2300 miles),2703.7,passenger-mile,Client Meeting,Washington,New York
2538,E1098,2025-06-06,Business Travel,Air Travel - Long Haul (>= 2300 miles),3049.0,passenger-mile,Site Visit,California,Illinois
481,E1072,2025-06-06,Employee Commuting,"Transit Rail (i.e. Subway, Tram)",29.3,passenger-mile,Commute,California,California
3849,E1005,2025-06-06,Business Travel,"Air Travel - Medium Haul (>= 300 miles, < 2300 miles)",819.0,passenger-mile,Off-site Meeting,California,Texas
4272,E1053,2025-06-06,Business Travel,"Air Travel - Medium Haul (>= 300 miles, < 2300 miles)",455.6,passenger-mile,Conference,California,New York
4016,E1017,2025-06-07,Employee Commuting,"Transit Rail (i.e. Subway, Tram)",32.1,passenger-mile,Commute,Illinois,Illinois
2405,E1079,2025-06-07,Business Travel,"Air Travel - Medium Haul (>= 300 miles, < 2300 miles)",301.7,passenger-mile,Site Visit,California,Washington
2629,E1038,2025-06-07,Employee Commuting,Passenger Car,22.7,vehicle-mile,Commute,California,California
204,E1005,2025-06-07,Business Travel,Passenger Car,5.5,vehicle-mile,Off-site Meeting,Georgia,Colorado
188,E1084,2025-06-07,Employee Commuting,Passenger Car,16.1,vehicle-mile,Commute,Florida,Florida
395,E1086,2025-06-07,Employee Commuting,Passenger Car,11.9,vehicle-mile,Commute,Georgia,Georgia
3073,E1015,2025-06-07,Employee Commuting,Light-Duty Truck,20.7,vehicle-mile,Commute,New York,New York
3877,E1013,2025-06-07,Business Travel,Intercity Rail - Northeast Corridor,374.2,passenger-mile,Conference,Massachusetts,Illinois
2562,E1095,2025-06-07,Employee Commuting,Passenger Car,9.7,vehicle-mile,Commute,California,California
3893,E1041,2025-06-07,Employee Commuting,Passenger Car,26.1,vehicle-mile,Commute,Colorado,Colorado
2317,E1038,2025-06-07,Employee Commuting,Passenger Car,23.0,vehicle-mile,Commute,California,California
2832,E1051,2025-06-08,Business Travel,Air Travel - Short Haul (< 300 miles),194.9,passenger-mile,Off-site Meeting,California,Other
719,E1060,2025-06-08,Employee Commuting,Commuter Rail,21.2,passenger-mile,Commute,Florida,Florida
3751,E1038,2025-06-08,Employee Commuting,Light-Duty Truck,17.4,vehicle-mile,Commute,California,California
2459,E1038,2025-06-08,Employee Commuting,Light-Duty Truck,24.3,vehicle-mile,Commute,California,California
4213,E1085,2025-06-08,Employee Commuting,"Transit Rail (i.e. Subway, Tram)",17.1,passenger-mile,Commute,California,California
4333,E1020,2025-06-08,Business Travel,"Air Travel - Medium Haul (>= 300 miles, < 2300 miles)",872.3,passenger-mile,Conference,California,Texas
4752,E1075,2025-06-09,Employee Commuting,Passenger Car,9.1,vehicle-mile,Commute,Colorado,Colorado
63,E1069,2025-06-09,Employee Commuting,Bus,37.9,passenger-mile,Commute,Colorado,Colorado
1475,E1070,2025-06-09,Employee Commuting,Passenger Car,39.5,vehicle-mile,Commute,California,California
4078,E1065,2025-06-09,Employee Commuting,Bus,25.3,passenger-mile,Commute,Florida,Florida
3891,E1089,2025-06-09,Business Travel,"Air Travel - Medium Haul (>= 300 miles, < 2300 miles)",911.0,passenger-mile,Off-site Meeting,Massachusetts,Other
322,E1021,2025-06-09,Employee Commuting,Passenger Car,21.0,vehicle-mile,Commute,California,California
4996,E1068,2025-06-09,Business Travel,"Air Travel - Medium Haul (>= 300 miles, < 2300 miles)",1517.2,passenger-mile,Client Meeting,New York,New York
4379,E1002,2025-06-09,Employee Commuting,Passenger Car,14.1,vehicle-mile,Commute,California,California
1538,E1035,2025-06-09,Employee Commuting,Passenger Car,38.7,vehicle-mile,Commute,California,California
277,E1033,2025-06-09,Employee Commuting,Passenger Car,26.8,vehicle-mile,Commute,California,California
2883,E1097,2025-06-09,Employee Commuting,Bus,31.3,passenger-mile,Commute,New York,New York
2824,E1069,2025-06-09,Business Travel,"Air Travel - Medium Haul (>= 300 miles, < 2300 miles)",1364.3,passenger-mile,Client Meeting,Florida,Texas
2753,E1024,2025-06-09,Employee Commuting,Passenger Car,31.1,vehicle-mile,Commute,Illinois,Illinois
4349,E1008,2025-06-10,Employee Commuting,Passenger Car,5.3,vehicle-mile,Commute,Texas,Texas
4034,E1077,2025-06-10,Employee Commuting,Passenger Car,23.6,vehicle-mile,Commute,New York,New York
1315,E1069,2025-06-10,Employee Commuting,Motorcycle,12.4,vehicle-mile,Commute,Illinois,Illinois
2988,E1074,2025-06-10,Business Travel,"Air Travel - Medium Haul (>= 300 miles, < 2300 miles)",938.2,passenger-mile,Client Meeting,Texas,Georgia
4860,E1081,2025-06-10,Employee Commuting,"Transit Rail (i.e. Subway, Tram)",37.0,passenger-mile,Commute,Washington,Washington
4558,E1096,2025-06-10,Employee Commuting,Bus,36.8,passenger-mile,Commute,Massachusetts,Massachusetts
551,E1048,2025-06-10,Employee Commuting,Passenger Car,11.0,vehicle-mile,Commute,Other,Other
3915,E1055,2025-06-10,Business Travel,"Air Travel - Medium Haul (>= 300 miles, < 2300 miles)",936.4,passenger-mile,Off-site Meeting,California,Other
2689,E1062,2025-06-10,Employee Commuting,"Transit Rail (i.e. Subway, Tram)",3.8,passenger-mile,Commute,California,California
2639,E1091,2025-06-10,Employee Commuting,"Transit Rail (i.e. Subway, Tram)",17.2,passenger-mile,Commute,Other,Other
1389,E1040,2025-06-10,Business Travel,"Air Travel - Medium Haul (>= 300 miles, < 2300 miles)",1766.1,passenger-mile,Client Meeting,California,Florida
45,E1053,2025-06-10,Business Travel,Passenger Car,41.6,vehicle-mile,Client Meeting,Washington,Illinois
2084,E1041,2025-06-10,Employee Commuting,Passenger Car,29.6,vehicle-mile,Commute,California,California
4279,E1003,2025-06-10,Business Travel,"Air Travel - Medium Haul (>= 300 miles, < 2300 miles)",1185.2,passenger-mile,Off-site Meeting,Massachusetts,Washington
3101,E1027,2025-06-10,Employee Commuting,Light-Duty Truck,33.9,vehicle-mile,Commute,California,California
451,E1096,2025-06-11,Business Travel,Air Travel - Short Haul (< 300 miles),235.7,passenger-mile,Site Visit,California,California
3139,E1047,2025-06-11,Business Travel,Air Travel - Long Haul (>= 2300 miles),4042.9,passenger-mile,Site Visit,Washington,Washington
4829,E1090,2025-06-11,Employee Commuting,Light-Duty Truck,28.7,vehicle-mile,Commute,Other,Other
569,E1032,2025-06-11,Employee Commuting,Passenger Car,6.9,vehicle-mile,Commute,Georgia,Georgia
3099,E1019,2025-06-11,Employee Commuting,Passenger Car,6.9,vehicle-mile,Commute,California,California
4030,E1050,2025-06-11,Employee Commuting,Light-Duty Truck,5.9,vehicle-mile,Commute,California,California
2734,E1038,2025-06-11,Employee Commuting,"Transit Rail (i.e. Subway, Tram)",10.2,passenger-mile,Commute,Georgia,Georgia
2682,E1028,2025-06-11,Employee Commuting,Passenger Car,13.9,vehicle-mile,Commute,California,California
721,E1024,2025-06-11,Employee Commuting,"Transit Rail (i.e. Subway, Tram)",7.7,passenger-mile,Commute,Texas,Texas
2052,E1023,2025-06-11,Employee Commuting,Passenger Car,22.9,vehicle-mile,Commute,California,California
3173,E1008,2025-06-12,Employee Commuting,Passenger Car,36.0,vehicle-mile,Commute,Texas,Texas
294,E1030,2025-06-12,Employee Commuting,Passenger Car,33.3,vehicle-mile,Commute,Florida,Florida
76,E1057,2025-06-12,Business Travel,Air Travel - Long Haul (>= 2300 miles),3509.0,passenger-mile,Conference,California,Colorado
3053,E1028,2025-06-12,Business Travel,Intercity Rail - Northeast Corridor,108.1,passenger-mile,Conference,Florida,Colorado
1345,E1005,2025-06-12,Employee Commuting,Bus,22.6,passenger-mile,Commute,California,California
596,E1008,2025-06-12,Employee Commuting,Passenger Car,35.5,vehicle-mile,Commute,California,California
4059,E1053,2025-06-12,Business Travel,"Air Travel - Medium Haul (>= 300 miles, < 2300 miles)",816.8,passenger-mile,Client Meeting,California,Other
4167,E1084,2025-06-12,Employee Commuting,Commuter Rail,32.1,passenger-mile,Commute,Illinois,Illinois
4957,E1054,2025-06-12,Employee Commuting,"Transit Rail (i.e. Subway, Tram)",12.8,passenger-mile,Commute,Texas,Texas
3466,E1005,2025-06-12,Employee Commuting,Passenger Car,22.3,vehicle-mile,Commute,Other,Other
3822,E1033,2025-06-12,Employee Commuting,"Transit Rail (i.e. Subway, Tram)",39.9,passenger-mile,Commute,California,California
2031,E1035,2025-06-12,Employee Commuting,"Transit Rail (i.e. Subway, Tram)",29.5,passenger-mile,Commute,California,California
4042,E1019,2025-06-12,Business Travel,"Air Travel - Medium Haul (>= 300 miles, < 2300 miles)",986.0,passenger-mile,Site Visit,Texas,Washington
1749,E1084,2025-06-12,Employee Commuting,Bus,25.5,passenger-mile,Commute,Colorado,Colorado
1685,E1021,2025-06-12,Employee Commuting,"Transit Rail (i.e. Subway, Tram)",17.3,passenger-mile,Commute,California,California
4358,E1043,2025-06-13,Employee Commuting,Passenger Car,38.8,vehicle-mile,Commute,California,California
1271,E1004,2025-06-13,Business Travel,Intercity Rail - Other Routes,539.9,passenger-mile,Conference,Massachusetts,California
3156,E1026,2025-06-13,Employee Commuting,Passenger Car,16.3,vehicle-mile,Commute,California,California
4970,E1041,2025-06-13,Employee Commuting,"Transit Rail (i.e. Subway, Tram)",34.0,passenger-mile,Commute,New York,New York
4638,E1045,2025-06-13,Employee Commuting,Light-Duty Truck,38.7,vehicle-mile,Commute,Colorado,Colorado
275,E1024,2025-06-13,Employee Commuting,Light-Duty Truck,6.5,vehicle-mile,Commute,Illinois,Illinois
4087,E1070,2025-06-13,Employee Commuting,Light-Duty Truck,13.8,vehicle-mile,Commute,Colorado,Colorado
2700,E1079,2025-06-13,Employee Commuting,Passenger Car,37.3,vehicle-mile,Commute,Washington,Washington
2185,E1020,2025-06-13,Business Travel,Passenger Car,80.2,vehicle-mile,Client Meeting,Georgia,Washington
1150,E1017,2025-06-13,Employee Commuting,Light-Duty Truck,8.7,vehicle-mile,Commute,California,California
1108,E1067,2025-06-13,Business Travel,Intercity Rail - Northeast Corridor,336.9,passenger-mile,Client Meeting,Colorado,Florida
2669,E1072,2025-06-13,Employee Commuting,Passenger Car,10.1,vehicle-mile,Commute,Washington,Washington
4675,E1029,2025-06-13,Employee Commuting,Light-Duty Truck,9.8,vehicle-mile,Commute,Texas,Texas
2793,E1082,2025-06-13,Employee Commuting,Bus,20.1,passenger-mile,Commute,California,California
1348,E1043,2025-06-13,Employee Commuting,Passenger Car,28.5,vehicle-mile,Commute,Other,Other
243,E1028,2025-06-13,Employee Commuting,Passenger Car,31.6,vehicle-mile,Commute,California,California
3381,E1088,2025-06-14,Business Travel,"Air Travel - Medium Haul (>= 300 miles, < 2300 miles)",616.2,passenger-mile,Conference,California,New York
3202,E1088,2025-06-14,Employee Commuting,Passenger Car,8.4,vehicle-mile,Commute,California,California
2804,E1016,2025-06-14,Employee Commuting,"Transit Rail (i.e. Subway, Tram)",13.8,passenger-mile,Commute,California,California
157,E1034,2025-06-14,Business Travel,"Air Travel - Medium Haul (>= 300 miles, < 2300 miles)",1545.3,passenger-mile,Conference,Illinois,Washington
4693,E1069,2025-06-14,Employee Commuting,Passenger Car,7.4,vehicle-mile,Commute,Illinois,Illinois
3178,E1067,2025-06-14,Employee Commuting,Commuter Rail,17.4,passenger-mile,Commute,Other,Other
473,E1054,2025-06-14,Employee Commuting,"Transit Rail (i.e. Subway, Tram)",3.5,passenger-mile,Commute,New York,New York
1171,E1038,2025-06-14,Employee Commuting,"Transit Rail (i.e. Subway, Tram)",14.4,passenger-mile,Commute,Colorado,Colorado
2073,E1052,2025-06-14,Employee Commuting,Commuter Rail,33.3,passenger-mile,Commute,Colorado,Colorado
2497,E1041,2025-06-14,Employee Commuting,Light-Duty Truck,25.0,vehicle-mile,Commute,Colorado,Colorado
2593,E1028,2025-06-14,Business Travel,Air Travel - Long Haul (>= 2300 miles),4270.8,passenger-mile,Client Meeting,Colorado,New York
4943,E1029,2025-06-14,Employee Commuting,Passenger Car,9.2,vehicle-mile,Commute,New York,New York
3999,E1053,2025-06-14,Employee Commuting,Bus,25.6,passenger-mile,Commute,California,California
4135,E1003,2025-06-14,Employee Commuting,Light-Duty Truck,3.2,vehicle-mile,Commute,California,California
546,E1036,2025-06-15,Employee Commuting,Commuter Rail,10.9,passenger-mile,Commute,Florida,Florida
4674,E1002,2025-06-15,Employee Commuting,Passenger Car,34.9,vehicle-mile,Commute,Washington,Washington
101,E1082,2025-06-15,Employee Commuting,"Transit Rail (i.e. Subway, Tram)",15.9,passenger-mile,Commute,Texas,Texas
3025,E1050,2025-06-15,Business Travel,"Air Travel - Medium Haul (>= 300 miles, < 2300 miles)",694.2,passenger-mile,Site Visit,California,California
2531,E1046,2025-06-15,Employee Commuting,Passenger Car,15.8,vehicle-mile,Commute,Washington,Washington
469,E1082,2025-06-15,Employee Commuting,Commuter Rail,16.7,passenger-mile,Commute,New York,New York
2411,E1061,2025-06-15,Employee Commuting,Bus,26.6,passenger-mile,Commute,New York,New York
4315,E1048,2025-06-15,Business Travel,Light-Duty Truck,61.5,vehicle-mile,Site Visit,Texas,California
1041,E1080,2025-06-15,Business Travel,Commuter Rail,34.2,passenger-mile,Conference,Georgia,Texas
1985,E1034,2025-06-15,Employee Commuting,Commuter Rail,5.5,passenger-mile,Commute,Washington,Washington
947,E1066,2025-06-15,Employee Commuting,Passenger Car,30.2,vehicle-mile,Commute,New York,New York
4498,E1031,2025-06-15,Business Travel,"Air Travel - Medium Haul (>= 300 miles, < 2300 miles)",1240.7,passenger-mile,Site Visit,Washington,New York
4192,E1021,2025-06-15,Business Travel,Passenger Car,71.6,vehicle-mile,Client Meeting,California,Illinois
982,E1013,2025-06-15,Employee Commuting,Passenger Car,27.8,vehicle-mile,Commute,Texas,Texas
4529,E1074,2025-06-15,Business Travel,Passenger Car,62.9,vehicle-mile,Client Meeting,California,New York
987,E1086,2025-06-15,Employee Commuting,Passenger Car,22.4,vehicle-mile,Commute,Other,Other
1715,E1084,2025-06-15,Employee Commuting,Passenger Car,22.0,vehicle-mile,Commute,New York,New York
1074,E1026,2025-06-15,Employee Commuting,Light-Duty Truck,28.9,vehicle-mile,Commute,California,California
2812,E1001,2025-06-16,Business Travel,"Air Travel - Medium Haul (>= 300 miles, < 2300 miles)",356.1,passenger-mile,Client Meeting,New York,Florida
3206,E1055,2025-06-16,Employee Commuting,Passenger Car,38.4,vehicle-mile,Commute,California,California
4881,E1022,2025-06-16,Business Travel,Light-Duty Truck,5.6,vehicle-mile,Site Visit,California,Washington
1862,E1028,2025-06-16,Employee Commuting,Passenger Car,16.2,vehicle-mile,Commute,Georgia,Georgia
4038,E1054,2025-06-16,Employee Commuting,Passenger Car,16.7,vehicle-mile,Commute,California,California
1151,E1006,2025-06-16,Employee Commuting,Passenger Car,18.5,vehicle-mile,Commute,Colorado,Colorado
3468,E1031,2025-06-16,Employee Commuting,Commuter Rail,16.5,passenger-mile,Commute,Texas,Texas
1596,E1044,2025-06-16,Business Travel,"Air Travel - Medium Haul (>= 300 miles, < 2300 miles)",896.6,passenger-mile,Conference,Other,California
4565,E1086,2025-06-16,Employee Commuting,Bus,30.4,passenger-mile,Commute,California,California
4973,E1011,2025-06-16,Employee Commuting,Passenger Car,18.5,vehicle-mile,Commute,Other,Other
2221,E1018,2025-06-16,Business Travel,Passenger Car,28.5,vehicle-mile,Conference,California,Texas
2009,E1064,2025-06-16,Employee Commuting,"Transit Rail (i.e. Subway, Tram)",35.2,passenger-mile,Commute,Texas,Texas
521,E1066,2025-06-16,Business Travel,Air Travel - Short Haul (< 300 miles),124.3,passenger-mile,Client Meeting,Colorado,Other
279,E1064,2025-06-16,Employee Commuting,Passenger Car,18.8,vehicle-mile,Commute,California,California
4055,E1007,2025-06-16,Business Travel,"Air Travel - Medium Haul (>= 300 miles, < 2300 miles)",1648.8,passenger-mile,Client Meeting,California,Texas
1205,E1098,2025-06-17,Employee Commuting,Passenger Car,10.1,vehicle-mile,Commute,Massachusetts,Massachusetts
4100,E1062,2025-06-17,Employee Commuting,Bus,38.8,passenger-mile,Commute,Colorado,Colorado
1470,E1006,2025-06-17,Business Travel,Motorcycle,71.9,vehicle-mile,Site Visit,Other,Florida
3932,E1042,2025-06-17,Employee Commuting,Passenger Car,13.5,vehicle-mile,Commute,New York,New York
1654,E1044,2025-06-17,Business Travel,Intercity Rail - National Average,654.9,passenger-mile,Site Visit,Other,Massachusetts
1679,E1027,2025-06-17,Employee Commuting,"Transit Rail (i.e. Subway, Tram)",21.9,passenger-mile,Commute,Texas,Texas
4508,E1022,2025-06-17,Employee Commuting,"Transit Rail (i.e. Subway, Tram)",11.6,passenger-mile,Commute,California,California
526,E1004,2025-06-17,Employee Commuting,Motorcycle,22.8,vehicle-mile,Commute,New York,New York
4436,E1075,2025-06-17,Employee Commuting,Passenger Car,25.5,vehicle-mile,Commute,California,California
3067,E1051,2025-06-17,Employee Commuting,Passenger Car,20.2,vehicle-mile,Commute,California,California
1613,E1051,2025-06-17,Employee Commuting,Passenger Car,36.7,vehicle-mile,Commute,California,California
1574,E1087,2025-06-17,Employee Commuting,Bus,32.3,passenger-mile,Commute,Washington,Washington
1892,E1046,2025-06-17,Business Travel,"Air Travel - Medium Haul (>= 300 miles, < 2300 miles)",1480.0,passenger-mile,Client Meeting,California,Colorado
2302,E1065,2025-06-17,Employee Commuting,Passenger Car,23.1,vehicle-mile,Commute,Washington,Washington
1898,E1051,2025-06-18,Employee Commuting,Motorcycle,21.7,vehicle-mile,Commute,Other,Other
1050,E1093,2025-06-18,Business Travel,"Air Travel - Medium Haul (>= 300 miles, < 2300 miles)",1054.8,passenger-mile,Client Meeting,Colorado,Other
2354,E1053,2025-06-18,Employee Commuting,Passenger Car,38.5,vehicle-mile,Commute,Other,Other
3773,E1004,2025-06-18,Employee Commuting,Passenger Car,5.2,vehicle-mile,Commute,Colorado,Colorado
4229,E1089,2025-06-18,Employee Commuting,Passenger Car,24.7,vehicle-mile,Commute,California,California
2385,E1038,2025-06-18,Employee Commuting,Bus,35.5,passenger-mile,Commute,California,California
2388,E1033,2025-06-18,Employee Commuting,Motorcycle,11.5,vehicle-mile,Commute,California,California
2426,E1099,2025-06-18,Employee Commuting,Passenger Car,8.1,vehicle-mile,Commute,California,California
4826,E1036,2025-06-18,Business Travel,Air Travel - Long Haul (>= 2300 miles),3841.5,passenger-mile,Site Visit,Illinois,Illinois
445,E1093,2025-06-18,Business Travel,Air Travel - Short Haul (< 300 miles),159.6,passenger-mile,Site Visit,California,Texas
2886,E1005,2025-06-19,Business Travel,Intercity Rail - Other Routes,473.7,passenger-mile,Site Visit,Colorado,Other
4586,E1096,2025-06-19,Employee Commuting,"Transit Rail (i.e. Subway, Tram)",9.7,passenger-mile,Commute,Texas,Texas
4010,E1077,2025-06-19,Employee Commuting,Passenger Car,18.4,vehicle-mile,Commute,Washington,Washington
4673,E1019,2025-06-19,Employee Commuting,Passenger Car,30.9,vehicle-mile,Commute,New York,New York
4894,E1010,2025-06-19,Employee Commuting,Bus,26.2,passenger-mile,Commute,Texas,Texas
2322,E1012,2025-06-19,Business Travel,"Air Travel - Medium Haul (>= 300 miles, < 2300 miles)",1541.2,passenger-mile,Conference,California,Georgia
3433,E1069,2025-06-19,Employee Commuting,Passenger Car,21.1,vehicle-mile,Commute,New York,New York
4097,E1034,2025-06-19,Employee Commuting,Passenger Car,35.8,vehicle-mile,Commute,New York,New York
20,E1043,2025-06-19,Business Travel,"Air Travel - Medium Haul (>= 300 miles, < 2300 miles)",541.8,passenger-mile,Off-site Meeting,California,Texas
1838,E1029,2025-06-19,Employee Commuting,Light-Duty Truck,6.8,vehicle-mile,Commute,Texas,Texas
1602,E1034,2025-06-19,Employee Commuting,Passenger Car,7.7,vehicle-mile,Commute,California,California
2873,E1071,2025-06-20,Employee Commuting,Passenger Car,30.7,vehicle-mile,Commute,Illinois,Illinois
1077,E1076,2025-06-20,Business Travel,Air Travel - Short Haul (< 300 miles),106.5,passenger-mile,Off-site Meeting,California,Colorado
2490,E1020,2025-06-20,Employee Commuting,Passenger Car,21.1,vehicle-mile,Commute,Washington,Washington
1393,E1079,2025-06-20,Business Travel,"Air Travel - Medium Haul (>= 300 miles, < 2300 miles)",1304.0,passenger-mile,Site Visit,Colorado,Illinois
712,E1071,2025-06-20,Business Travel,Passenger Car,32.3,vehicle-mile,Conference,California,Texas
3223,E1088,2025-06-20,Business Travel,"Air Travel - Medium Haul (>= 300 miles, < 2300 miles)",479.2,passenger-mile,Off-site Meeting,Texas,Georgia
2927,E1100,2025-06-20,Business Travel,Light-Duty Truck,63.8,vehicle-mile,Conference,California,Massachusetts
2475,E1076,2025-06-20,Business Travel,Intercity Rail - Other Routes,302.6,passenger-mile,Client Meeting,California,Other
4748,E1081,2025-06-20,Employee Commuting,Light-Duty Truck,8.7,vehicle-mile,Commute,Massachusetts,Massachusetts
760,E1002,2025-06-20,Employee Commuting,Passenger Car,25.2,vehicle-mile,Commute,Washington,Washington
4300,E1079,2025-06-20,Employee Commuting,Passenger Car,32.3,vehicle-mile,Commute,Washington,Washington
4583,E1061,2025-06-20,Business Travel,"Air Travel - Medium Haul (>= 300 miles, < 2300 miles)",1491.1,passenger-mile,Off-site Meeting,Georgia,Georgia
1011,E1042,2025-06-21,Employee Commuting,Light-Duty Truck,8.4,vehicle-mile,Commute,California,California
4477,E1005,2025-06-21,Business Travel,Passenger Car,34.4,vehicle-mile,Off-site Meeting,Washington,Texas
4024,E1053,2025-06-21,Employee Commuting,Passenger Car,37.9,vehicle-mile,Commute,Other,Other
3425,E1091,2025-06-21,Business Travel,Bus,70.1,passenger-mile,Client Meeting,California,Washington
4258,E1020,2025-06-21,Business Travel,"Air Travel - Medium Haul (>= 300 miles, < 2300 miles)",439.0,passenger-mile,Off-site Meeting,California,Colorado
24,E1070,2025-06-21,Employee Commuting,Passenger Car,7.4,vehicle-mile,Commute,New York,New York
1908,E1018,2025-06-21,Employee Commuting,Light-Duty Truck,22.0,vehicle-mile,Commute,California,California
762,E1068,2025-06-21,Employee Commuting,Passenger Car,5.5,vehicle-mile,Commute,California,California
4501,E1027,2025-06-21,Employee Commuting,Passenger Car,14.5,vehicle-mile,Commute,Georgia,Georgia
2876,E1053,2025-06-21,Employee Commuting,Passenger Car,7.5,vehicle-mile,Commute,Other,Other
1572,E1074,2025-06-21,Employee Commuting,Motorcycle,16.9,vehicle-mile,Commute,New York,New York
3755,E1033,2025-06-21,Employee Commuting,Bus,23.8,passenger-mile,Commute,Other,Other
1933,E1007,2025-06-21,Employee Commuting,Passenger Car,18.4,vehicle-mile,Commute,California,California
2014,E1056,2025-06-22,Employee Commuting,Passenger Car,17.8,vehicle-mile,Commute,California,California
2491,E1099,2025-06-22,Employee Commuting,Light-Duty Truck,11.6,vehicle-mile,Commute,California,California
3985,E1022,2025-06-22,Business Travel,Passenger Car,54.1,vehicle-mile,Client Meeting,California,Illinois
3230,E1067,2025-06-22,Employee Commuting,Commuter Rail,22.4,passenger-mile,Commute,New York,New York
2942,E1075,2025-06-22,Employee Commuting,"Transit Rail (i.e. Subway, Tram)",35.4,passenger-mile,Commute,Texas,Texas
3224,E1022,2025-06-22,Employee Commuting,"Transit Rail (i.e. Subway, Tram)",31.6,passenger-mile,Commute,California,California
81,E1054,2025-06-22,Employee Commuting,Passenger Car,19.1,vehicle-mile,Commute,Colorado,Colorado
2199,E1094,2025-06-22,Employee Commuting,Passenger Car,38.3,vehicle-mile,Commute,California,California
49,E1026,2025-06-22,Business Travel,Air Travel - Long Haul (>= 2300 miles),2311.4,passenger-mile,Conference,Illinois,Washington
2108,E1018,2025-06-22,Employee Commuting,Passenger Car,12.8,vehicle-mile,Commute,Georgia,Georgia
342,E1030,2025-06-22,Employee Commuting,"Transit Rail (i.e. Subway, Tram)",22.3,passenger-mile,Commute,Other,Other
2644,E1007,2025-06-22,Employee Commuting,Passenger Car,28.6,vehicle-mile,Commute,California,California
390,E1048,2025-06-22,Business Travel,"Air Travel - Medium Haul (>= 300 miles, < 2300 miles)",1507.4,passenger-mile,Off-site Meeting,Colorado,Washington
308,E1013,2025-06-22,Employee Commuting,Bus,32.7,passenger-mile,Commute,California,California
1790,E1084,2025-06-22,Employee Commuting,Motorcycle,29.8,vehicle-mile,Commute,New York,New York
1565,E1079,2025-06-22,Employee Commuting,Passenger Car,33.0,vehicle-mile,Commute,Other,Other
450,E1030,2025-06-22,Employee Commuting,Passenger Car,26.4,vehicle-mile,Commute,California,California
232,E1013,2025-06-22,Employee Commuting,Passenger Car,20.4,vehicle-mile,Commute,New York,New York
1840,E1016,2025-06-22,Employee Commuting,Passenger Car,22.6,vehicle-mile,Commute,California,California
4524,E1064,2025-06-23,Business Travel,"Air Travel - Medium Haul (>= 300 miles, < 2300 miles)",747.4,passenger-mile,Client Meeting,Florida,Georgia
864,E1015,2025-06-23,Business Travel,Passenger Car,45.3,vehicle-mile,Conference,California,Other
4102,E1034,2025-06-23,Employee Commuting,Passenger Car,33.3,vehicle-mile,Commute,Texas,Texas
3307,E1001,2025-06-23,Employee Commuting,Passenger Car,12.1,vehicle-mile,Commute,Florida,Florida
3919,E1073,2025-06-23,Business Travel,"Air Travel - Medium Haul (>= 300 miles, < 2300 miles)",1227.9,passenger-mile,Client Meeting,Other,Illinois
2704,E1045,2025-06-23,Employee Commuting,Passenger Car,21.5,vehicle-mile,Commute,New York,New York
4739,E1071,2025-06-23,Business Travel,Light-Duty Truck,78.2,vehicle-mile,Client Meeting,California,Other
4464,E1005,2025-06-23,Business Travel,Passenger Car,69.2,vehicle-mile,Site Visit,California,Illinois
2685,E1065,2025-06-23,Employee Commuting,Commuter Rail,36.3,passenger-mile,Commute,Colorado,Colorado
2236,E1006,2025-06-23,Business Travel,Commuter Rail,32.4,passenger-mile,Conference,New York,Massachusetts
4324,E1008,2025-06-23,Business Travel,Intercity Rail - National Average,648.4,passenger-mile,Conference,New York,New York
1133,E1087,2025-06-24,Employee Commuting,"Transit Rail (i.e. Subway, Tram)",23.2,passenger-mile,Commute,California,California
1659,E1080,2025-06-24,Employee Commuting,Passenger Car,16.8,vehicle-mile,Commute,Washington,Washington
1052,E1035,2025-06-24,Employee Commuting,Light-Duty Truck,12.4,vehicle-mile,Commute,New York,New York
3469,E1032,2025-06-24,Business Travel,Light-Duty Truck,54.4,vehicle-mile,Off-site Meeting,Texas,Illinois
3990,E1056,2025-06-24,Employee Commuting,Motorcycle,21.8,vehicle-mile,Commute,Colorado,Colorado
2792,E1036,2025-06-25,Employee Commuting,Passenger Car,5.1,vehicle-mile,Commute,Washington,Washington
4866,E1005,2025-06-25,Business Travel,Intercity Rail - Other Routes,695.2,passenger-mile,Client Meeting,Texas,Florida
812,E1098,2025-06-25,Employee Commuting,Passenger Car,19.5,vehicle-mile,Commute,California,California
1295,E1078,2025-06-25,Employee Commuting,Passenger Car,27.0,vehicle-mile,Commute,Other,Other
2422,E1031,2025-06-25,Employee Commuting,Passenger Car,7.6,vehicle-mile,Commute,Texas,Texas
3760,E1004,2025-06-25,Employee Commuting,Passenger Car,15.0,vehicle-mile,Commute,Georgia,Georgia
180,E1085,2025-06-25,Employee Commuting,Passenger Car,30.0,vehicle-mile,Commute,New York,New York
2066,E1009,2025-06-25,Business Travel,"Air Travel - Medium Haul (>= 300 miles, < 2300 miles)",1606.2,passenger-mile,Client Meeting,Other,California
4569,E1084,2025-06-25,Employee Commuting,Commuter Rail,33.6,passenger-mile,Commute,California,California
4370,E1004,2025-06-25,Business Travel,"Air Travel - Medium Haul (>= 300 miles, < 2300 miles)",959.6,passenger-mile,Off-site Meeting,Colorado,Georgia
2486,E1018,2025-06-25,Employee Commuting,Passenger Car,35.2,vehicle-mile,Commute,New York,New York
1870,E1017,2025-06-25,Employee Commuting,Light-Duty Truck,8.1,vehicle-mile,Commute,Georgia,Georgia
2648,E1008,2025-06-25,Employee Commuting,Passenger Car,6.7,vehicle-mile,Commute,Texas,Texas
3624,E1052,2025-06-26,Employee Commuting,Passenger Car,9.4,vehicle-mile,Commute,Illinois,Illinois
2566,E1002,2025-06-26,Employee Commuting,Passenger Car,27.3,vehicle-mile,Commute,New York,New York
2805,E1022,2025-06-26,Employee Commuting,Light-Duty Truck,35.2,vehicle-mile,Commute,California,California
919,E1095,2025-06-26,Business Travel,Intercity Rail - National Average,451.4,passenger-mile,Off-site Meeting,New York,Massachusetts
92,E1005,2025-06-26,Employee Commuting,"Transit Rail (i.e. Subway, Tram)",39.5,passenger-mile,Commute,California,California
2546,E1062,2025-06-26,Employee Commuting,Bus,14.9,passenger-mile,Commute,Other,Other
3055,E1078,2025-06-26,Employee Commuting,Passenger Car,21.0,vehicle-mile,Commute,California,California
411,E1090,2025-06-26,Business Travel,Passenger Car,5.2,vehicle-mile,Off-site Meeting,Other,Illinois
3190,E1062,2025-06-26,Employee Commuting,Passenger Car,29.4,vehicle-mile,Commute,California,California
651,E1066,2025-06-26,Employee Commuting,Passenger Car,16.0,vehicle-mile,Commute,Washington,Washington
360,E1061,2025-06-26,Employee Commuting,Passenger Car,32.3,vehicle-mile,Commute,California,California
1782,E1073,2025-06-27,Employee Commuting,Passenger Car,5.4,vehicle-mile,Commute,New York,New York
1055,E1039,2025-06-27,Business Travel,"Air Travel - Medium Haul (>= 300 miles, < 2300 miles)",1612.1,passenger-mile,Site Visit,Other,Georgia
3076,E1088,2025-06-27,Employee Commuting,Passenger Car,27.8,vehicle-mile,Commute,Texas,Texas
816,E1080,2025-06-27,Employee Commuting,Passenger Car,33.9,vehicle-mile,Commute,Massachusetts,Massachusetts
1777,E1055,2025-06-27,Employee Commuting,Passenger Car,36.1,vehicle-mile,Commute,Massachusetts,Massachusetts
2184,E1041,2025-06-27,Employee Commuting,Bus,28.7,passenger-mile,Commute,California,California
3274,E1074,2025-06-27,Employee Commuting,Passenger Car,33.8,vehicle-mile,Commute,Illinois,Illinois
4811,E1064,2025-06-27,Employee Commuting,Bus,26.2,passenger-mile,Commute,Texas,Texas
3569,E1090,2025-06-27,Employee Commuting,Commuter Rail,5.8,passenger-mile,Commute,Other,Other
2813,E1066,2025-06-27,Employee Commuting,Passenger Car,32.9,vehicle-mile,Commute,Colorado,Colorado
456,E1010,2025-06-27,Employee Commuting,Light-Duty Truck,22.5,vehicle-mile,Commute,Illinois,Illinois
4804,E1006,2025-06-27,Business Travel,"Air Travel - Medium Haul (>= 300 miles, < 2300 miles)",582.0,passenger-mile,Off-site Meeting,Illinois,Texas
1687,E1079,2025-06-27,Business Travel,Intercity Rail - Other Routes,755.4,passenger-mile,Client Meeting,California,Other
3615,E1090,2025-06-28,Employee Commuting,Motorcycle,3.6,vehicle-mile,Commute,Colorado,Colorado
1743,E1068,2025-06-28,Employee Commuting,Passenger Car,22.0,vehicle-mile,Commute,California,California
64,E1091,2025-06-28,Employee Commuting,Light-Duty Truck,7.8,vehicle-mile,Commute,Illinois,Illinois
2483,E1083,2025-06-28,Business Travel,Air Travel - Short Haul (< 300 miles),227.2,passenger-mile,Site Visit,California,Georgia
3555,E1006,2025-06-28,Business Travel,Passenger Car,60.8,vehicle-mile,Conference,New York,Georgia
3947,E1030,2025-06-28,Employee Commuting,Light-Duty Truck,10.2,vehicle-mile,Commute,Florida,Florida
3293,E1036,2025-06-28,Employee Commuting,Passenger Car,13.2,vehicle-mile,Commute,Florida,Florida
3558,E1035,2025-06-28,Employee Commuting,"Transit Rail (i.e. Subway, Tram)",26.7,passenger-mile,Commute,California,California
4956,E1082,2025-06-28,Employee Commuting,Passenger Car,32.6,vehicle-mile,Commute,New York,New York
1428,E1051,2025-06-28,Employee Commuting,"Transit Rail (i.e. Subway, Tram)",6.9,passenger-mile,Commute,Colorado,Colorado
463,E1015,2025-06-28,Employee Commuting,Passenger Car,37.6,vehicle-mile,Commute,Other,Other
4976,E1076,2025-06-28,Employee Commuting,Motorcycle,12.4,vehicle-mile,Commute,Texas,Texas
2054,E1037,2025-06-29,Employee Commuting,"Transit Rail (i.e. Subway, Tram)",21.3,passenger-mile,Commute,California,California
4856,E1060,2025-06-29,Employee Commuting,Light-Duty Truck,18.2,vehicle-mile,Commute,Illinois,Illinois
2541,E1037,2025-06-29,Employee Commuting,Passenger Car,23.8,vehicle-mile,Commute,California,California
3335,E1037,2025-06-29,Business Travel,Passenger Car,81.3,vehicle-mile,Client Meeting,New York,Colorado
3292,E1070,2025-06-29,Employee Commuting,Passenger Car,38.2,vehicle-mile,Commute,Texas,Texas
643,E1015,2025-06-29,Employee Commuting,Passenger Car,4.9,vehicle-mile,Commute,Other,Other
1911,E1082,2025-06-29,Employee Commuting,Passenger Car,24.8,vehicle-mile,Commute,California,California
2078,E1063,2025-06-29,Employee Commuting,Passenger Car,38.3,vehicle-mile,Commute,Other,Other
2947,E1067,2025-06-29,Business Travel,Air Travel - Long Haul (>= 2300 miles),3725.9,passenger-mile,Off-site Meeting,California,Other
1846,E1012,2025-06-29,Business Travel,Passenger Car,77.1,vehicle-mile,Site Visit,Colorado,Texas
1768,E1040,2025-06-29,Employee Commuting,Passenger Car,39.2,vehicle-mile,Commute,California,California
3530,E1039,2025-06-29,Employee Commuting,Motorcycle,38.3,vehicle-mile,Commute,California,California
4602,E1071,2025-06-29,Employee Commuting,Passenger Car,34.8,vehicle-mile,Commute,Colorado,Colorado
3830,E1087,2025-06-29,Employee Commuting,Bus,12.6,passenger-mile,Commute,New York,New York
700,E1047,2025-06-29,Employee Commuting,Passenger Car,30.8,vehicle-mile,Commute,Georgia,Georgia
2237,E1071,2025-06-29,Employee Commuting,Passenger Car,8.1,vehicle-mile,Commute,California,California
4809,E1039,2025-06-29,Employee Commuting,Light-Duty Truck,23.6,vehicle-mile,Commute,Texas,Texas
3428,E1016,2025-06-29,Employee Commuting,Commuter Rail,13.4,passenger-mile,Commute,New York,New York
844,E1092,2025-06-30,Business Travel,"Air Travel - Medium Haul (>= 300 miles, < 2300 miles)",1504.5,passenger-mile,Client Meeting,Florida,Illinois
511,E1036,2025-06-30,Business Travel,"Air Travel - Medium Haul (>= 300 miles, < 2300 miles)",1073.5,passenger-mile,Off-site Meeting,Colorado,California
4776,E1063,2025-06-30,Employee Commuting,Passenger Car,13.0,vehicle-mile,Commute,Colorado,Colorado
4792,E1093,2025-06-30,Employee Commuting,Passenger Car,37.9,vehicle-mile,Commute,California,California
4509,E1054,2025-06-30,Business Travel,Intercity Rail - National Average,522.3,passenger-mile,Conference,Other,Florida
2878,E1043,2025-06-30,Employee Commuting,Passenger Car,14.4,vehicle-mile,Commute,California,California
4020,E1053,2025-06-30,Employee Commuting,Passenger Car,23.6,vehicle-mile,Commute,Illinois,Illinois
1002,E1069,2025-06-30,Employee Commuting,Light-Duty Truck,10.3,vehicle-mile,Commute,California,California
1463,E1074,2025-06-30,Employee Commuting,Passenger Car,13.4,vehicle-mile,Commute,New York,New York
4362,E1030,2025-06-30,Employee Commuting,Passenger Car,7.7,vehicle-mile,Commute,California,California
3424,E1054,2025-06-30,Business Travel,"Air Travel - Medium Haul (>= 300 miles, < 2300 miles)",309.2,passenger-mile,Off-site Meeting,California,Florida
2150,E1067,2025-07-01,Business Travel,Air Travel - Short Haul (< 300 miles),238.0,passenger-mile,Site Visit,Florida,Florida
4338,E1003,2025-07-01,Business Travel,Air Travel - Short Haul (< 300 miles),134.9,passenger-mile,Conference,Colorado,Colorado
608,E1021,2025-07-01,Employee Commuting,Light-Duty Truck,39.0,vehicle-mile,Commute,Washington,Washington
4121,E1095,2025-07-01,Employee Commuting,Passenger Car,24.7,vehicle-mile,Commute,California,California
4883,E1018,2025-07-01,Employee Commuting,Light-Duty Truck,30.6,vehicle-mile,Commute,Florida,Florida
3030,E1034,2025-07-01,Employee Commuting,Passenger Car,15.4,vehicle-mile,Commute,California,California
3146,E1045,2025-07-01,Employee Commuting,Passenger Car,37.5,vehicle-mile,Commute,Georgia,Georgia
1204,E1073,2025-07-01,Employee Commuting,Passenger Car,25.9,vehicle-mile,Commute,Other,Other
3775,E1085,2025-07-01,Employee Commuting,Commuter Rail,4.3,passenger-mile,Commute,Other,Other
3229,E1090,2025-07-01,Business Travel,Air Travel - Short Haul (< 300 miles),111.6,passenger-mile,Off-site Meeting,California,Georgia
2189,E1018,2025-07-01,Employee Commuting,Passenger Car,18.9,vehicle-mile,Commute,Colorado,Colorado
4580,E1004,2025-07-01,Employee Commuting,Motorcycle,18.0,vehicle-mile,Commute,California,California
832,E1087,2025-07-01,Employee Commuting,Light-Duty Truck,6.0,vehicle-mile,Commute,Florida,Florida
1448,E1063,2025-07-01,Employee Commuting,Passenger Car,33.2,vehicle-mile,Commute,Washington,Washington
4218,E1081,2025-07-01,Business Travel,Passenger Car,76.4,vehicle-mile,Conference,Washington,Other
4670,E1032,2025-07-02,Employee Commuting,Passenger Car,5.0,vehicle-mile,Commute,California,California
4497,E1061,2025-07-02,Business Travel,Air Travel - Short Haul (< 300 miles),172.7,passenger-mile,Conference,New York,New York
4715,E1047,2025-07-02,Employee Commuting,"Transit Rail (i.e. Subway, Tram)",37.7,passenger-mile,Commute,California,California
4853,E1098,2025-07-02,Business Travel,Bus,83.3,passenger-mile,Off-site Meeting,New York,Other
1098,E1002,2025-07-02,Employee Commuting,Passenger Car,24.9,vehicle-mile,Commute,Other,Other
2033,E1015,2025-07-02,Business Travel,"Air Travel - Medium Haul (>= 300 miles, < 2300 miles)",526.6,passenger-mile,Conference,California,Florida
1376,E1007,2025-07-02,Employee Commuting,Passenger Car,18.6,vehicle-mile,Commute,Illinois,Illinois
4642,E1050,2025-07-02,Employee Commuting,Passenger Car,20.4,vehicle-mile,Commute,California,California
4115,E1046,2025-07-02,Employee Commuting,Passenger Car,22.8,vehicle-mile,Commute,Other,Other
2312,E1024,2025-07-02,Employee Commuting,Passenger Car,26.2,vehicle-mile,Commute,Illinois,Illinois
1710,E1059,2025-07-02,Business Travel,Air Travel - Long Haul (>= 2300 miles),3081.9,passenger-mile,Conference,California,Massachusetts
4092,E1027,2025-07-02,Employee Commuting,Passenger Car,14.7,vehicle-mile,Commute,California,California
1443,E1069,2025-07-03,Employee Commuting,Passenger Car,15.1,vehicle-mile,Commute,California,California
2702,E1091,2025-07-03,Employee Commuting,Passenger Car,26.4,vehicle-mile,Commute,Colorado,Colorado
2830,E1025,2025-07-03,Business Travel,"Air Travel - Medium Haul (>= 300 miles, < 2300 miles)",1659.2,passenger-mile,Conference,California,Washington
3135,E1076,2025-07-03,Employee Commuting,Bus,15.6,passenger-mile,Commute,Massachusetts,Massachusetts
4630,E1015,2025-07-03,Employee Commuting,Light-Duty Truck,20.7,vehicle-mile,Commute,California,California
1774,E1078,2025-07-03,Employee Commuting,Passenger Car,10.4,vehicle-mile,Commute,California,California
2659,E1098,2025-07-03,Employee Commuting,Bus,6.0,passenger-mile,Commute,California,California
1302,E1053,2025-07-03,Employee Commuting,Passenger Car,27.6,vehicle-mile,Commute,Texas,Texas
2369,E1089,2025-07-03,Business Travel,"Air Travel - Medium Haul (>= 300 miles, < 2300 miles)",1363.4,passenger-mile,Off-site Meeting,Texas,Texas
1506,E1023,2025-07-03,Business Travel,Air Travel - Short Haul (< 300 miles),236.8,passenger-mile,Conference,Illinois,Georgia
3779,E1028,2025-07-03,Employee Commuting,"Transit Rail (i.e. Subway, Tram)",34.7,passenger-mile,Commute,California,California
836,E1029,2025-07-03,Employee Commuting,Passenger Car,17.9,vehicle-mile,Commute,Colorado,Colorado
1377,E1077,2025-07-04,Business Travel,Bus,23.8,passenger-mile,Off-site Meeting,Colorado,Massachusetts
928,E1078,2025-07-04,Employee Commuting,Passenger Car,31.7,vehicle-mile,Commute,California,California
2206,E1030,2025-07-04,Employee Commuting,Light-Duty Truck,7.8,vehicle-mile,Commute,Florida,Florida
2429,E1071,2025-07-04,Employee Commuting,Passenger Car,22.7,vehicle-mile,Commute,California,California
3818,E1069,2025-07-04,Employee Commuting,Bus,17.5,passenger-mile,Commute,California,California
3574,E1094,2025-07-05,Employee Commuting,Passenger Car,18.4,vehicle-mile,Commute,California,California
2462,E1092,2025-07-05,Employee Commuting,"Transit Rail (i.e. Subway, Tram)",35.9,passenger-mile,Commute,California,California
2521,E1053,2025-07-05,Business Travel,"Air Travel - Medium Haul (>= 300 miles, < 2300 miles)",558.5,passenger-mile,Site Visit,Florida,Florida
3967,E1088,2025-07-05,Business Travel,Air Travel - Long Haul (>= 2300 miles),4054.1,passenger-mile,Off-site Meeting,Massachusetts,Illinois
2310,E1056,2025-07-05,Employee Commuting,Passenger Car,32.8,vehicle-mile,Commute,Florida,Florida
2083,E1023,2025-07-05,Business Travel,Bus,18.2,passenger-mile,Client Meeting,Other,Washington
1857,E1099,2025-07-05,Employee Commuting,Commuter Rail,26.2,passenger-mile,Commute,Illinois,Illinois
2423,E1067,2025-07-05,Employee Commuting,"Transit Rail (i.e. Subway, Tram)",14.5,passenger-mile,Commute,Texas,Texas
238,E1098,2025-07-05,Business Travel,"Air Travel - Medium Haul (>= 300 miles, < 2300 miles)",1282.5,passenger-mile,Conference,New York,New York
557,E1037,2025-07-05,Employee Commuting,Passenger Car,32.0,vehicle-mile,Commute,Illinois,Illinois
72,E1030,2025-07-06,Employee Commuting,"Transit Rail (i.e. Subway, Tram)",14.8,passenger-mile,Commute,Georgia,Georgia
4088,E1037,2025-07-06,Employee Commuting,Passenger Car,30.6,vehicle-mile,Commute,California,California
555,E1089,2025-07-06,Business Travel,Air Travel - Long Haul (>= 2300 miles),3766.2,passenger-mile,Client Meeting,California,Massachusetts
2603,E1100,2025-07-06,Employee Commuting,Passenger Car,31.1,vehicle-mile,Commute,Colorado,Colorado
2425,E1036,2025-07-06,Employee Commuting,Light-Duty Truck,11.9,vehicle-mile,Commute,Other,Other
3650,E1082,2025-07-06,Business Travel,"Air Travel - Medium Haul (>= 300 miles, < 2300 miles)",1087.8,passenger-mile,Client Meeting,California,Florida
4997,E1088,2025-07-06,Business Travel,"Air Travel - Medium Haul (>= 300 miles, < 2300 miles)",958.6,passenger-mile,Conference,Texas,Massachusetts
1241,E1013,2025-07-06,Employee Commuting,Passenger Car,27.2,vehicle-mile,Commute,New York,New York
3264,E1037,2025-07-06,Employee Commuting,Light-Duty Truck,4.9,vehicle-mile,Commute,Massachusetts,Massachusetts
2894,E1082,2025-07-06,Business Travel,Motorcycle,59.9,vehicle-mile,Off-site Meeting,Texas,New York
4156,E1075,2025-07-06,Employee Commuting,Light-Duty Truck,9.7,vehicle-mile,Commute,California,California
695,E1076,2025-07-06,Business Travel,Intercity Rail - Northeast Corridor,279.6,passenger-mile,Site Visit,California,Texas
600,E1091,2025-07-06,Employee Commuting,Passenger Car,7.8,vehicle-mile,Commute,California,California
1934,E1012,2025-07-06,Business Travel,"Air Travel - Medium Haul (>= 300 miles, < 2300 miles)",1094.9,passenger-mile,Site Visit,Illinois,Florida
1427,E1010,2025-07-06,Business Travel,Passenger Car,34.0,vehicle-mile,Off-site Meeting,Texas,Georgia
2397,E1095,2025-07-06,Employee Commuting,Light-Duty Truck,28.4,vehicle-mile,Commute,Florida,Florida
4711,E1059,2025-07-06,Employee Commuting,Motorcycle,34.6,vehicle-mile,Commute,California,California
941,E1081,2025-07-07,Employee Commuting,Passenger Car,4.2,vehicle-mile,Commute,Georgia,Georgia
475,E1012,2025-07-07,Employee Commuting,Passenger Car,38.6,vehicle-mile,Commute,Washington,Washington
4,E1022,2025-07-07,Employee Commuting,Passenger Car,17.8,vehicle-mile,Commute,California,California
771,E1080,2025-07-07,Employee Commuting,Passenger Car,9.3,vehicle-mile,Commute,Massachusetts,Massachusetts
2888,E1074,2025-07-07,Employee Commuting,Passenger Car,37.7,vehicle-mile,Commute,California,California
1179,E1062,2025-07-07,Employee Commuting,"Transit Rail (i.e. Subway, Tram)",20.5,passenger-mile,Commute,California,California
3337,E1035,2025-07-07,Business Travel,Intercity Rail - National Average,194.8,passenger-mile,Client Meeting,California,Colorado
2765,E1016,2025-07-07,Employee Commuting,Passenger Car,36.7,vehicle-mile,Commute,Illinois,Illinois
1527,E1097,2025-07-07,Business Travel,"Air Travel - Medium Haul (>= 300 miles, < 2300 miles)",622.1,passenger-mile,Client Meeting,Other,Massachusetts
159,E1033,2025-07-07,Employee Commuting,Passenger Car,24.6,vehicle-mile,Commute,California,California
4570,E1039,2025-07-07,Business Travel,Passenger Car,74.1,vehicle-mile,Site Visit,Texas,Illinois
4527,E1039,2025-07-07,Employee Commuting,Bus,35.3,passenger-mile,Commute,Texas,Texas
4116,E1062,2025-07-07,Business Travel,"Air Travel - Medium Haul (>= 300 miles, < 2300 miles)",960.7,passenger-mile,Off-site Meeting,Other,Washington
340,E1004,2025-07-07,Employee Commuting,Light-Duty Truck,25.3,vehicle-mile,Commute,California,California
2335,E1042,2025-07-08,Employee Commuting,Passenger Car,22.8,vehicle-mile,Commute,California,California
3463,E1037,2025-07-08,Employee Commuting,Commuter Rail,17.0,passenger-mile,Commute,New York,New York
3059,E1099,2025-07-08,Employee Commuting,"Transit Rail (i.e. Subway, Tram)",22.6,passenger-mile,Commute,California,California
3922,E1033,2025-07-08,Business Travel,Air Travel - Short Haul (< 300 miles),129.0,passenger-mile,Off-site Meeting,California,Massachusetts
4747,E1094,2025-07-08,Employee Commuting,Passenger Car,23.6,vehicle-mile,Commute,Colorado,Colorado
1902,E1069,2025-07-08,Business Travel,"Air Travel - Medium Haul (>= 300 miles, < 2300 miles)",1312.6,passenger-mile,Conference,California,Texas
4597,E1007,2025-07-08,Employee Commuting,Light-Duty Truck,20.8,vehicle-mile,Commute,Florida,Florida
2248,E1054,2025-07-08,Business Travel,"Air Travel - Medium Haul (>= 300 miles, < 2300 miles)",746.7,passenger-mile,Off-site Meeting,New York,California
510,E1015,2025-07-08,Employee Commuting,Passenger Car,33.6,vehicle-mile,Commute,Georgia,Georgia
4183,E1058,2025-07-08,Employee Commuting,Motorcycle,17.2,vehicle-mile,Commute,Washington,Washington
525,E1043,2025-07-08,Employee Commuting,Motorcycle,38.9,vehicle-mile,Commute,Massachusetts,Massachusetts
1909,E1051,2025-07-08,Employee Commuting,"Transit Rail (i.e. Subway, Tram)",6.0,passenger-mile,Commute,California,California
1478,E1079,2025-07-08,Employee Commuting,Light-Duty Truck,18.4,vehicle-mile,Commute,California,California
4019,E1094,2025-07-08,Employee Commuting,Passenger Car,21.9,vehicle-mile,Commute,California,California
751,E1043,2025-07-08,Employee Commuting,Passenger Car,16.5,vehicle-mile,Commute,Colorado,Colorado
4921,E1041,2025-07-09,Employee Commuting,Light-Duty Truck,11.7,vehicle-mile,Commute,Texas,Texas
4628,E1043,2025-07-09,Employee Commuting,Bus,19.1,passenger-mile,Commute,California,California
168,E1040,2025-07-09,Employee Commuting,Passenger Car,24.2,vehicle-mile,Commute,California,California
1950,E1058,2025-07-09,Employee Commuting,"Transit Rail (i.e. Subway, Tram)",30.5,passenger-mile,Commute,New York,New York
22,E1030,2025-07-09,Employee Commuting,Passenger Car,16.2,vehicle-mile,Commute,Georgia,Georgia
405,E1084,2025-07-09,Employee Commuting,Passenger Car,3.3,vehicle-mile,Commute,California,California
1233,E1063,2025-07-09,Business Travel,"Transit Rail (i.e. Subway, Tram)",11.6,passenger-mile,Site Visit,Colorado,Texas
2171,E1035,2025-07-09,Employee Commuting,"Transit Rail (i.e. Subway, Tram)",30.8,passenger-mile,Commute,Texas,Texas
2182,E1047,2025-07-09,Employee Commuting,Passenger Car,39.2,vehicle-mile,Commute,California,California
1845,E1015,2025-07-09,Business Travel,Bus,83.5,passenger-mile,Site Visit,Colorado,New York
4545,E1010,2025-07-09,Business Travel,"Transit Rail (i.e. Subway, Tram)",93.1,passenger-mile,Off-site Meeting,California,Washington
1970,E1083,2025-07-09,Employee Commuting,Passenger Car,38.6,vehicle-mile,Commute,Colorado,Colorado
2035,E1073,2025-07-09,Employee Commuting,Passenger Car,17.3,vehicle-mile,Commute,Texas,Texas
4341,E1042,2025-07-09,Employee Commuting,Passenger Car,36.3,vehicle-mile,Commute,Texas,Texas
670,E1063,2025-07-09,Business Travel,"Air Travel - Medium Haul (>= 300 miles, < 2300 miles)",1016.0,passenger-mile,Conference,Colorado,Massachusetts
4339,E1095,2025-07-09,Employee Commuting,Passenger Car,19.3,vehicle-mile,Commute,Colorado,Colorado
3164,E1023,2025-07-09,Business Travel,Commuter Rail,62.1,passenger-mile,Client Meeting,California,Massachusetts
1454,E1040,2025-07-09,Employee Commuting,Passenger Car,20.7,vehicle-mile,Commute,Colorado,Colorado
2440,E1067,2025-07-09,Employee Commuting,"Transit Rail (i.e. Subway, Tram)",11.5,passenger-mile,Commute,Other,Other
4009,E1023,2025-07-09,Employee Commuting,Light-Duty Truck,24.1,vehicle-mile,Commute,Washington,Washington
2039,E1018,2025-07-09,Employee Commuting,Passenger Car,28.9,vehicle-mile,Commute,California,California
1094,E1025,2025-07-10,Employee Commuting,Passenger Car,3.7,vehicle-mile,Commute,Texas,Texas
330,E1044,2025-07-10,Employee Commuting,Light-Duty Truck,21.8,vehicle-mile,Commute,Florida,Florida
809,E1051,2025-07-10,Employee Commuting,"Transit Rail (i.e. Subway, Tram)",35.4,passenger-mile,Commute,California,California
2718,E1057,2025-07-10,Employee Commuting,Passenger Car,3.3,vehicle-mile,Commute,Texas,Texas
1312,E1096,2025-07-10,Business Travel,"Air Travel - Medium Haul (>= 300 miles, < 2300 miles)",1198.9,passenger-mile,Site Visit,California,Illinois
3282,E1100,2025-07-10,Employee Commuting,Passenger Car,23.4,vehicle-mile,Commute,California,California
1852,E1095,2025-07-10,Employee Commuting,Passenger Car,29.1,vehicle-mile,Commute,California,California
9,E1004,2025-07-10,Employee Commuting,Passenger Car,9.8,vehicle-mile,Commute,California,California
1076,E1029,2025-07-10,Business Travel,Passenger Car,51.3,vehicle-mile,Conference,California,New York
697,E1002,2025-07-10,Employee Commuting,Light-Duty Truck,30.8,vehicle-mile,Commute,California,California
4438,E1022,2025-07-10,Employee Commuting,Passenger Car,6.0,vehicle-mile,Commute,Other,Other
1833,E1098,2025-07-10,Employee Commuting,Light-Duty Truck,9.2,vehicle-mile,Commute,California,California
3250,E1029,2025-07-10,Employee Commuting,Light-Duty Truck,31.5,vehicle-mile,Commute,Florida,Florida
1132,E1084,2025-07-10,Business Travel,Commuter Rail,94.1,passenger-mile,Conference,Colorado,Washington
2387,E1093,2025-07-10,Employee Commuting,Passenger Car,21.2,vehicle-mile,Commute,California,California
406,E1008,2025-07-11,Employee Commuting,Passenger Car,32.7,vehicle-mile,Commute,California,California
2931,E1043,2025-07-11,Business Travel,Passenger Car,28.2,vehicle-mile,Client Meeting,Other,Washington
875,E1040,2025-07-11,Business Travel,"Air Travel - Medium Haul (>= 300 miles, < 2300 miles)",1705.1,passenger-mile,Conference,Florida,Florida
1408,E1003,2025-07-11,Business Travel,Commuter Rail,14.7,passenger-mile,Site Visit,California,California
4227,E1012,2025-07-11,Employee Commuting,Bus,30.0,passenger-mile,Commute,California,California
4357,E1024,2025-07-11,Employee Commuting,Passenger Car,15.5,vehicle-mile,Commute,Colorado,Colorado
3714,E1009,2025-07-11,Employee Commuting,Bus,24.3,passenger-mile,Commute,Massachusetts,Massachusetts
1586,E1023,2025-07-11,Employee Commuting,Bus,34.5,passenger-mile,Commute,California,California
4742,E1034,2025-07-12,Business Travel,"Air Travel - Medium Haul (>= 300 miles, < 2300 miles)",1765.3,passenger-mile,Site Visit,New York,New York
1859,E1002,2025-07-12,Employee Commuting,Passenger Car,38.1,vehicle-mile,Commute,California,California
4502,E1063,2025-07-12,Employee Commuting,Bus,24.1,passenger-mile,Commute,California,California
1989,E1027,2025-07-12,Employee Commuting,Passenger Car,34.9,vehicle-mile,Commute,Other,Other
2545,E1056,2025-07-12,Employee Commuting,Passenger Car,28.5,vehicle-mile,Commute,California,California
2105,E1050,2025-07-12,Employee Commuting,Light-Duty Truck,6.0,vehicle-mile,Commute,Other,Other
2695,E1047,2025-07-12,Employee Commuting,Passenger Car,26.0,vehicle-mile,Commute,Texas,Texas
3512,E1055,2025-07-12,Business Travel,"Air Travel - Medium Haul (>= 300 miles, < 2300 miles)",1758.3,passenger-mile,Off-site Meeting,California,Texas
2714,E1073,2025-07-12,Employee Commuting,"Transit Rail (i.e. Subway, Tram)",29.0,passenger-mile,Commute,California,California
1504,E1004,2025-07-12,Employee Commuting,Passenger Car,37.3,vehicle-mile,Commute,Washington,Washington
4378,E1083,2025-07-12,Employee Commuting,Passenger Car,11.2,vehicle-mile,Commute,Other,Other
4465,E1078,2025-07-12,Employee Commuting,Motorcycle,10.4,vehicle-mile,Commute,California,California
2340,E1099,2025-07-12,Business Travel,Intercity Rail - Northeast Corridor,310.8,passenger-mile,Off-site Meeting,California,Other
1813,E1088,2025-07-12,Employee Commuting,Passenger Car,22.7,vehicle-mile,Commute,California,California
732,E1088,2025-07-12,Employee Commuting,Passenger Car,36.0,vehicle-mile,Commute,Texas,Texas
3403,E1007,2025-07-13,Business Travel,"Air Travel - Medium Haul (>= 300 miles, < 2300 miles)",430.2,passenger-mile,Off-site Meeting,Washington,Georgia
1773,E1040,2025-07-13,Business Travel,"Air Travel - Medium Haul (>= 300 miles, < 2300 miles)",1377.8,passenger-mile,Conference,California,Massachusetts
4323,E1072,2025-07-13,Business Travel,Intercity Rail - Other Routes,753.5,passenger-mile,Client Meeting,Florida,Georgia
708,E1061,2025-07-13,Business Travel,"Air Travel - Medium Haul (>= 300 miles, < 2300 miles)",916.8,passenger-mile,Off-site Meeting,Washington,Texas
78,E1007,2025-07-13,Employee Commuting,Passenger Car,36.0,vehicle-mile,Commute,Texas,Texas
2782,E1010,2025-07-13,Employee Commuting,Light-Duty Truck,21.3,vehicle-mile,Commute,California,California
3311,E1034,2025-07-13,Employee Commuting,Passenger Car,17.9,vehicle-mile,Commute,Other,Other
3083,E1095,2025-07-13,Business Travel,Air Travel - Long Haul (>= 2300 miles),3995.2,passenger-mile,Site Visit,Texas,Colorado
3497,E1004,2025-07-14,Business Travel,Air Travel - Long Haul (>= 2300 miles),2682.9,passenger-mile,Off-site Meeting,California,Illinois
1148,E1092,2025-07-14,Employee Commuting,Passenger Car,13.9,vehicle-mile,Commute,Florida,Florida
920,E1090,2025-07-14,Business Travel,"Air Travel - Medium Haul (>= 300 miles, < 2300 miles)",1708.3,passenger-mile,Site Visit,Washington,Washington
1500,E1092,2025-07-14,Employee Commuting,Passenger Car,12.9,vehicle-mile,Commute,Texas,Texas
2456,E1090,2025-07-14,Employee Commuting,"Transit Rail (i.e. Subway, Tram)",21.6,passenger-mile,Commute,California,California
4065,E1018,2025-07-14,Employee Commuting,Passenger Car,26.6,vehicle-mile,Commute,Florida,Florida
4691,E1083,2025-07-14,Employee Commuting,Light-Duty Truck,5.9,vehicle-mile,Commute,Illinois,Illinois
1292,E1072,2025-07-14,Employee Commuting,Passenger Car,5.9,vehicle-mile,Commute,California,California
2474,E1051,2025-07-15,Business Travel,Air Travel - Long Haul (>= 2300 miles),4269.1,passenger-mile,Client Meeting,New York,Texas
2615,E1100,2025-07-15,Employee Commuting,Passenger Car,13.8,vehicle-mile,Commute,California,California
1400,E1076,2025-07-15,Employee Commuting,Bus,26.2,passenger-mile,Commute,Washington,Washington
354,E1100,2025-07-15,Employee Commuting,"Transit Rail (i.e. Subway, Tram)",8.2,passenger-mile,Commute,California,California
1708,E1071,2025-07-15,Employee Commuting,Passenger Car,31.8,vehicle-mile,Commute,Massachusetts,Massachusetts
3192,E1078,2025-07-15,Employee Commuting,Bus,24.1,passenger-mile,Commute,Colorado,Colorado
2392,E1076,2025-07-15,Employee Commuting,Passenger Car,8.3,vehicle-mile,Commute,Other,Other
4309,E1058,2025-07-15,Employee Commuting,Passenger Car,38.2,vehicle-mile,Commute,Texas,Texas
3406,E1004,2025-07-15,Employee Commuting,Passenger Car,16.6,vehicle-mile,Commute,New York,New York
814,E1096,2025-07-15,Business Travel,Air Travel - Long Haul (>= 2300 miles),3932.4,passenger-mile,Client Meeting,Illinois,Massachusetts
4318,E1040,2025-07-15,Employee Commuting,Passenger Car,24.6,vehicle-mile,Commute,Texas,Texas
3370,E1077,2025-07-15,Employee Commuting,Passenger Car,15.5,vehicle-mile,Commute,New York,New York
4117,E1015,2025-07-15,Business Travel,Bus,92.7,passenger-mile,Site Visit,Colorado,Florida
2403,E1098,2025-07-16,Business Travel,Intercity Rail - Other Routes,372.4,passenger-mile,Off-site Meeting,California,Washington
4590,E1026,2025-07-16,Business Travel,"Air Travel - Medium Haul (>= 300 miles, < 2300 miles)",448.5,passenger-mile,Conference,California,Florida
3634,E1031,2025-07-16,Business Travel,Air Travel - Short Haul (< 300 miles),159.2,passenger-mile,Client Meeting,New York,Illinois
673,E1027,2025-07-16,Employee Commuting,Passenger Car,3.6,vehicle-mile,Commute,Illinois,Illinois
3191,E1067,2025-07-16,Business Travel,"Air Travel - Medium Haul (>= 300 miles, < 2300 miles)",1412.2,passenger-mile,Client Meeting,California,Illinois
2446,E1077,2025-07-16,Employee Commuting,Passenger Car,10.8,vehicle-mile,Commute,California,California
938,E1017,2025-07-16,Business Travel,Air Travel - Long Haul (>= 2300 miles),3473.3,passenger-mile,Off-site Meeting,California,Washington
368,E1006,2025-07-16,Employee Commuting,Passenger Car,6.5,vehicle-mile,Commute,Texas,Texas
94,E1099,2025-07-16,Employee Commuting,Passenger Car,28.6,vehicle-mile,Commute,California,California
1090,E1004,2025-07-16,Employee Commuting,Passenger Car,21.3,vehicle-mile,Commute,California,California
827,E1069,2025-07-16,Employee Commuting,Passenger Car,10.6,vehicle-mile,Commute,Other,Other
2901,E1100,2025-07-17,Employee Commuting,"Transit Rail (i.e. Subway, Tram)",23.2,passenger-mile,Commute,Washington,Washington
935,E1084,2025-07-17,Employee Commuting,Passenger Car,38.8,vehicle-mile,Commute,California,California
1960,E1062,2025-07-17,Employee Commuting,Light-Duty Truck,7.7,vehicle-mile,Commute,California,California
28,E1097,2025-07-17,Employee Commuting,Passenger Car,19.6,vehicle-mile,Commute,Washington,Washington
3143,E1054,2025-07-17,Employee Commuting,Passenger Car,22.7,vehicle-mile,Commute,New York,New York
346,E1010,2025-07-17,Employee Commuting,Passenger Car,33.8,vehicle-mile,Commute,California,California
1932,E1067,2025-07-17,Employee Commuting,Passenger Car,20.4,vehicle-mile,Commute,Texas,Texas
344,E1045,2025-07-17,Employee Commuting,Passenger Car,9.6,vehicle-mile,Commute,California,California
1309,E1012,2025-07-17,Employee Commuting,Passenger Car,33.3,vehicle-mile,Commute,Colorado,Colorado
4050,E1093,2025-07-17,Employee Commuting,Commuter Rail,19.9,passenger-mile,Commute,California,California
3805,E1024,2025-07-17,Employee Commuting,Passenger Car,30.0,vehicle-mile,Commute,California,California
2100,E1066,2025-07-17,Employee Commuting,"Transit Rail (i.e. Subway, Tram)",19.0,passenger-mile,Commute,Georgia,Georgia
4634,E1034,2025-07-17,Business Travel,"Air Travel - Medium Haul (>= 300 miles, < 2300 miles)",599.6,passenger-mile,Conference,Florida,Georgia
3382,E1003,2025-07-17,Business Travel,Passenger Car,84.3,vehicle-mile,Client Meeting,New York,Massachusetts
4534,E1046,2025-07-18,Employee Commuting,Light-Duty Truck,7.9,vehicle-mile,Commute,Massachusetts,Massachusetts
2398,E1044,2025-07-18,Employee Commuting,"Transit Rail (i.e. Subway, Tram)",34.9,passenger-mile,Commute,Texas,Texas
1642,E1100,2025-07-18,Employee Commuting,Bus,29.5,passenger-mile,Commute,California,California
3544,E1033,2025-07-18,Business Travel,Air Travel - Short Haul (< 300 miles),197.0,passenger-mile,Off-site Meeting,Other,New York
2970,E1050,2025-07-18,Business Travel,Commuter Rail,17.2,passenger-mile,Off-site Meeting,Colorado,Massachusetts
3523,E1029,2025-07-18,Employee Commuting,Light-Duty Truck,38.7,vehicle-mile,Commute,Colorado,Colorado
4610,E1009,2025-07-18,Business Travel,Air Travel - Long Haul (>= 2300 miles),4062.9,passenger-mile,Site Visit,California,Georgia
3492,E1053,2025-07-18,Employee Commuting,Passenger Car,8.4,vehicle-mile,Commute,California,California
4096,E1081,2025-07-18,Employee Commuting,Passenger Car,6.1,vehicle-mile,Commute,California,California
2726,E1028,2025-07-18,Employee Commuting,Bus,34.6,passenger-mile,Commute,Texas,Texas
2300,E1049,2025-07-18,Employee Commuting,Passenger Car,36.6,vehicle-mile,Commute,Colorado,Colorado
2499,E1039,2025-07-18,Business Travel,"Air Travel - Medium Haul (>= 300 miles, < 2300 miles)",666.6,passenger-mile,Site Visit,Illinois,Massachusetts
3257,E1097,2025-07-18,Employee Commuting,Passenger Car,28.1,vehicle-mile,Commute,New York,New York
4169,E1052,2025-07-19,Employee Commuting,Commuter Rail,26.1,passenger-mile,Commute,California,California
664,E1023,2025-07-19,Employee Commuting,Light-Duty Truck,37.9,vehicle-mile,Commute,Colorado,Colorado
1966,E1090,2025-07-19,Employee Commuting,Passenger Car,14.0,vehicle-mile,Commute,New York,New York
648,E1006,2025-07-19,Employee Commuting,Commuter Rail,19.0,passenger-mile,Commute,Texas,Texas
4977,E1029,2025-07-19,Business Travel,Passenger Car,43.5,vehicle-mile,Site Visit,Other,Texas
1209,E1042,2025-07-19,Employee Commuting,Passenger Car,28.2,vehicle-mile,Commute,Illinois,Illinois
4395,E1020,2025-07-19,Employee Commuting,Passenger Car,4.0,vehicle-mile,Commute,Florida,Florida
1053,E1054,2025-07-19,Business Travel,Air Travel - Short Haul (< 300 miles),246.3,passenger-mile,Site Visit,Illinois,California
634,E1067,2025-07-19,Employee Commuting,"Transit Rail (i.e. Subway, Tram)",13.6,passenger-mile,Commute,California,California
3238,E1063,2025-07-19,Employee Commuting,"Transit Rail (i.e. Subway, Tram)",13.0,passenger-mile,Commute,California,California
3300,E1008,2025-07-19,Employee Commuting,Passenger Car,12.4,vehicle-mile,Commute,California,California
3970,E1095,2025-07-19,Business Travel,Air Travel - Long Haul (>= 2300 miles),3338.8,passenger-mile,Client Meeting,New York,Florida
3630,E1059,2025-07-19,Employee Commuting,"Transit Rail (i.e. Subway, Tram)",23.2,passenger-mile,Commute,New York,New York
283,E1002,2025-07-19,Employee Commuting,Light-Duty Truck,13.0,vehicle-mile,Commute,Colorado,Colorado
2570,E1090,2025-07-20,Employee Commuting,Passenger Car,38.2,vehicle-mile,Commute,Washington,Washington
30,E1024,2025-07-20,Business Travel,"Transit Rail (i.e. Subway, Tram)",18.1,passenger-mile,Off-site Meeting,New York,California
1199,E1020,2025-07-20,Employee Commuting,Passenger Car,6.2,vehicle-mile,Commute,Other,Other
945,E1044,2025-07-20,Business Travel,"Air Travel - Medium Haul (>= 300 miles, < 2300 miles)",438.7,passenger-mile,Site Visit,Texas,Florida
2908,E1091,2025-07-20,Business Travel,Air Travel - Long Haul (>= 2300 miles),2464.1,passenger-mile,Off-site Meeting,California,Massachusetts
89,E1092,2025-07-20,Employee Commuting,Passenger Car,4.2,vehicle-mile,Commute,Texas,Texas
4824,E1081,2025-07-20,Employee Commuting,Passenger Car,3.7,vehicle-mile,Commute,Other,Other
2060,E1068,2025-07-20,Employee Commuting,Commuter Rail,24.6,passenger-mile,Commute,California,California
1959,E1090,2025-07-20,Business Travel,Passenger Car,92.3,vehicle-mile,Conference,Colorado,Illinois
4405,E1046,2025-07-20,Employee Commuting,Commuter Rail,6.0,passenger-mile,Commute,Colorado,Colorado
14,E1008,2025-07-20,Business Travel,Passenger Car,66.9,vehicle-mile,Off-site Meeting,Florida,Illinois
1216,E1058,2025-07-20,Employee Commuting,Commuter Rail,14.3,passenger-mile,Commute,New York,New York
1709,E1076,2025-07-20,Employee Commuting,Passenger Car,26.7,vehicle-mile,Commute,California,California
1779,E1088,2025-07-20,Employee Commuting,Passenger Car,11.6,vehicle-mile,Commute,Illinois,Illinois
1181,E1089,2025-07-20,Business Travel,Air Travel - Short Haul (< 300 miles),134.0,passenger-mile,Site Visit,California,New York
4287,E1081,2025-07-20,Business Travel,Air Travel - Long Haul (>= 2300 miles),3797.2,passenger-mile,Client Meeting,Texas,Florida
4758,E1087,2025-07-20,Business Travel,Air Travel - Short Haul (< 300 miles),146.3,passenger-mile,Conference,California,Colorado
3848,E1039,2025-07-20,Business Travel,"Air Travel - Medium Haul (>= 300 miles, < 2300 miles)",1670.0,passenger-mile,Off-site Meeting,California,Florida
3179,E1080,2025-07-20,Employee Commuting,"Transit Rail (i.e. Subway, Tram)",39.6,passenger-mile,Commute,Other,Other
2768,E1020,2025-07-20,Business Travel,Passenger Car,90.3,vehicle-mile,Client Meeting,California,Massachusetts
2155,E1035,2025-07-21,Employee Commuting,Passenger Car,31.3,vehicle-mile,Commute,California,California
3086,E1083,2025-07-21,Employee Commuting,Light-Duty Truck,7.6,vehicle-mile,Commute,Georgia,Georgia
224,E1046,2025-07-21,Employee Commuting,Light-Duty Truck,29.0,vehicle-mile,Commute,California,California
1362,E1087,2025-07-21,Business Travel,Intercity Rail - Other Routes,746.6,passenger-mile,Site Visit,New York,New York
3869,E1094,2025-07-21,Employee Commuting,Commuter Rail,20.0,passenger-mile,Commute,California,California
1717,E1073,2025-07-21,Employee Commuting,Motorcycle,23.7,vehicle-mile,Commute,California,California
2730,E1063,2025-07-21,Business Travel,Air Travel - Short Haul (< 300 miles),252.6,passenger-mile,Client Meeting,California,California
2613,E1078,2025-07-21,Employee Commuting,"Transit Rail (i.e. Subway, Tram)",5.8,passenger-mile,Commute,Texas,Texas
2810,E1064,2025-07-21,Employee Commuting,Passenger Car,32.4,vehicle-mile,Commute,California,California
1062,E1019,2025-07-21,Business Travel,Air Travel - Short Haul (< 300 miles),210.9,passenger-mile,Site Visit,California,Other
2230,E1091,2025-07-21,Employee Commuting,Passenger Car,9.2,vehicle-mile,Commute,Texas,Texas
2581,E1067,2025-07-21,Employee Commuting,Commuter Rail,22.7,passenger-mile,Commute,Other,Other
3829,E1012,2025-07-21,Employee Commuting,Light-Duty Truck,34.3,vehicle-mile,Commute,California,California
3754,E1077,2025-07-21,Employee Commuting,"Transit Rail (i.e. Subway, Tram)",39.3,passenger-mile,Commute,California,California
2741,E1041,2025-07-21,Business Travel,Air Travel - Short Haul (< 300 miles),239.8,passenger-mile,Off-site Meeting,Other,Other
1896,E1038,2025-07-22,Business Travel,Intercity Rail - National Average,182.6,passenger-mile,Client Meeting,New York,Florida
313,E1097,2025-07-22,Employee Commuting,"Transit Rail (i.e. Subway, Tram)",20.1,passenger-mile,Commute,Massachusetts,Massachusetts
4211,E1086,2025-07-22,Employee Commuting,Passenger Car,28.6,vehicle-mile,Commute,Other,Other
2858,E1034,2025-07-22,Business Travel,"Air Travel - Medium Haul (>= 300 miles, < 2300 miles)",1413.7,passenger-mile,Conference,Florida,Other
3031,E1002,2025-07-22,Employee Commuting,Passenger Car,26.4,vehicle-mile,Commute,Florida,Florida
440,E1100,2025-07-22,Employee Commuting,Commuter Rail,17.3,passenger-mile,Commute,California,California
1544,E1070,2025-07-22,Employee Commuting,"Transit Rail (i.e. Subway, Tram)",14.2,passenger-mile,Commute,California,California
2655,E1074,2025-07-22,Employee Commuting,Passenger Car,18.1,vehicle-mile,Commute,California,California
860,E1068,2025-07-22,Employee Commuting,Bus,10.6,passenger-mile,Commute,Other,Other
1144,E1019,2025-07-22,Employee Commuting,"Transit Rail (i.e. Subway, Tram)",11.6,passenger-mile,Commute,California,California
854,E1060,2025-07-23,Employee Commuting,Passenger Car,14.1,vehicle-mile,Commute,California,California
4585,E1006,2025-07-23,Employee Commuting,Commuter Rail,19.5,passenger-mile,Commute,California,California
998,E1082,2025-07-23,Business Travel,Passenger Car,29.0,vehicle-mile,Off-site Meeting,Other,New York
3878,E1057,2025-07-23,Business Travel,"Air Travel - Medium Haul (>= 300 miles, < 2300 miles)",557.1,passenger-mile,Client Meeting,Massachusetts,Colorado
1176,E1083,2025-07-23,Business Travel,Passenger Car,46.7,vehicle-mile,Client Meeting,Colorado,Texas
1451,E1007,2025-07-23,Employee Commuting,Light-Duty Truck,34.3,vehicle-mile,Commute,Georgia,Georgia
1904,E1096,2025-07-23,Employee Commuting,Passenger Car,20.0,vehicle-mile,Commute,New York,New York
580,E1018,2025-07-23,Employee Commuting,Passenger Car,35.5,vehicle-mile,Commute,Georgia,Georgia
946,E1072,2025-07-23,Business Travel,Intercity Rail - Other Routes,583.1,passenger-mile,Site Visit,Other,Illinois
228,E1006,2025-07-23,Employee Commuting,Light-Duty Truck,14.1,vehicle-mile,Commute,Washington,Washington
1889,E1002,2025-07-23,Employee Commuting,Motorcycle,19.0,vehicle-mile,Commute,Washington,Washington
4823,E1010,2025-07-23,Employee Commuting,Passenger Car,19.7,vehicle-mile,Commute,New York,New York
3494,E1024,2025-07-24,Business Travel,Passenger Car,39.5,vehicle-mile,Client Meeting,California,California
3134,E1026,2025-07-24,Employee Commuting,Passenger Car,23.6,vehicle-mile,Commute,Other,Other
2617,E1029,2025-07-24,Business Travel,Intercity Rail - Other Routes,354.7,passenger-mile,Client Meeting,California,Georgia
2416,E1004,2025-07-24,Employee Commuting,Passenger Car,12.7,vehicle-mile,Commute,Georgia,Georgia
4253,E1039,2025-07-25,Employee Commuting,Passenger Car,18.4,vehicle-mile,Commute,California,California
2809,E1071,2025-07-25,Employee Commuting,Passenger Car,20.5,vehicle-mile,Commute,Georgia,Georgia
4200,E1021,2025-07-25,Employee Commuting,Commuter Rail,27.2,passenger-mile,Commute,California,California
4533,E1078,2025-07-25,Employee Commuting,Passenger Car,14.9,vehicle-mile,Commute,Massachusetts,Massachusetts
722,E1058,2025-07-25,Employee Commuting,Commuter Rail,13.9,passenger-mile,Commute,Texas,Texas
502,E1067,2025-07-25,Business Travel,Air Travel - Long Haul (>= 2300 miles),3277.6,passenger-mile,Client Meeting,Texas,Other
727,E1044,2025-07-25,Employee Commuting,Passenger Car,30.0,vehicle-mile,Commute,Washington,Washington
1692,E1073,2025-07-25,Employee Commuting,Passenger Car,14.3,vehicle-mile,Commute,California,California
4301,E1082,2025-07-25,Business Travel,Passenger Car,98.1,vehicle-mile,Client Meeting,Georgia,Other
2532,E1012,2025-07-25,Employee Commuting,Passenger Car,19.8,vehicle-mile,Commute,California,California
2761,E1071,2025-07-25,Business Travel,"Transit Rail (i.e. Subway, Tram)",46.5,passenger-mile,Site Visit,New York,Other
2869,E1048,2025-07-26,Business Travel,Commuter Rail,10.1,passenger-mile,Site Visit,Georgia,California
1236,E1033,2025-07-26,Employee Commuting,Passenger Car,20.0,vehicle-mile,Commute,Texas,Texas
4151,E1041,2025-07-26,Employee Commuting,Passenger Car,29.6,vehicle-mile,Commute,California,California
1240,E1096,2025-07-26,Employee Commuting,Passenger Car,12.5,vehicle-mile,Commute,Georgia,Georgia
922,E1068,2025-07-26,Employee Commuting,"Transit Rail (i.e. Subway, Tram)",23.6,passenger-mile,Commute,Georgia,Georgia
541,E1099,2025-07-26,Employee Commuting,Passenger Car,38.7,vehicle-mile,Commute,Washington,Washington
3103,E1010,2025-07-26,Employee Commuting,Bus,39.6,passenger-mile,Commute,New York,New York
1441,E1025,2025-07-26,Employee Commuting,Light-Duty Truck,22.4,vehicle-mile,Commute,Texas,Texas
1945,E1078,2025-07-26,Employee Commuting,Passenger Car,38.9,vehicle-mile,Commute,California,California
2821,E1099,2025-07-26,Employee Commuting,Light-Duty Truck,15.0,vehicle-mile,Commute,Other,Other
4850,E1074,2025-07-26,Business Travel,Bus,81.9,passenger-mile,Conference,Washington,California
3662,E1068,2025-07-26,Business Travel,"Air Travel - Medium Haul (>= 300 miles, < 2300 miles)",1482.5,passenger-mile,Conference,California,California
840,E1030,2025-07-26,Employee Commuting,Passenger Car,14.9,vehicle-mile,Commute,California,California
602,E1086,2025-07-26,Business Travel,"Air Travel - Medium Haul (>= 300 miles, < 2300 miles)",763.4,passenger-mile,Site Visit,California,Illinois
1941,E1009,2025-07-26,Employee Commuting,Passenger Car,8.8,vehicle-mile,Commute,Florida,Florida
594,E1021,2025-07-26,Employee Commuting,Light-Duty Truck,12.8,vehicle-mile,Commute,Colorado,Colorado
17,E1001,2025-07-26,Employee Commuting,Passenger Car,4.5,vehicle-mile,Commute,Florida,Florida
2299,E1029,2025-07-26,Employee Commuting,Passenger Car,10.4,vehicle-mile,Commute,Texas,Texas
1541,E1072,2025-07-27,Employee Commuting,Commuter Rail,4.5,passenger-mile,Commute,Massachusetts,Massachusetts
3735,E1094,2025-07-27,Employee Commuting,Passenger Car,10.0,vehicle-mile,Commute,Other,Other
538,E1049,2025-07-27,Employee Commuting,Passenger Car,20.9,vehicle-mile,Commute,Texas,Texas
3080,E1062,2025-07-27,Business Travel,Light-Duty Truck,95.4,vehicle-mile,Client Meeting,Other,Georgia
1056,E1077,2025-07-27,Business Travel,"Air Travel - Medium Haul (>= 300 miles, < 2300 miles)",1258.8,passenger-mile,Client Meeting,Other,Florida
1186,E1079,2025-07-27,Employee Commuting,Passenger Car,32.8,vehicle-mile,Commute,California,California
2482,E1068,2025-07-27,Employee Commuting,Passenger Car,21.9,vehicle-mile,Commute,Colorado,Colorado
1571,E1086,2025-07-27,Employee Commuting,Passenger Car,31.1,vehicle-mile,Commute,Colorado,Colorado
1767,E1095,2025-07-27,Employee Commuting,Commuter Rail,18.4,passenger-mile,Commute,California,California
3323,E1050,2025-07-27,Employee Commuting,Passenger Car,37.1,vehicle-mile,Commute,California,California
2024,E1025,2025-07-27,Business Travel,Air Travel - Short Haul (< 300 miles),160.0,passenger-mile,Client Meeting,California,Georgia
3971,E1003,2025-07-27,Business Travel,Light-Duty Truck,16.1,vehicle-mile,Site Visit,California,Colorado
3604,E1075,2025-07-27,Employee Commuting,Passenger Car,3.1,vehicle-mile,Commute,California,California
38,E1025,2025-07-27,Employee Commuting,Passenger Car,28.6,vehicle-mile,Commute,California,California
2664,E1095,2025-07-27,Business Travel,Intercity Rail - National Average,748.5,passenger-mile,Off-site Meeting,California,Other
3614,E1089,2025-07-27,Business Travel,Air Travel - Long Haul (>= 2300 miles),2655.6,passenger-mile,Site Visit,New York,Colorado
1665,E1044,2025-07-28,Employee Commuting,Passenger Car,28.8,vehicle-mile,Commute,New York,New York
4268,E1085,2025-07-28,Employee Commuting,"Transit Rail (i.e. Subway, Tram)",14.0,passenger-mile,Commute,Colorado,Colorado
2479,E1036,2025-07-28,Employee Commuting,Passenger Car,27.3,vehicle-mile,Commute,Florida,Florida
4089,E1028,2025-07-28,Employee Commuting,Light-Duty Truck,32.9,vehicle-mile,Commute,Massachusetts,Massachusetts
2848,E1048,2025-07-28,Business Travel,"Air Travel - Medium Haul (>= 300 miles, < 2300 miles)",1226.2,passenger-mile,Client Meeting,Colorado,California
1651,E1020,2025-07-28,Business Travel,Intercity Rail - Northeast Corridor,314.7,passenger-mile,Client Meeting,Illinois,Florida
2119,E1088,2025-07-28,Employee Commuting,Motorcycle,4.2,vehicle-mile,Commute,Colorado,Colorado
4754,E1081,2025-07-28,Employee Commuting,"Transit Rail (i.e. Subway, Tram)",39.9,passenger-mile,Commute,California,California
586,E1073,2025-07-28,Business Travel,"Air Travel - Medium Haul (>= 300 miles, < 2300 miles)",1316.2,passenger-mile,Off-site Meeting,Washington,Washington
3783,E1032,2025-07-28,Employee Commuting,Passenger Car,15.6,vehicle-mile,Commute,Colorado,Colorado
2145,E1065,2025-07-28,Business Travel,Air Travel - Short Haul (< 300 miles),192.9,passenger-mile,Site Visit,New York,Massachusetts
1229,E1023,2025-07-28,Business Travel,Intercity Rail - Other Routes,151.3,passenger-mile,Site Visit,New York,Washington
3356,E1056,2025-07-28,Employee Commuting,Passenger Car,12.1,vehicle-mile,Commute,Massachusetts,Massachusetts
2653,E1028,2025-07-28,Employee Commuting,Passenger Car,5.6,vehicle-mile,Commute,New York,New York
797,E1095,2025-07-28,Employee Commuting,Light-Duty Truck,32.6,vehicle-mile,Commute,California,California
993,E1002,2025-07-28,Business Travel,"Air Travel - Medium Haul (>= 300 miles, < 2300 miles)",749.9,passenger-mile,Site Visit,California,California
3098,E1016,2025-07-29,Employee Commuting,Passenger Car,21.1,vehicle-mile,Commute,Texas,Texas
1012,E1080,2025-07-29,Business Travel,"Air Travel - Medium Haul (>= 300 miles, < 2300 miles)",461.2,passenger-mile,Conference,Other,Other
140,E1047,2025-07-29,Employee Commuting,"Transit Rail (i.e. Subway, Tram)",8.1,passenger-mile,Commute,California,California
977,E1035,2025-07-29,Business Travel,Air Travel - Long Haul (>= 2300 miles),3594.4,passenger-mile,Conference,Colorado,New York
1769,E1097,2025-07-29,Employee Commuting,Passenger Car,12.9,vehicle-mile,Commute,Texas,Texas
4671,E1058,2025-07-29,Employee Commuting,Passenger Car,37.0,vehicle-mile,Commute,California,California
1823,E1044,2025-07-29,Employee Commuting,Light-Duty Truck,17.6,vehicle-mile,Commute,Washington,Washington
1335,E1099,2025-07-29,Employee Commuting,Passenger Car,8.4,vehicle-mile,Commute,California,California
1641,E1077,2025-07-29,Employee Commuting,Light-Duty Truck,27.2,vehicle-mile,Commute,Florida,Florida
4688,E1085,2025-07-29,Employee Commuting,Commuter Rail,34.3,passenger-mile,Commute,California,California
402,E1055,2025-07-29,Employee Commuting,Passenger Car,36.0,vehicle-mile,Commute,Other,Other
897,E1036,2025-07-29,Employee Commuting,Passenger Car,34.4,vehicle-mile,Commute,New York,New York
1517,E1008,2025-07-29,Employee Commuting,Passenger Car,27.2,vehicle-mile,Commute,Other,Other
489,E1015,2025-07-29,Business Travel,Air Travel - Long Haul (>= 2300 miles),2904.3,passenger-mile,Conference,Texas,Florida
2358,E1091,2025-07-29,Employee Commuting,Commuter Rail,17.6,passenger-mile,Commute,New York,New York
1539,E1096,2025-07-29,Employee Commuting,Passenger Car,21.5,vehicle-mile,Commute,Texas,Texas
3989,E1079,2025-07-29,Employee Commuting,Commuter Rail,37.0,passenger-mile,Commute,California,California
4567,E1061,2025-07-29,Employee Commuting,Bus,17.8,passenger-mile,Commute,Colorado,Colorado
4025,E1059,2025-07-29,Business Travel,Intercity Rail - Other Routes,312.8,passenger-mile,Off-site Meeting,California,New York
1243,E1065,2025-07-29,Employee Commuting,Light-Duty Truck,33.9,vehicle-mile,Commute,California,California
2849,E1089,2025-07-30,Employee Commuting,Bus,8.3,passenger-mile,Commute,New York,New York
233,E1008,2025-07-30,Employee Commuting,Passenger Car,9.0,vehicle-mile,Commute,Georgia,Georgia
2428,E1003,2025-07-30,Employee Commuting,Passenger Car,9.0,vehicle-mile,Commute,California,California
4579,E1031,2025-07-30,Employee Commuting,Passenger Car,16.0,vehicle-mile,Commute,Other,Other
1263,E1078,2025-07-30,Employee Commuting,Passenger Car,19.2,vehicle-mile,Commute,Other,Other
317,E1005,2025-07-30,Employee Commuting,Passenger Car,39.7,vehicle-mile,Commute,New York,New York
2470,E1088,2025-07-30,Employee Commuting,Light-Duty Truck,7.5,vehicle-mile,Commute,California,California
847,E1032,2025-07-30,Employee Commuting,Passenger Car,17.9,vehicle-mile,Commute,Texas,Texas
4006,E1020,2025-07-30,Employee Commuting,Light-Duty Truck,16.2,vehicle-mile,Commute,California,California
4953,E1023,2025-07-30,Employee Commuting,Passenger Car,12.2,vehicle-mile,Commute,Texas,Texas
2165,E1098,2025-07-30,Employee Commuting,Light-Duty Truck,15.0,vehicle-mile,Commute,Illinois,Illinois
1447,E1056,2025-07-30,Employee Commuting,"Transit Rail (i.e. Subway, Tram)",4.3,passenger-mile,Commute,New York,New York
2460,E1088,2025-07-30,Employee Commuting,Light-Duty Truck,9.5,vehicle-mile,Commute,Texas,Texas
150,E1061,2025-07-30,Employee Commuting,Passenger Car,17.7,vehicle-mile,Commute,California,California
4859,E1053,2025-07-30,Employee Commuting,"Transit Rail (i.e. Subway, Tram)",24.3,passenger-mile,Commute,Texas,Texas
3260,E1057,2025-07-31,Business Travel,"Air Travel - Medium Haul (>= 300 miles, < 2300 miles)",1410.8,passenger-mile,Site Visit,Colorado,Washington
4535,E1069,2025-07-31,Employee Commuting,Passenger Car,26.5,vehicle-mile,Commute,Florida,Florida
3281,E1094,2025-07-31,Employee Commuting,Bus,31.4,passenger-mile,Commute,Georgia,Georgia
861,E1085,2025-07-31,Business Travel,Air Travel - Short Haul (< 300 miles),274.4,passenger-mile,Client Meeting,New York,Other
1839,E1076,2025-07-31,Employee Commuting,Passenger Car,3.3,vehicle-mile,Commute,Washington,Washington
1919,E1049,2025-07-31,Business Travel,Commuter Rail,30.0,passenger-mile,Conference,Other,Georgia
2389,E1059,2025-07-31,Business Travel,Intercity Rail - National Average,799.9,passenger-mile,Client Meeting,New York,California
4622,E1029,2025-07-31,Employee Commuting,Passenger Car,32.4,vehicle-mile,Commute,Texas,Texas
3740,E1094,2025-07-31,Employee Commuting,Passenger Car,38.7,vehicle-mile,Commute,California,California
1477,E1088,2025-07-31,Employee Commuting,Passenger Car,29.9,vehicle-mile,Commute,Texas,Texas
2260,E1057,2025-07-31,Employee Commuting,Bus,19.1,passenger-mile,Commute,Texas,Texas
1130,E1062,2025-07-31,Employee Commuting,Passenger Car,29.7,vehicle-mile,Commute,New York,New York
2436,E1005,2025-07-31,Employee Commuting,Passenger Car,4.4,vehicle-mile,Commute,Colorado,Colorado
3108,E1040,2025-07-31,Employee Commuting,Passenger Car,36.5,vehicle-mile,Commute,Florida,Florida
1246,E1039,2025-08-01,Employee Commuting,Passenger Car,28.5,vehicle-mile,Commute,Florida,Florida
2242,E1093,2025-08-01,Employee Commuting,Bus,31.2,passenger-mile,Commute,Texas,Texas
1643,E1090,2025-08-01,Business Travel,"Air Travel - Medium Haul (>= 300 miles, < 2300 miles)",993.2,passenger-mile,Client Meeting,California,Illinois
2336,E1047,2025-08-01,Business Travel,Motorcycle,93.5,vehicle-mile,Client Meeting,California,Washington
3567,E1055,2025-08-01,Employee Commuting,Passenger Car,3.1,vehicle-mile,Commute,Florida,Florida
4382,E1001,2025-08-01,Employee Commuting,Passenger Car,36.7,vehicle-mile,Commute,California,California
4466,E1017,2025-08-01,Employee Commuting,Passenger Car,17.2,vehicle-mile,Commute,Texas,Texas
1806,E1044,2025-08-01,Employee Commuting,Passenger Car,14.0,vehicle-mile,Commute,California,California
4601,E1030,2025-08-01,Business Travel,"Air Travel - Medium Haul (>= 300 miles, < 2300 miles)",763.5,passenger-mile,Conference,Colorado,Georgia
1697,E1024,2025-08-01,Employee Commuting,Passenger Car,34.3,vehicle-mile,Commute,Other,Other
4263,E1061,2025-08-01,Employee Commuting,Motorcycle,19.9,vehicle-mile,Commute,Florida,Florida
3824,E1062,2025-08-01,Business Travel,"Transit Rail (i.e. Subway, Tram)",91.3,passenger-mile,Site Visit,California,Washington
3975,E1069,2025-08-01,Employee Commuting,Light-Duty Truck,17.2,vehicle-mile,Commute,Colorado,Colorado
4425,E1093,2025-08-01,Employee Commuting,Passenger Car,27.0,vehicle-mile,Commute,California,California
1342,E1069,2025-08-01,Employee Commuting,Motorcycle,4.2,vehicle-mile,Commute,California,California
1167,E1042,2025-08-01,Employee Commuting,Passenger Car,32.9,vehicle-mile,Commute,Florida,Florida
4280,E1080,2025-08-01,Employee Commuting,Passenger Car,8.1,vehicle-mile,Commute,California,California
3853,E1036,2025-08-02,Employee Commuting,Commuter Rail,7.3,passenger-mile,Commute,Other,Other
3695,E1081,2025-08-02,Employee Commuting,Passenger Car,25.1,vehicle-mile,Commute,New York,New York
660,E1066,2025-08-02,Employee Commuting,Passenger Car,33.7,vehicle-mile,Commute,California,California
965,E1011,2025-08-02,Employee Commuting,Light-Duty Truck,14.2,vehicle-mile,Commute,California,California
2614,E1066,2025-08-02,Employee Commuting,Passenger Car,8.1,vehicle-mile,Commute,California,California
1465,E1006,2025-08-02,Business Travel,"Air Travel - Medium Haul (>= 300 miles, < 2300 miles)",1484.8,passenger-mile,Client Meeting,Washington,Illinois
3405,E1035,2025-08-02,Employee Commuting,Passenger Car,21.8,vehicle-mile,Commute,California,California
3672,E1043,2025-08-02,Employee Commuting,Passenger Car,14.2,vehicle-mile,Commute,California,California
1543,E1044,2025-08-02,Business Travel,Intercity Rail - National Average,339.6,passenger-mile,Site Visit,California,Massachusetts
4654,E1016,2025-08-02,Employee Commuting,Bus,20.0,passenger-mile,Commute,Other,Other
687,E1011,2025-08-02,Employee Commuting,Passenger Car,11.7,vehicle-mile,Commute,Colorado,Colorado
2017,E1001,2025-08-02,Employee Commuting,Passenger Car,35.5,vehicle-mile,Commute,Other,Other
3917,E1040,2025-08-02,Employee Commuting,Passenger Car,27.3,vehicle-mile,Commute,Texas,Texas
609,E1074,2025-08-02,Business Travel,"Air Travel - Medium Haul (>= 300 miles, < 2300 miles)",569.0,passenger-mile,Client Meeting,New York,Florida
1178,E1001,2025-08-02,Business Travel,"Air Travel - Medium Haul (>= 300 miles, < 2300 miles)",1194.1,passenger-mile,Client Meeting,Georgia,Other
1863,E1090,2025-08-02,Business Travel,Air Travel - Long Haul (>= 2300 miles),2967.4,passenger-mile,Conference,Washington,Florida
2802,E1047,2025-08-03,Employee Commuting,Passenger Car,19.4,vehicle-mile,Commute,Texas,Texas
3633,E1002,2025-08-03,Employee Commuting,Passenger Car,19.1,vehicle-mile,Commute,California,California
1990,E1042,2025-08-03,Employee Commuting,Light-Duty Truck,32.6,vehicle-mile,Commute,California,California
3097,E1016,2025-08-03,Employee Commuting,Passenger Car,26.7,vehicle-mile,Commute,Florida,Florida
810,E1045,2025-08-03,Business Travel,"Air Travel - Medium Haul (>= 300 miles, < 2300 miles)",1667.7,passenger-mile,Client Meeting,Massachusetts,Texas
4334,E1100,2025-08-03,Employee Commuting,Passenger Car,35.2,vehicle-mile,Commute,California,California
3720,E1001,2025-08-03,Employee Commuting,Passenger Car,6.3,vehicle-mile,Commute,Massachusetts,Massachusetts
10,E1018,2025-08-03,Business Travel,"Air Travel - Medium Haul (>= 300 miles, < 2300 miles)",1390.9,passenger-mile,Conference,Florida,Massachusetts
1481,E1015,2025-08-03,Employee Commuting,Bus,15.2,passenger-mile,Commute,Washington,Washington
2180,E1093,2025-08-03,Employee Commuting,Passenger Car,23.6,vehicle-mile,Commute,California,California
293,E1012,2025-08-04,Employee Commuting,"Transit Rail (i.e. Subway, Tram)",17.1,passenger-mile,Commute,Other,Other
988,E1031,2025-08-04,Employee Commuting,Passenger Car,25.1,vehicle-mile,Commute,Illinois,Illinois
2269,E1078,2025-08-04,Employee Commuting,Light-Duty Truck,17.8,vehicle-mile,Commute,Other,Other
1341,E1065,2025-08-04,Business Travel,"Air Travel - Medium Haul (>= 300 miles, < 2300 miles)",534.6,passenger-mile,Client Meeting,Florida,Illinois
1861,E1019,2025-08-04,Employee Commuting,Passenger Car,21.9,vehicle-mile,Commute,California,California
3721,E1001,2025-08-04,Employee Commuting,Passenger Car,18.1,vehicle-mile,Commute,Florida,Florida
4077,E1074,2025-08-04,Employee Commuting,Commuter Rail,7.4,passenger-mile,Commute,Texas,Texas
1277,E1030,2025-08-04,Business Travel,Air Travel - Long Haul (>= 2300 miles),4153.4,passenger-mile,Site Visit,Massachusetts,Colorado
397,E1067,2025-08-04,Business Travel,Air Travel - Short Haul (< 300 miles),233.2,passenger-mile,Client Meeting,New York,California
2693,E1073,2025-08-04,Employee Commuting,Commuter Rail,3.6,passenger-mile,Commute,Texas,Texas
4756,E1099,2025-08-04,Business Travel,Intercity Rail - Other Routes,738.9,passenger-mile,Conference,Texas,New York
378,E1083,2025-08-04,Business Travel,"Air Travel - Medium Haul (>= 300 miles, < 2300 miles)",988.9,passenger-mile,Site Visit,Florida,Colorado
2181,E1011,2025-08-05,Employee Commuting,Passenger Car,18.7,vehicle-mile,Commute,Colorado,Colorado
1706,E1003,2025-08-05,Employee Commuting,Passenger Car,34.5,vehicle-mile,Commute,Washington,Washington
1620,E1029,2025-08-05,Employee Commuting,Passenger Car,9.3,vehicle-mile,Commute,Florida,Florida
2261,E1076,2025-08-05,Employee Commuting,Passenger Car,21.6,vehicle-mile,Commute,Washington,Washington
68,E1007,2025-08-05,Employee Commuting,Light-Duty Truck,35.5,vehicle-mile,Commute,California,California
2686,E1069,2025-08-05,Employee Commuting,Bus,20.7,passenger-mile,Commute,Washington,Washington
2004,E1062,2025-08-05,Employee Commuting,Bus,20.2,passenger-mile,Commute,California,California
4552,E1098,2025-08-05,Employee Commuting,Passenger Car,19.0,vehicle-mile,Commute,Texas,Texas
464,E1037,2025-08-05,Employee Commuting,Light-Duty Truck,37.4,vehicle-mile,Commute,California,California
11,E1062,2025-08-05,Employee Commuting,Passenger Car,33.7,vehicle-mile,Commute,California,California
1560,E1055,2025-08-05,Business Travel,Intercity Rail - Northeast Corridor,382.3,passenger-mile,Site Visit,Florida,California
480,E1100,2025-08-05,Employee Commuting,"Transit Rail (i.e. Subway, Tram)",32.0,passenger-mile,Commute,Massachusetts,Massachusetts
747,E1035,2025-08-05,Business Travel,Air Travel - Short Haul (< 300 miles),287.3,passenger-mile,Conference,Colorado,Massachusetts
1316,E1033,2025-08-06,Employee Commuting,Passenger Car,38.6,vehicle-mile,Commute,California,California
379,E1098,2025-08-06,Business Travel,Air Travel - Short Haul (< 300 miles),241.7,passenger-mile,Site Visit,Illinois,Massachusetts
3945,E1064,2025-08-06,Business Travel,Intercity Rail - Northeast Corridor,123.1,passenger-mile,Client Meeting,California,Other
1636,E1096,2025-08-06,Employee Commuting,"Transit Rail (i.e. Subway, Tram)",7.2,passenger-mile,Commute,Massachusetts,Massachusetts
2801,E1003,2025-08-06,Business Travel,Air Travel - Short Haul (< 300 miles),295.1,passenger-mile,Conference,Illinois,Georgia
4127,E1098,2025-08-06,Employee Commuting,Passenger Car,25.1,vehicle-mile,Commute,California,California
4522,E1010,2025-08-06,Employee Commuting,"Transit Rail (i.e. Subway, Tram)",36.2,passenger-mile,Commute,California,California
3414,E1053,2025-08-06,Employee Commuting,Commuter Rail,15.4,passenger-mile,Commute,Massachusetts,Massachusetts
1740,E1048,2025-08-06,Business Travel,Passenger Car,90.3,vehicle-mile,Site Visit,Georgia,Illinois
2333,E1065,2025-08-06,Employee Commuting,Passenger Car,23.3,vehicle-mile,Commute,California,California
3112,E1078,2025-08-06,Employee Commuting,Commuter Rail,35.6,passenger-mile,Commute,Texas,Texas
4735,E1083,2025-08-06,Employee Commuting,Passenger Car,16.1,vehicle-mile,Commute,Texas,Texas
4259,E1009,2025-08-06,Employee Commuting,Commuter Rail,35.9,passenger-mile,Commute,California,California
2168,E1071,2025-08-06,Employee Commuting,Passenger Car,32.2,vehicle-mile,Commute,New York,New York
961,E1040,2025-08-06,Employee Commuting,Passenger Car,12.6,vehicle-mile,Commute,Texas,Texas
4082,E1099,2025-08-06,Employee Commuting,"Transit Rail (i.e. Subway, Tram)",5.9,passenger-mile,Commute,Washington,Washington
2515,E1001,2025-08-06,Business Travel,"Air Travel - Medium Haul (>= 300 miles, < 2300 miles)",356.4,passenger-mile,Client Meeting,California,Massachusetts
979,E1076,2025-08-06,Business Travel,Intercity Rail - National Average,352.0,passenger-mile,Site Visit,Texas,Other
1154,E1097,2025-08-06,Business Travel,Air Travel - Short Haul (< 300 miles),181.7,passenger-mile,Conference,Other,California
2838,E1042,2025-08-06,Employee Commuting,Passenger Car,18.5,vehicle-mile,Commute,Illinois,Illinois
1248,E1023,2025-08-06,Employee Commuting,Passenger Car,35.5,vehicle-mile,Commute,Georgia,Georgia
254,E1029,2025-08-06,Business Travel,Motorcycle,67.9,vehicle-mile,Conference,Texas,Illinois
3372,E1015,2025-08-06,Employee Commuting,Motorcycle,19.6,vehicle-mile,Commute,Colorado,Colorado
2136,E1056,2025-08-06,Employee Commuting,"Transit Rail (i.e. Subway, Tram)",9.8,passenger-mile,Commute,California,California
896,E1044,2025-08-06,Employee Commuting,Bus,35.1,passenger-mile,Commute,California,California
108,E1001,2025-08-06,Employee Commuting,"Transit Rail (i.e. Subway, Tram)",7.8,passenger-mile,Commute,New York,New York
1690,E1097,2025-08-06,Employee Commuting,Passenger Car,22.2,vehicle-mile,Commute,California,California
1579,E1051,2025-08-07,Employee Commuting,Passenger Car,6.7,vehicle-mile,Commute,Illinois,Illinois
167,E1087,2025-08-07,Employee Commuting,Passenger Car,12.9,vehicle-mile,Commute,California,California
2735,E1088,2025-08-07,Employee Commuting,Light-Duty Truck,32.4,vehicle-mile,Commute,Washington,Washington
3508,E1051,2025-08-07,Employee Commuting,Passenger Car,8.9,vehicle-mile,Commute,Massachusetts,Massachusetts
954,E1004,2025-08-07,Business Travel,Intercity Rail - Other Routes,387.8,passenger-mile,Off-site Meeting,California,Other
4600,E1085,2025-08-07,Employee Commuting,"Transit Rail (i.e. Subway, Tram)",31.6,passenger-mile,Commute,Washington,Washington
4176,E1055,2025-08-07,Employee Commuting,"Transit Rail (i.e. Subway, Tram)",18.6,passenger-mile,Commute,California,California
1257,E1058,2025-08-07,Employee Commuting,"Transit Rail (i.e. Subway, Tram)",17.0,passenger-mile,Commute,California,California
815,E1035,2025-08-07,Employee Commuting,Passenger Car,29.5,vehicle-mile,Commute,Georgia,Georgia
3613,E1009,2025-08-07,Business Travel,Air Travel - Short Haul (< 300 miles),259.0,passenger-mile,Conference,New York,Illinois
333,E1099,2025-08-07,Business Travel,Intercity Rail - Northeast Corridor,346.9,passenger-mile,Conference,Texas,Illinois
537,E1069,2025-08-07,Employee Commuting,Passenger Car,24.5,vehicle-mile,Commute,Other,Other
4044,E1091,2025-08-07,Employee Commuting,Passenger Car,8.8,vehicle-mile,Commute,Georgia,Georgia
730,E1070,2025-08-07,Employee Commuting,Light-Duty Truck,39.6,vehicle-mile,Commute,Illinois,Illinois
4475,E1033,2025-08-07,Employee Commuting,Bus,39.0,passenger-mile,Commute,Washington,Washington
842,E1001,2025-08-07,Employee Commuting,Passenger Car,38.4,vehicle-mile,Commute,Illinois,Illinois
1854,E1038,2025-08-08,Employee Commuting,Passenger Car,19.6,vehicle-mile,Commute,California,California
3732,E1078,2025-08-08,Business Travel,Air Travel - Short Haul (< 300 miles),217.5,passenger-mile,Off-site Meeting,Colorado,Colorado
779,E1065,2025-08-08,Business Travel,Intercity Rail - Northeast Corridor,127.9,passenger-mile,Conference,Texas,Illinois
4731,E1073,2025-08-08,Employee Commuting,"Transit Rail (i.e. Subway, Tram)",38.4,passenger-mile,Commute,Illinois,Illinois
1139,E1097,2025-08-08,Business Travel,Passenger Car,81.7,vehicle-mile,Off-site Meeting,Other,Washington
4447,E1086,2025-08-08,Employee Commuting,Passenger Car,22.3,vehicle-mile,Commute,Florida,Florida
2271,E1095,2025-08-08,Employee Commuting,Passenger Car,16.6,vehicle-mile,Commute,New York,New York
43,E1048,2025-08-08,Employee Commuting,Light-Duty Truck,9.6,vehicle-mile,Commute,California,California
3019,E1002,2025-08-08,Employee Commuting,Passenger Car,3.0,vehicle-mile,Commute,California,California
3653,E1054,2025-08-08,Business Travel,Passenger Car,49.4,vehicle-mile,Site Visit,Massachusetts,Other
1760,E1046,2025-08-08,Business Travel,"Air Travel - Medium Haul (>= 300 miles, < 2300 miles)",851.7,passenger-mile,Site Visit,New York,Illinois
891,E1070,2025-08-08,Employee Commuting,Passenger Car,18.9,vehicle-mile,Commute,Washington,Washington
667,E1060,2025-08-08,Business Travel,Intercity Rail - Northeast Corridor,119.0,passenger-mile,Off-site Meeting,Washington,Massachusetts
1993,E1026,2025-08-08,Employee Commuting,Passenger Car,19.1,vehicle-mile,Commute,California,California
236,E1094,2025-08-08,Employee Commuting,"Transit Rail (i.e. Subway, Tram)",26.3,passenger-mile,Commute,Other,Other
1917,E1067,2025-08-08,Business Travel,Bus,10.3,passenger-mile,Off-site Meeting,California,Florida
2665,E1059,2025-08-08,Employee Commuting,Passenger Car,7.4,vehicle-mile,Commute,California,California
4460,E1084,2025-08-08,Business Travel,Intercity Rail - National Average,238.4,passenger-mile,Client Meeting,California,Washington
2166,E1065,2025-08-08,Employee Commuting,"Transit Rail (i.e. Subway, Tram)",8.8,passenger-mile,Commute,Colorado,Colorado
3933,E1088,2025-08-08,Business Travel,Intercity Rail - National Average,496.3,passenger-mile,Site Visit,Florida,California
4454,E1032,2025-08-09,Employee Commuting,Passenger Car,39.0,vehicle-mile,Commute,California,California
4480,E1063,2025-08-09,Employee Commuting,Passenger Car,27.2,vehicle-mile,Commute,California,California
703,E1016,2025-08-09,Business Travel,"Air Travel - Medium Haul (>= 300 miles, < 2300 miles)",1345.7,passenger-mile,Off-site Meeting,California,Florida
4493,E1085,2025-08-09,Employee Commuting,Passenger Car,32.4,vehicle-mile,Commute,California,California
4825,E1064,2025-08-09,Employee Commuting,Bus,14.7,passenger-mile,Commute,Illinois,Illinois
4367,E1090,2025-08-09,Employee Commuting,"Transit Rail (i.e. Subway, Tram)",27.0,passenger-mile,Commute,Texas,Texas
905,E1070,2025-08-09,Employee Commuting,Light-Duty Truck,4.5,vehicle-mile,Commute,New York,New York
4303,E1094,2025-08-09,Employee Commuting,"Transit Rail (i.e. Subway, Tram)",6.5,passenger-mile,Commute,Georgia,Georgia
2239,E1029,2025-08-09,Employee Commuting,Passenger Car,26.0,vehicle-mile,Commute,California,California
3888,E1042,2025-08-09,Employee Commuting,Passenger Car,14.4,vehicle-mile,Commute,Texas,Texas
4584,E1036,2025-08-09,Business Travel,"Air Travel - Medium Haul (>= 300 miles, < 2300 miles)",1649.9,passenger-mile,Client Meeting,California,Other
2627,E1033,2025-08-09,Employee Commuting,Bus,21.2,passenger-mile,Commute,Texas,Texas
1401,E1087,2025-08-09,Employee Commuting,Commuter Rail,28.4,passenger-mile,Commute,Georgia,Georgia
1633,E1047,2025-08-09,Employee Commuting,Commuter Rail,17.3,passenger-mile,Commute,Florida,Florida
633,E1039,2025-08-10,Business Travel,Intercity Rail - Other Routes,499.6,passenger-mile,Off-site Meeting,Other,Colorado
2637,E1029,2025-08-10,Business Travel,Passenger Car,88.7,vehicle-mile,Site Visit,California,Other
2091,E1012,2025-08-10,Business Travel,"Air Travel - Medium Haul (>= 300 miles, < 2300 miles)",447.7,passenger-mile,Client Meeting,California,Washington
477,E1092,2025-08-10,Employee Commuting,Passenger Car,31.5,vehicle-mile,Commute,Other,Other
152,E1018,2025-08-10,Business Travel,Air Travel - Short Haul (< 300 miles),187.7,passenger-mile,Conference,California,Texas
2371,E1039,2025-08-10,Employee Commuting,Bus,30.7,passenger-mile,Commute,Washington,Washington
3256,E1051,2025-08-10,Employee Commuting,Commuter Rail,31.9,passenger-mile,Commute,Georgia,Georgia
3049,E1048,2025-08-10,Employee Commuting,Light-Duty Truck,11.4,vehicle-mile,Commute,Illinois,Illinois
3963,E1002,2025-08-10,Employee Commuting,Light-Duty Truck,31.4,vehicle-mile,Commute,California,California
98,E1034,2025-08-10,Business Travel,Intercity Rail - National Average,486.3,passenger-mile,Client Meeting,New York,Colorado
1097,E1076,2025-08-10,Employee Commuting,Passenger Car,26.6,vehicle-mile,Commute,Other,Other
4961,E1020,2025-08-10,Employee Commuting,Passenger Car,25.2,vehicle-mile,Commute,Other,Other
2471,E1018,2025-08-10,Employee Commuting,"Transit Rail (i.e. Subway, Tram)",39.0,passenger-mile,Commute,New York,New York
3393,E1062,2025-08-10,Business Travel,Air Travel - Short Haul (< 300 miles),126.6,passenger-mile,Site Visit,Colorado,California
3969,E1077,2025-08-10,Employee Commuting,Passenger Car,29.5,vehicle-mile,Commute,New York,New York
4072,E1050,2025-08-11,Employee Commuting,Passenger Car,29.7,vehicle-mile,Commute,Illinois,Illinois
2323,E1034,2025-08-11,Employee Commuting,Motorcycle,39.1,vehicle-mile,Commute,Other,Other
4679,E1057,2025-08-11,Employee Commuting,Commuter Rail,27.2,passenger-mile,Commute,New York,New York
4377,E1069,2025-08-11,Employee Commuting,Passenger Car,9.7,vehicle-mile,Commute,California,California
2520,E1036,2025-08-11,Employee Commuting,Passenger Car,31.0,vehicle-mile,Commute,Other,Other
4847,E1098,2025-08-11,Employee Commuting,Passenger Car,28.9,vehicle-mile,Commute,Florida,Florida
4383,E1062,2025-08-11,Employee Commuting,Commuter Rail,7.3,passenger-mile,Commute,California,California
319,E1008,2025-08-11,Employee Commuting,Passenger Car,38.8,vehicle-mile,Commute,California,California
1253,E1006,2025-08-11,Employee Commuting,Passenger Car,27.3,vehicle-mile,Commute,New York,New York
3640,E1037,2025-08-11,Business Travel,Air Travel - Long Haul (>= 2300 miles),4282.8,passenger-mile,Client Meeting,Washington,Georgia
2202,E1006,2025-08-11,Employee Commuting,Light-Duty Truck,28.2,vehicle-mile,Commute,California,California
4215,E1074,2025-08-12,Business Travel,Air Travel - Short Haul (< 300 miles),200.1,passenger-mile,Off-site Meeting,New York,Other
4021,E1021,2025-08-12,Employee Commuting,"Transit Rail (i.e. Subway, Tram)",7.9,passenger-mile,Commute,Other,Other
27,E1056,2025-08-12,Employee Commuting,Passenger Car,4.9,vehicle-mile,Commute,California,California
4681,E1043,2025-08-12,Business Travel,"Air Travel - Medium Haul (>= 300 miles, < 2300 miles)",1151.8,passenger-mile,Client Meeting,New York,Texas
3235,E1005,2025-08-12,Business Travel,Air Travel - Long Haul (>= 2300 miles),3854.7,passenger-mile,Client Meeting,Massachusetts,Massachusetts
2022,E1081,2025-08-12,Employee Commuting,"Transit Rail (i.e. Subway, Tram)",7.7,passenger-mile,Commute,Other,Other
4855,E1083,2025-08-12,Employee Commuting,Passenger Car,15.2,vehicle-mile,Commute,Other,Other
4288,E1064,2025-08-12,Employee Commuting,Passenger Car,4.3,vehicle-mile,Commute,Other,Other
3418,E1096,2025-08-12,Employee Commuting,Light-Duty Truck,27.9,vehicle-mile,Commute,Illinois,Illinois
702,E1021,2025-08-12,Business Travel,Light-Duty Truck,74.7,vehicle-mile,Site Visit,Illinois,Washington
4507,E1067,2025-08-12,Employee Commuting,Passenger Car,4.1,vehicle-mile,Commute,California,California
205,E1039,2025-08-12,Business Travel,"Air Travel - Medium Haul (>= 300 miles, < 2300 miles)",688.0,passenger-mile,Client Meeting,California,Texas
4437,E1021,2025-08-13,Employee Commuting,Passenger Car,11.5,vehicle-mile,Commute,California,California
3060,E1032,2025-08-13,Business Travel,Motorcycle,87.8,vehicle-mile,Conference,Washington,Massachusetts
386,E1100,2025-08-13,Business Travel,"Air Travel - Medium Haul (>= 300 miles, < 2300 miles)",1648.3,passenger-mile,Client Meeting,Georgia,New York
3322,E1051,2025-08-13,Business Travel,"Air Travel - Medium Haul (>= 300 miles, < 2300 miles)",370.0,passenger-mile,Client Meeting,California,Illinois
784,E1064,2025-08-13,Business Travel,"Air Travel - Medium Haul (>= 300 miles, < 2300 miles)",1190.7,passenger-mile,Client Meeting,Florida,Illinois
1111,E1087,2025-08-13,Employee Commuting,Passenger Car,39.3,vehicle-mile,Commute,Texas,Texas
3913,E1045,2025-08-13,Employee Commuting,Passenger Car,5.6,vehicle-mile,Commute,Illinois,Illinois
3772,E1031,2025-08-13,Business Travel,"Air Travel - Medium Haul (>= 300 miles, < 2300 miles)",1548.1,passenger-mile,Conference,California,Other
3194,E1086,2025-08-13,Business Travel,"Air Travel - Medium Haul (>= 300 miles, < 2300 miles)",1290.3,passenger-mile,Off-site Meeting,Texas,Florida
3966,E1094,2025-08-13,Employee Commuting,Passenger Car,11.5,vehicle-mile,Commute,California,California
3802,E1060,2025-08-13,Business Travel,Air Travel - Short Haul (< 300 miles),220.3,passenger-mile,Site Visit,California,Washington
1369,E1027,2025-08-13,Employee Commuting,Passenger Car,6.8,vehicle-mile,Commute,California,California
2716,E1037,2025-08-14,Business Travel,"Air Travel - Medium Haul (>= 300 miles, < 2300 miles)",1089.8,passenger-mile,Off-site Meeting,California,California
4054,E1037,2025-08-14,Business Travel,Intercity Rail - Other Routes,596.2,passenger-mile,Conference,Georgia,New York
2555,E1088,2025-08-14,Business Travel,Passenger Car,62.1,vehicle-mile,Off-site Meeting,California,Massachusetts
2687,E1041,2025-08-14,Employee Commuting,Passenger Car,25.3,vehicle-mile,Commute,Texas,Texas
41,E1030,2025-08-14,Employee Commuting,"Transit Rail (i.e. Subway, Tram)",26.4,passenger-mile,Commute,Other,Other
4790,E1003,2025-08-14,Employee Commuting,Motorcycle,26.0,vehicle-mile,Commute,Other,Other
626,E1017,2025-08-14,Business Travel,"Transit Rail (i.e. Subway, Tram)",15.1,passenger-mile,Off-site Meeting,Texas,Massachusetts
4873,E1041,2025-08-14,Business Travel,"Air Travel - Medium Haul (>= 300 miles, < 2300 miles)",906.5,passenger-mile,Site Visit,Other,Massachusetts
972,E1007,2025-08-14,Employee Commuting,Passenger Car,37.9,vehicle-mile,Commute,California,California
488,E1005,2025-08-14,Employee Commuting,Passenger Car,18.4,vehicle-mile,Commute,New York,New York
276,E1074,2025-08-14,Employee Commuting,Passenger Car,30.3,vehicle-mile,Commute,Texas,Texas
4544,E1052,2025-08-14,Employee Commuting,Commuter Rail,27.8,passenger-mile,Commute,Washington,Washington
1318,E1003,2025-08-14,Business Travel,"Air Travel - Medium Haul (>= 300 miles, < 2300 miles)",1392.9,passenger-mile,Site Visit,California,New York
909,E1054,2025-08-14,Employee Commuting,Passenger Car,39.1,vehicle-mile,Commute,Washington,Washington
1124,E1089,2025-08-14,Business Travel,Intercity Rail - Other Routes,425.7,passenger-mile,Site Visit,Florida,New York
3449,E1047,2025-08-15,Business Travel,"Air Travel - Medium Haul (>= 300 miles, < 2300 miles)",1327.0,passenger-mile,Conference,Texas,Massachusetts
4963,E1035,2025-08-15,Employee Commuting,Passenger Car,14.4,vehicle-mile,Commute,California,California
644,E1030,2025-08-15,Employee Commuting,"Transit Rail (i.e. Subway, Tram)",8.9,passenger-mile,Commute,New York,New York
69,E1021,2025-08-15,Employee Commuting,Passenger Car,24.0,vehicle-mile,Commute,Other,Other
3445,E1090,2025-08-15,Employee Commuting,Passenger Car,6.7,vehicle-mile,Commute,Colorado,Colorado
3784,E1037,2025-08-15,Employee Commuting,Passenger Car,27.1,vehicle-mile,Commute,Massachusetts,Massachusetts
2959,E1014,2025-08-15,Business Travel,Light-Duty Truck,36.1,vehicle-mile,Site Visit,California,California
4867,E1002,2025-08-15,Employee Commuting,Passenger Car,35.4,vehicle-mile,Commute,California,California
3885,E1068,2025-08-15,Business Travel,Air Travel - Long Haul (>= 2300 miles),3482.7,passenger-mile,Client Meeting,Washington,Massachusetts
393,E1009,2025-08-15,Employee Commuting,Passenger Car,25.1,vehicle-mile,Commute,California,California
3161,E1011,2025-08-15,Employee Commuting,Passenger Car,25.1,vehicle-mile,Commute,California,California
2742,E1051,2025-08-15,Employee Commuting,Bus,21.1,passenger-mile,Commute,New York,New York
3588,E1062,2025-08-15,Employee Commuting,Bus,34.8,passenger-mile,Commute,California,California
4307,E1092,2025-08-15,Employee Commuting,Commuter Rail,21.3,passenger-mile,Commute,Florida,Florida
1851,E1046,2025-08-15,Employee Commuting,Bus,7.4,passenger-mile,Commute,Massachusetts,Massachusetts
113,E1023,2025-08-15,Employee Commuting,Passenger Car,19.6,vehicle-mile,Commute,New York,New York
1440,E1021,2025-08-15,Business Travel,Intercity Rail - Northeast Corridor,149.7,passenger-mile,Off-site Meeting,Florida,California
3707,E1084,2025-08-15,Employee Commuting,Bus,12.9,passenger-mile,Commute,California,California
367,E1025,2025-08-15,Employee Commuting,Passenger Car,17.5,vehicle-mile,Commute,California,California
2273,E1051,2025-08-16,Employee Commuting,"Transit Rail (i.e. Subway, Tram)",6.2,passenger-mile,Commute,New York,New York
3310,E1042,2025-08-16,Employee Commuting,Commuter Rail,8.9,passenger-mile,Commute,Texas,Texas
652,E1043,2025-08-16,Employee Commuting,Motorcycle,23.1,vehicle-mile,Commute,California,California
4245,E1029,2025-08-16,Employee Commuting,Bus,18.2,passenger-mile,Commute,Florida,Florida
3341,E1085,2025-08-16,Employee Commuting,Bus,23.5,passenger-mile,Commute,California,California
1363,E1083,2025-08-16,Business Travel,Bus,48.3,passenger-mile,Conference,Washington,Massachusetts
1403,E1088,2025-08-16,Employee Commuting,Motorcycle,34.2,vehicle-mile,Commute,Colorado,Colorado
2374,E1100,2025-08-16,Employee Commuting,Passenger Car,36.9,vehicle-mile,Commute,California,California
516,E1027,2025-08-16,Employee Commuting,Passenger Car,40.0,vehicle-mile,Commute,California,California
4794,E1019,2025-08-16,Employee Commuting,Passenger Car,4.2,vehicle-mile,Commute,Other,Other
2516,E1079,2025-08-16,Employee Commuting,Passenger Car,38.0,vehicle-mile,Commute,California,California
1826,E1026,2025-08-16,Employee Commuting,Passenger Car,13.2,vehicle-mile,Commute,California,California
4958,E1073,2025-08-16,Business Travel,Air Travel - Long Haul (>= 2300 miles),2335.8,passenger-mile,Client Meeting,Florida,Georgia
3713,E1015,2025-08-16,Employee Commuting,Light-Duty Truck,15.0,vehicle-mile,Commute,Florida,Florida
3860,E1061,2025-08-16,Business Travel,"Air Travel - Medium Haul (>= 300 miles, < 2300 miles)",1011.1,passenger-mile,Client Meeting,California,New York
1920,E1092,2025-08-16,Business Travel,Air Travel - Long Haul (>= 2300 miles),3845.3,passenger-mile,Client Meeting,California,Texas
1333,E1053,2025-08-17,Business Travel,"Transit Rail (i.e. Subway, Tram)",13.5,passenger-mile,Off-site Meeting,California,California
2626,E1083,2025-08-17,Employee Commuting,Commuter Rail,19.0,passenger-mile,Commute,California,California
3010,E1011,2025-08-17,Business Travel,"Air Travel - Medium Haul (>= 300 miles, < 2300 miles)",391.8,passenger-mile,Site Visit,Texas,Illinois
4154,E1070,2025-08-17,Business Travel,"Air Travel - Medium Haul (>= 300 miles, < 2300 miles)",518.2,passenger-mile,Client Meeting,California,New York
3648,E1061,2025-08-17,Employee Commuting,Commuter Rail,6.8,passenger-mile,Commute,California,California
4005,E1015,2025-08-17,Employee Commuting,Passenger Car,24.5,vehicle-mile,Commute,California,California
3584,E1088,2025-08-17,Employee Commuting,Passenger Car,3.3,vehicle-mile,Commute,New York,New York
331,E1019,2025-08-17,Employee Commuting,Light-Duty Truck,35.5,vehicle-mile,Commute,California,California
631,E1068,2025-08-17,Employee Commuting,"Transit Rail (i.e. Subway, Tram)",35.9,passenger-mile,Commute,Texas,Texas
2003,E1059,2025-08-17,Business Travel,Commuter Rail,63.0,passenger-mile,Client Meeting,New York,Washington
2346,E1050,2025-08-18,Employee Commuting,Light-Duty Truck,9.1,vehicle-mile,Commute,Texas,Texas
4901,E1052,2025-08-18,Employee Commuting,"Transit Rail (i.e. Subway, Tram)",39.3,passenger-mile,Commute,Other,Other
1163,E1073,2025-08-18,Employee Commuting,Passenger Car,19.6,vehicle-mile,Commute,Georgia,Georgia
3797,E1032,2025-08-18,Employee Commuting,Passenger Car,11.1,vehicle-mile,Commute,Washington,Washington
4919,E1078,2025-08-18,Employee Commuting,Passenger Car,15.8,vehicle-mile,Commute,California,California
4760,E1088,2025-08-18,Employee Commuting,Passenger Car,34.0,vehicle-mile,Commute,New York,New York
4147,E1089,2025-08-18,Employee Commuting,"Transit Rail (i.e. Subway, Tram)",22.1,passenger-mile,Commute,Other,Other
2799,E1021,2025-08-18,Employee Commuting,Passenger Car,23.2,vehicle-mile,Commute,Washington,Washington
740,E1027,2025-08-18,Employee Commuting,Passenger Car,17.8,vehicle-mile,Commute,Other,Other
1878,E1034,2025-08-18,Employee Commuting,Light-Duty Truck,14.7,vehicle-mile,Commute,Florida,Florida
4665,E1032,2025-08-18,Business Travel,"Air Travel - Medium Haul (>= 300 miles, < 2300 miles)",942.1,passenger-mile,Site Visit,New York,Georgia
3184,E1031,2025-08-18,Business Travel,Air Travel - Long Haul (>= 2300 miles),2301.9,passenger-mile,Client Meeting,Illinois,Illinois
4888,E1012,2025-08-18,Employee Commuting,Bus,27.5,passenger-mile,Commute,California,California
3320,E1045,2025-08-18,Employee Commuting,Passenger Car,30.3,vehicle-mile,Commute,Texas,Texas
2412,E1052,2025-08-18,Business Travel,Light-Duty Truck,12.5,vehicle-mile,Off-site Meeting,Texas,Texas
927,E1091,2025-08-19,Employee Commuting,Passenger Car,29.7,vehicle-mile,Commute,Other,Other
1815,E1040,2025-08-19,Employee Commuting,"Transit Rail (i.e. Subway, Tram)",35.8,passenger-mile,Commute,California,California
2164,E1054,2025-08-19,Employee Commuting,Passenger Car,10.0,vehicle-mile,Commute,Other,Other
289,E1005,2025-08-19,Business Travel,Intercity Rail - Other Routes,464.7,passenger-mile,Conference,Florida,Florida
1967,E1019,2025-08-19,Employee Commuting,Passenger Car,14.0,vehicle-mile,Commute,California,California
2285,E1032,2025-08-19,Business Travel,Intercity Rail - Northeast Corridor,178.6,passenger-mile,Client Meeting,Washington,New York
4180,E1075,2025-08-19,Business Travel,"Air Travel - Medium Haul (>= 300 miles, < 2300 miles)",567.1,passenger-mile,Client Meeting,Colorado,Texas
970,E1094,2025-08-19,Employee Commuting,"Transit Rail (i.e. Subway, Tram)",19.1,passenger-mile,Commute,Colorado,Colorado
2360,E1085,2025-08-19,Employee Commuting,"Transit Rail (i.e. Subway, Tram)",27.0,passenger-mile,Commute,Illinois,Illinois
2651,E1012,2025-08-19,Employee Commuting,Passenger Car,20.2,vehicle-mile,Commute,New York,New York
1556,E1056,2025-08-19,Employee Commuting,Passenger Car,34.4,vehicle-mile,Commute,California,California
4954,E1100,2025-08-19,Business Travel,Intercity Rail - Northeast Corridor,445.2,passenger-mile,Off-site Meeting,Other,Illinois
4806,E1008,2025-08-20,Business Travel,Bus,55.1,passenger-mile,Client Meeting,California,Washington
399,E1046,2025-08-20,Employee Commuting,"Transit Rail (i.e. Subway, Tram)",19.4,passenger-mile,Commute,Florida,Florida
4938,E1002,2025-08-20,Employee Commuting,Passenger Car,29.4,vehicle-mile,Commute,California,California
2588,E1055,2025-08-20,Business Travel,"Air Travel - Medium Haul (>= 300 miles, < 2300 miles)",597.8,passenger-mile,Client Meeting,Other,California
918,E1023,2025-08-20,Business Travel,Bus,29.4,passenger-mile,Off-site Meeting,Texas,California
2944,E1034,2025-08-20,Employee Commuting,Passenger Car,5.3,vehicle-mile,Commute,Georgia,Georgia
957,E1089,2025-08-20,Business Travel,"Air Travel - Medium Haul (>= 300 miles, < 2300 miles)",1266.7,passenger-mile,Off-site Meeting,Florida,Washington
170,E1026,2025-08-20,Business Travel,Bus,73.3,passenger-mile,Site Visit,California,Illinois
579,E1019,2025-08-20,Business Travel,Air Travel - Short Haul (< 300 miles),181.5,passenger-mile,Client Meeting,Massachusetts,Georgia
2229,E1033,2025-08-20,Employee Commuting,"Transit Rail (i.e. Subway, Tram)",9.7,passenger-mile,Commute,Florida,Florida
893,E1026,2025-08-20,Business Travel,Bus,84.2,passenger-mile,Site Visit,Texas,Illinois
255,E1043,2025-08-20,Employee Commuting,Light-Duty Truck,35.1,vehicle-mile,Commute,Colorado,Colorado
1305,E1004,2025-08-21,Business Travel,Air Travel - Long Haul (>= 2300 miles),3857.5,passenger-mile,Site Visit,Texas,Colorado
778,E1055,2025-08-21,Business Travel,Intercity Rail - Other Routes,773.1,passenger-mile,Conference,Illinois,Massachusetts
4036,E1027,2025-08-21,Employee Commuting,Passenger Car,17.1,vehicle-mile,Commute,California,California
35,E1002,2025-08-21,Business Travel,Air Travel - Short Haul (< 300 miles),226.0,passenger-mile,Site Visit,Other,Georgia
1107,E1013,2025-08-21,Employee Commuting,Passenger Car,10.2,vehicle-mile,Commute,New York,New York
4962,E1023,2025-08-21,Employee Commuting,Passenger Car,13.6,vehicle-mile,Commute,New York,New York
3089,E1071,2025-08-21,Employee Commuting,Light-Duty Truck,13.0,vehicle-mile,Commute,New York,New York
2015,E1084,2025-08-21,Business Travel,Intercity Rail - Other Routes,659.2,passenger-mile,Conference,New York,Other
4343,E1039,2025-08-21,Employee Commuting,Passenger Car,28.0,vehicle-mile,Commute,New York,New York
4503,E1069,2025-08-22,Employee Commuting,Passenger Car,32.5,vehicle-mile,Commute,California,California
3291,E1084,2025-08-22,Employee Commuting,"Transit Rail (i.e. Subway, Tram)",19.6,passenger-mile,Commute,California,California
2417,E1017,2025-08-22,Employee Commuting,Passenger Car,37.3,vehicle-mile,Commute,California,California
3351,E1046,2025-08-22,Business Travel,Passenger Car,90.2,vehicle-mile,Off-site Meeting,Illinois,Georgia
1085,E1044,2025-08-22,Business Travel,"Air Travel - Medium Haul (>= 300 miles, < 2300 miles)",903.8,passenger-mile,Off-site Meeting,California,Texas
2539,E1047,2025-08-22,Employee Commuting,Commuter Rail,27.8,passenger-mile,Commute,Other,Other
3556,E1069,2025-08-22,Employee Commuting,"Transit Rail (i.e. Subway, Tram)",25.0,passenger-mile,Commute,California,California
4453,E1017,2025-08-22,Business Travel,Air Travel - Long Haul (>= 2300 miles),2968.2,passenger-mile,Off-site Meeting,Massachusetts,Colorado
334,E1027,2025-08-22,Employee Commuting,Passenger Car,22.4,vehicle-mile,Commute,Colorado,Colorado
2572,E1015,2025-08-22,Business Travel,"Air Travel - Medium Haul (>= 300 miles, < 2300 miles)",708.0,passenger-mile,Site Visit,Other,Illinois
4182,E1100,2025-08-22,Employee Commuting,Passenger Car,29.9,vehicle-mile,Commute,Florida,Florida
4861,E1093,2025-08-22,Business Travel,Intercity Rail - Other Routes,447.7,passenger-mile,Site Visit,Texas,Texas
2314,E1005,2025-08-23,Employee Commuting,Bus,38.3,passenger-mile,Commute,Massachusetts,Massachusetts
745,E1011,2025-08-23,Employee Commuting,"Transit Rail (i.e. Subway, Tram)",14.8,passenger-mile,Commute,Texas,Texas
4214,E1011,2025-08-23,Employee Commuting,Light-Duty Truck,35.3,vehicle-mile,Commute,Illinois,Illinois
2140,E1076,2025-08-23,Business Travel,"Air Travel - Medium Haul (>= 300 miles, < 2300 miles)",739.3,passenger-mile,Client Meeting,Massachusetts,Other
2781,E1063,2025-08-23,Employee Commuting,Passenger Car,4.5,vehicle-mile,Commute,Washington,Washington
1250,E1090,2025-08-23,Employee Commuting,Commuter Rail,3.2,passenger-mile,Commute,New York,New York
1533,E1039,2025-08-23,Employee Commuting,Passenger Car,36.2,vehicle-mile,Commute,California,California
1370,E1089,2025-08-23,Employee Commuting,Passenger Car,37.8,vehicle-mile,Commute,California,California
3510,E1013,2025-08-23,Employee Commuting,Passenger Car,31.6,vehicle-mile,Commute,California,California
2434,E1038,2025-08-23,Employee Commuting,Passenger Car,36.6,vehicle-mile,Commute,New York,New York
116,E1018,2025-08-24,Employee Commuting,Light-Duty Truck,30.6,vehicle-mile,Commute,California,California
782,E1022,2025-08-24,Employee Commuting,Passenger Car,7.9,vehicle-mile,Commute,California,California
3867,E1030,2025-08-24,Business Travel,Light-Duty Truck,18.7,vehicle-mile,Site Visit,Other,Massachusetts
4886,E1018,2025-08-24,Employee Commuting,Light-Duty Truck,32.5,vehicle-mile,Commute,New York,New York
1704,E1026,2025-08-24,Employee Commuting,Passenger Car,30.7,vehicle-mile,Commute,California,California
1391,E1023,2025-08-24,Employee Commuting,Passenger Car,8.4,vehicle-mile,Commute,New York,New York
1601,E1003,2025-08-24,Employee Commuting,Passenger Car,33.9,vehicle-mile,Commute,Texas,Texas
3537,E1091,2025-08-25,Employee Commuting,Light-Duty Truck,38.0,vehicle-mile,Commute,California,California
3835,E1048,2025-08-25,Business Travel,"Transit Rail (i.e. Subway, Tram)",75.2,passenger-mile,Off-site Meeting,Massachusetts,Texas
4153,E1051,2025-08-25,Business Travel,"Air Travel - Medium Haul (>= 300 miles, < 2300 miles)",507.3,passenger-mile,Conference,Florida,Other
3938,E1040,2025-08-25,Employee Commuting,Passenger Car,4.7,vehicle-mile,Commute,Other,Other
5000,E1002,2025-08-25,Business Travel,"Air Travel - Medium Haul (>= 300 miles, < 2300 miles)",514.4,passenger-mile,Client Meeting,California,Massachusetts
470,E1075,2025-08-25,Employee Commuting,"Transit Rail (i.e. Subway, Tram)",30.9,passenger-mile,Commute,Florida,Florida
2720,E1009,2025-08-25,Business Travel,"Air Travel - Medium Haul (>= 300 miles, < 2300 miles)",1514.6,passenger-mile,Client Meeting,Texas,Colorado
1081,E1095,2025-08-25,Employee Commuting,Light-Duty Truck,9.3,vehicle-mile,Commute,New York,New York
2586,E1069,2025-08-25,Business Travel,"Air Travel - Medium Haul (>= 300 miles, < 2300 miles)",946.2,passenger-mile,Conference,California,Georgia
404,E1065,2025-08-25,Employee Commuting,Light-Duty Truck,20.4,vehicle-mile,Commute,Texas,Texas
2915,E1085,2025-08-25,Employee Commuting,Light-Duty Truck,17.2,vehicle-mile,Commute,Colorado,Colorado
791,E1097,2025-08-25,Employee Commuting,Light-Duty Truck,18.1,vehicle-mile,Commute,California,California
1136,E1072,2025-08-25,Employee Commuting,"Transit Rail (i.e. Subway, Tram)",9.1,passenger-mile,Commute,California,California
1702,E1085,2025-08-25,Employee Commuting,Light-Duty Truck,32.3,vehicle-mile,Commute,Florida,Florida
3276,E1077,2025-08-25,Business Travel,"Air Travel - Medium Haul (>= 300 miles, < 2300 miles)",1230.5,passenger-mile,Conference,Other,Washington
3838,E1024,2025-08-26,Employee Commuting,Passenger Car,20.3,vehicle-mile,Commute,Colorado,Colorado
4614,E1048,2025-08-26,Employee Commuting,Passenger Car,19.6,vehicle-mile,Commute,Illinois,Illinois
3142,E1074,2025-08-26,Employee Commuting,Passenger Car,31.9,vehicle-mile,Commute,Texas,Texas
4603,E1046,2025-08-26,Business Travel,Intercity Rail - Other Routes,289.2,passenger-mile,Site Visit,Other,California
4328,E1084,2025-08-26,Business Travel,Air Travel - Long Haul (>= 2300 miles),4350.4,passenger-mile,Conference,California,Texas
3752,E1066,2025-08-26,Employee Commuting,Passenger Car,18.9,vehicle-mile,Commute,California,California
1060,E1030,2025-08-26,Employee Commuting,Passenger Car,21.1,vehicle-mile,Commute,Massachusetts,Massachusetts
2466,E1037,2025-08-26,Employee Commuting,Passenger Car,3.8,vehicle-mile,Commute,California,California
3321,E1037,2025-08-26,Employee Commuting,Passenger Car,19.1,vehicle-mile,Commute,New York,New York
1152,E1084,2025-08-26,Employee Commuting,Light-Duty Truck,39.1,vehicle-mile,Commute,Texas,Texas
931,E1010,2025-08-26,Business Travel,"Air Travel - Medium Haul (>= 300 miles, < 2300 miles)",1222.6,passenger-mile,Off-site Meeting,New York,Massachusetts
1722,E1002,2025-08-26,Business Travel,Light-Duty Truck,92.1,vehicle-mile,Conference,Texas,Washington
370,E1036,2025-08-26,Employee Commuting,Light-Duty Truck,10.2,vehicle-mile,Commute,California,California
3642,E1065,2025-08-27,Employee Commuting,Passenger Car,16.2,vehicle-mile,Commute,California,California
1275,E1074,2025-08-27,Employee Commuting,Passenger Car,31.1,vehicle-mile,Commute,Georgia,Georgia
2362,E1011,2025-08-27,Business Travel,Intercity Rail - Other Routes,119.2,passenger-mile,Off-site Meeting,California,New York
676,E1078,2025-08-27,Employee Commuting,Passenger Car,25.7,vehicle-mile,Commute,California,California
1879,E1050,2025-08-27,Employee Commuting,Passenger Car,38.2,vehicle-mile,Commute,Georgia,Georgia
679,E1036,2025-08-27,Employee Commuting,Light-Duty Truck,5.6,vehicle-mile,Commute,Texas,Texas
3268,E1017,2025-08-27,Employee Commuting,"Transit Rail (i.e. Subway, Tram)",9.3,passenger-mile,Commute,California,California
592,E1050,2025-08-27,Business Travel,"Air Travel - Medium Haul (>= 300 miles, < 2300 miles)",946.6,passenger-mile,Site Visit,Texas,Florida
3047,E1069,2025-08-27,Employee Commuting,Motorcycle,26.5,vehicle-mile,Commute,Colorado,Colorado
566,E1087,2025-08-27,Employee Commuting,Passenger Car,13.9,vehicle-mile,Commute,Texas,Texas
4542,E1089,2025-08-27,Employee Commuting,Light-Duty Truck,24.3,vehicle-mile,Commute,Texas,Texas
3228,E1057,2025-08-27,Employee Commuting,Light-Duty Truck,8.0,vehicle-mile,Commute,California,California
514,E1061,2025-08-27,Business Travel,Passenger Car,96.9,vehicle-mile,Site Visit,Texas,Florida
268,E1078,2025-08-27,Employee Commuting,Passenger Car,14.4,vehicle-mile,Commute,New York,New York
2556,E1082,2025-08-27,Business Travel,"Air Travel - Medium Haul (>= 300 miles, < 2300 miles)",880.2,passenger-mile,Conference,Other,Washington
3005,E1031,2025-08-28,Employee Commuting,Light-Duty Truck,19.9,vehicle-mile,Commute,California,California
1095,E1068,2025-08-28,Employee Commuting,Light-Duty Truck,33.9,vehicle-mile,Commute,New York,New York
3694,E1015,2025-08-28,Business Travel,"Air Travel - Medium Haul (>= 300 miles, < 2300 miles)",1128.3,passenger-mile,Off-site Meeting,Washington,Illinois
1721,E1016,2025-08-28,Business Travel,"Air Travel - Medium Haul (>= 300 miles, < 2300 miles)",1104.9,passenger-mile,Conference,Other,California
3699,E1024,2025-08-28,Employee Commuting,Passenger Car,39.8,vehicle-mile,Commute,Other,Other
4234,E1062,2025-08-28,Employee Commuting,Passenger Car,18.2,vehicle-mile,Commute,California,California
527,E1083,2025-08-28,Employee Commuting,Passenger Car,7.4,vehicle-mile,Commute,Texas,Texas
2814,E1038,2025-08-28,Employee Commuting,Passenger Car,38.5,vehicle-mile,Commute,California,California
4516,E1004,2025-08-28,Employee Commuting,Light-Duty Truck,11.9,vehicle-mile,Commute,California,California
2208,E1075,2025-08-28,Employee Commuting,Passenger Car,6.7,vehicle-mile,Commute,California,California
738,E1026,2025-08-28,Employee Commuting,Commuter Rail,27.1,passenger-mile,Commute,California,California
501,E1054,2025-08-29,Business Travel,Air Travel - Long Haul (>= 2300 miles),3428.0,passenger-mile,Site Visit,Texas,Illinois
1435,E1031,2025-08-29,Employee Commuting,Passenger Car,10.7,vehicle-mile,Commute,Georgia,Georgia
1064,E1007,2025-08-29,Employee Commuting,Light-Duty Truck,16.2,vehicle-mile,Commute,California,California
459,E1098,2025-08-29,Employee Commuting,Passenger Car,6.8,vehicle-mile,Commute,Florida,Florida
821,E1098,2025-08-29,Employee Commuting,Passenger Car,3.4,vehicle-mile,Commute,Florida,Florida
2984,E1078,2025-08-29,Employee Commuting,Passenger Car,10.7,vehicle-mile,Commute,Illinois,Illinois
1901,E1085,2025-08-29,Employee Commuting,Passenger Car,32.6,vehicle-mile,Commute,Florida,Florida
3107,E1069,2025-08-29,Business Travel,Air Travel - Long Haul (>= 2300 miles),2644.9,passenger-mile,Site Visit,Texas,Illinois
2294,E1090,2025-08-29,Business Travel,Passenger Car,91.9,vehicle-mile,Off-site Meeting,California,Colorado
1190,E1010,2025-08-29,Employee Commuting,Passenger Car,20.3,vehicle-mile,Commute,California,California
18,E1015,2025-08-29,Employee Commuting,Passenger Car,36.1,vehicle-mile,Commute,California,California
2670,E1077,2025-08-29,Business Travel,Motorcycle,13.4,vehicle-mile,Client Meeting,Washington,Washington
3981,E1087,2025-08-29,Employee Commuting,Passenger Car,32.5,vehicle-mile,Commute,Colorado,Colorado
1992,E1022,2025-08-29,Business Travel,Passenger Car,98.2,vehicle-mile,Conference,Florida,Colorado
2937,E1068,2025-08-30,Employee Commuting,Passenger Car,14.6,vehicle-mile,Commute,California,California
208,E1028,2025-08-30,Business Travel,Passenger Car,21.5,vehicle-mile,Site Visit,Washington,Washington
508,E1026,2025-08-30,Employee Commuting,Commuter Rail,20.6,passenger-mile,Commute,Georgia,Georgia
887,E1008,2025-08-30,Employee Commuting,Passenger Car,34.7,vehicle-mile,Commute,Florida,Florida
4111,E1083,2025-08-30,Business Travel,"Air Travel - Medium Haul (>= 300 miles, < 2300 miles)",1278.4,passenger-mile,Conference,California,Massachusetts
1954,E1021,2025-08-30,Business Travel,Bus,84.0,passenger-mile,Off-site Meeting,California,Colorado
2455,E1038,2025-08-30,Employee Commuting,"Transit Rail (i.e. Subway, Tram)",18.7,passenger-mile,Commute,California,California
2320,E1002,2025-08-30,Employee Commuting,Passenger Car,7.4,vehicle-mile,Commute,Florida,Florida
4468,E1009,2025-08-30,Employee Commuting,Light-Duty Truck,10.9,vehicle-mile,Commute,Georgia,Georgia
1089,E1040,2025-08-30,Employee Commuting,Passenger Car,26.2,vehicle-mile,Commute,California,California
1976,E1027,2025-08-30,Employee Commuting,Light-Duty Truck,33.2,vehicle-mile,Commute,California,California
1584,E1092,2025-08-30,Employee Commuting,"Transit Rail (i.e. Subway, Tram)",23.2,passenger-mile,Commute,Other,Other
1980,E1065,2025-08-31,Employee Commuting,Passenger Car,29.8,vehicle-mile,Commute,California,California
2663,E1018,2025-08-31,Business Travel,"Transit Rail (i.e. Subway, Tram)",62.4,passenger-mile,Off-site Meeting,New York,Florida
2657,E1035,2025-08-31,Business Travel,"Air Travel - Medium Haul (>= 300 miles, < 2300 miles)",1777.3,passenger-mile,Client Meeting,California,Texas
4641,E1070,2025-08-31,Employee Commuting,Light-Duty Truck,36.7,vehicle-mile,Commute,California,California
4924,E1061,2025-08-31,Employee Commuting,Commuter Rail,7.3,passenger-mile,Commute,Other,Other
4803,E1052,2025-08-31,Business Travel,Air Travel - Short Haul (< 300 miles),291.3,passenger-mile,Off-site Meeting,California,Illinois
1467,E1030,2025-08-31,Employee Commuting,Passenger Car,8.9,vehicle-mile,Commute,California,California
1516,E1010,2025-08-31,Employee Commuting,Passenger Car,4.3,vehicle-mile,Commute,Georgia,Georgia
192,E1071,2025-08-31,Employee Commuting,Bus,27.0,passenger-mile,Commute,Other,Other
234,E1022,2025-08-31,Employee Commuting,Passenger Car,6.0,vehicle-mile,Commute,California,California
3504,E1092,2025-08-31,Employee Commuting,"Transit Rail (i.e. Subway, Tram)",31.2,passenger-mile,Commute,Illinois,Illinois
413,E1019,2025-08-31,Employee Commuting,"Transit Rail (i.e. Subway, Tram)",18.0,passenger-mile,Commute,Washington,Washington
1445,E1003,2025-09-01,Business Travel,Air Travel - Long Haul (>= 2300 miles),3875.5,passenger-mile,Site Visit,Other,Other
3384,E1027,2025-09-01,Employee Commuting,Commuter Rail,31.5,passenger-mile,Commute,Washington,Washington
2106,E1015,2025-09-01,Employee Commuting,Passenger Car,36.5,vehicle-mile,Commute,California,California
4519,E1029,2025-09-01,Employee Commuting,Commuter Rail,23.3,passenger-mile,Commute,Colorado,Colorado
4398,E1033,2025-09-01,Business Travel,"Transit Rail (i.e. Subway, Tram)",10.4,passenger-mile,Conference,Other,New York
5,E1080,2025-09-01,Employee Commuting,Light-Duty Truck,17.2,vehicle-mile,Commute,California,California
3390,E1092,2025-09-01,Employee Commuting,"Transit Rail (i.e. Subway, Tram)",24.0,passenger-mile,Commute,California,California
3358,E1014,2025-09-01,Employee Commuting,Light-Duty Truck,17.0,vehicle-mile,Commute,California,California
1218,E1030,2025-09-01,Business Travel,Air Travel - Long Haul (>= 2300 miles),3956.0,passenger-mile,Site Visit,California,Massachusetts
1125,E1054,2025-09-01,Business Travel,"Transit Rail (i.e. Subway, Tram)",34.1,passenger-mile,Client Meeting,California,Other
4833,E1024,2025-09-01,Business Travel,Air Travel - Short Haul (< 300 miles),125.4,passenger-mile,Site Visit,California,Massachusetts
4576,E1057,2025-09-01,Employee Commuting,Light-Duty Truck,25.9,vehicle-mile,Commute,New York,New York
1307,E1088,2025-09-01,Employee Commuting,Passenger Car,39.4,vehicle-mile,Commute,New York,New York
2880,E1100,2025-09-01,Employee Commuting,Motorcycle,3.4,vehicle-mile,Commute,Texas,Texas
1875,E1088,2025-09-02,Business Travel,Passenger Car,26.3,vehicle-mile,Conference,California,Illinois
3012,E1027,2025-09-02,Employee Commuting,Passenger Car,37.5,vehicle-mile,Commute,Georgia,Georgia
4068,E1012,2025-09-02,Employee Commuting,Passenger Car,16.8,vehicle-mile,Commute,Washington,Washington
3912,E1005,2025-09-02,Business Travel,"Air Travel - Medium Haul (>= 300 miles, < 2300 miles)",652.9,passenger-mile,Off-site Meeting,California,Other
1196,E1022,2025-09-02,Business Travel,Intercity Rail - Northeast Corridor,99.8,passenger-mile,Conference,California,California
2584,E1029,2025-09-02,Employee Commuting,Passenger Car,22.8,vehicle-mile,Commute,Colorado,Colorado
3559,E1001,2025-09-02,Business Travel,"Air Travel - Medium Haul (>= 300 miles, < 2300 miles)",448.6,passenger-mile,Client Meeting,California,Washington
1185,E1031,2025-09-02,Employee Commuting,Light-Duty Truck,22.2,vehicle-mile,Commute,Other,Other
1371,E1063,2025-09-02,Employee Commuting,Passenger Car,29.9,vehicle-mile,Commute,Texas,Texas
2224,E1038,2025-09-02,Business Travel,"Air Travel - Medium Haul (>= 300 miles, < 2300 miles)",741.5,passenger-mile,Off-site Meeting,Texas,Massachusetts
4478,E1006,2025-09-03,Employee Commuting,Passenger Car,23.3,vehicle-mile,Commute,California,California
4057,E1056,2025-09-03,Employee Commuting,Commuter Rail,19.6,passenger-mile,Commute,Other,Other
3011,E1097,2025-09-03,Employee Commuting,Passenger Car,4.9,vehicle-mile,Commute,Colorado,Colorado
373,E1032,2025-09-03,Employee Commuting,Passenger Car,25.8,vehicle-mile,Commute,Colorado,Colorado
1754,E1057,2025-09-03,Business Travel,Air Travel - Long Haul (>= 2300 miles),2370.8,passenger-mile,Off-site Meeting,Georgia,Massachusetts
3532,E1072,2025-09-03,Employee Commuting,Passenger Car,33.8,vehicle-mile,Commute,Colorado,Colorado
1510,E1034,2025-09-03,Employee Commuting,Passenger Car,18.9,vehicle-mile,Commute,Illinois,Illinois
696,E1090,2025-09-03,Business Travel,Intercity Rail - National Average,128.2,passenger-mile,Off-site Meeting,Other,Washington
2972,E1090,2025-09-03,Employee Commuting,Passenger Car,38.4,vehicle-mile,Commute,New York,New York
1417,E1048,2025-09-03,Employee Commuting,"Transit Rail (i.e. Subway, Tram)",11.5,passenger-mile,Commute,New York,New York
4717,E1053,2025-09-03,Employee Commuting,"Transit Rail (i.e. Subway, Tram)",22.7,passenger-mile,Commute,Texas,Texas
1958,E1095,2025-09-03,Employee Commuting,Passenger Car,15.0,vehicle-mile,Commute,California,California
4410,E1087,2025-09-03,Employee Commuting,Bus,31.7,passenger-mile,Commute,Florida,Florida
4857,E1089,2025-09-03,Business Travel,"Air Travel - Medium Haul (>= 300 miles, < 2300 miles)",1384.2,passenger-mile,Site Visit,California,Illinois
1720,E1090,2025-09-03,Employee Commuting,Light-Duty Truck,30.8,vehicle-mile,Commute,Texas,Texas
4903,E1002,2025-09-03,Employee Commuting,"Transit Rail (i.e. Subway, Tram)",37.5,passenger-mile,Commute,California,California
4980,E1033,2025-09-03,Employee Commuting,Passenger Car,27.0,vehicle-mile,Commute,Texas,Texas
3210,E1042,2025-09-03,Employee Commuting,Passenger Car,26.3,vehicle-mile,Commute,Washington,Washington
4965,E1052,2025-09-03,Business Travel,Passenger Car,37.2,vehicle-mile,Conference,Colorado,Illinois
1975,E1039,2025-09-04,Employee Commuting,Light-Duty Truck,7.2,vehicle-mile,Commute,California,California
3455,E1022,2025-09-04,Employee Commuting,"Transit Rail (i.e. Subway, Tram)",17.1,passenger-mile,Commute,Texas,Texas
2977,E1037,2025-09-04,Employee Commuting,Passenger Car,20.7,vehicle-mile,Commute,Florida,Florida
2748,E1065,2025-09-04,Employee Commuting,Commuter Rail,12.3,passenger-mile,Commute,Florida,Florida
3332,E1008,2025-09-04,Employee Commuting,Light-Duty Truck,13.4,vehicle-mile,Commute,Other,Other
4909,E1085,2025-09-04,Business Travel,Passenger Car,61.8,vehicle-mile,Conference,California,California
4433,E1056,2025-09-04,Employee Commuting,Passenger Car,14.3,vehicle-mile,Commute,Massachusetts,Massachusetts
495,E1029,2025-09-04,Business Travel,Air Travel - Long Haul (>= 2300 miles),4396.4,passenger-mile,Client Meeting,Georgia,Texas
2582,E1034,2025-09-04,Employee Commuting,Passenger Car,38.4,vehicle-mile,Commute,Other,Other
567,E1037,2025-09-04,Business Travel,"Transit Rail (i.e. Subway, Tram)",20.6,passenger-mile,Site Visit,Texas,California
48,E1002,2025-09-04,Business Travel,Light-Duty Truck,39.2,vehicle-mile,Conference,California,Other
375,E1030,2025-09-04,Employee Commuting,"Transit Rail (i.e. Subway, Tram)",18.8,passenger-mile,Commute,Washington,Washington
4113,E1041,2025-09-04,Employee Commuting,Passenger Car,28.1,vehicle-mile,Commute,California,California
3525,E1010,2025-09-04,Business Travel,"Air Travel - Medium Haul (>= 300 miles, < 2300 miles)",405.1,passenger-mile,Site Visit,New York,Florida
1820,E1035,2025-09-04,Employee Commuting,Passenger Car,24.1,vehicle-mile,Commute,Illinois,Illinois
3964,E1037,2025-09-05,Employee Commuting,"Transit Rail (i.e. Subway, Tram)",20.0,passenger-mile,Commute,New York,New York
1971,E1046,2025-09-05,Employee Commuting,Commuter Rail,36.2,passenger-mile,Commute,Massachusetts,Massachusetts
355,E1050,2025-09-05,Employee Commuting,"Transit Rail (i.e. Subway, Tram)",3.8,passenger-mile,Commute,Texas,Texas
3193,E1035,2025-09-05,Employee Commuting,Bus,9.6,passenger-mile,Commute,California,California
4732,E1045,2025-09-05,Employee Commuting,Passenger Car,13.3,vehicle-mile,Commute,California,California
458,E1077,2025-09-05,Business Travel,Bus,32.0,passenger-mile,Off-site Meeting,Other,Texas
3426,E1015,2025-09-05,Business Travel,"Air Travel - Medium Haul (>= 300 miles, < 2300 miles)",1441.9,passenger-mile,Off-site Meeting,Florida,Colorado
890,E1051,2025-09-05,Employee Commuting,Passenger Car,39.0,vehicle-mile,Commute,Florida,Florida
1780,E1099,2025-09-05,Employee Commuting,Passenger Car,17.5,vehicle-mile,Commute,New York,New York
3843,E1090,2025-09-06,Employee Commuting,Bus,10.8,passenger-mile,Commute,California,California
3109,E1026,2025-09-06,Business Travel,"Air Travel - Medium Haul (>= 300 miles, < 2300 miles)",1612.1,passenger-mile,Site Visit,Other,Other
3270,E1048,2025-09-06,Business Travel,Air Travel - Short Haul (< 300 miles),221.0,passenger-mile,Conference,California,Illinois
3623,E1054,2025-09-06,Employee Commuting,Passenger Car,33.1,vehicle-mile,Commute,Florida,Florida
2623,E1069,2025-09-06,Employee Commuting,Passenger Car,24.1,vehicle-mile,Commute,Texas,Texas
3225,E1026,2025-09-06,Employee Commuting,Passenger Car,21.6,vehicle-mile,Commute,California,California
4678,E1030,2025-09-06,Business Travel,Motorcycle,75.6,vehicle-mile,Conference,Colorado,Massachusetts
1221,E1062,2025-09-06,Employee Commuting,Passenger Car,24.4,vehicle-mile,Commute,Texas,Texas
4373,E1040,2025-09-06,Employee Commuting,Passenger Car,5.7,vehicle-mile,Commute,Texas,Texas
512,E1023,2025-09-06,Employee Commuting,Passenger Car,22.7,vehicle-mile,Commute,Other,Other
3657,E1030,2025-09-06,Business Travel,"Air Travel - Medium Haul (>= 300 miles, < 2300 miles)",604.4,passenger-mile,Conference,California,Colorado
669,E1076,2025-09-06,Employee Commuting,Bus,24.3,passenger-mile,Commute,New York,New York
2808,E1094,2025-09-06,Employee Commuting,Light-Duty Truck,24.0,vehicle-mile,Commute,Other,Other
3361,E1015,2025-09-07,Employee Commuting,Commuter Rail,14.9,passenger-mile,Commute,New York,New York
1923,E1086,2025-09-07,Business Travel,Intercity Rail - Other Routes,745.9,passenger-mile,Site Visit,Texas,Other
3753,E1021,2025-09-07,Employee Commuting,"Transit Rail (i.e. Subway, Tram)",3.8,passenger-mile,Commute,Other,Other
439,E1026,2025-09-07,Employee Commuting,"Transit Rail (i.e. Subway, Tram)",24.8,passenger-mile,Commute,Other,Other
97,E1062,2025-09-07,Business Travel,Passenger Car,15.8,vehicle-mile,Off-site Meeting,Georgia,Other
661,E1085,2025-09-07,Employee Commuting,Passenger Car,21.2,vehicle-mile,Commute,Florida,Florida
237,E1020,2025-09-07,Employee Commuting,Passenger Car,24.8,vehicle-mile,Commute,New York,New York
1798,E1065,2025-09-07,Employee Commuting,Bus,37.1,passenger-mile,Commute,Other,Other
1413,E1056,2025-09-07,Employee Commuting,Passenger Car,19.6,vehicle-mile,Commute,California,California
4770,E1013,2025-09-07,Employee Commuting,Passenger Car,14.8,vehicle-mile,Commute,New York,New York
3165,E1075,2025-09-07,Business Travel,"Air Travel - Medium Haul (>= 300 miles, < 2300 miles)",680.4,passenger-mile,Site Visit,Other,Colorado
2421,E1066,2025-09-07,Business Travel,Passenger Car,50.0,vehicle-mile,Off-site Meeting,Washington,Georgia
2307,E1013,2025-09-07,Employee Commuting,Passenger Car,7.2,vehicle-mile,Commute,California,California
2283,E1032,2025-09-07,Employee Commuting,Commuter Rail,33.0,passenger-mile,Commute,Washington,Washington
2575,E1047,2025-09-07,Employee Commuting,"Transit Rail (i.e. Subway, Tram)",22.4,passenger-mile,Commute,Florida,Florida
1735,E1047,2025-09-07,Employee Commuting,Bus,15.7,passenger-mile,Commute,New York,New York
4445,E1018,2025-09-07,Employee Commuting,Passenger Car,24.2,vehicle-mile,Commute,Florida,Florida
3289,E1030,2025-09-08,Business Travel,"Air Travel - Medium Haul (>= 300 miles, < 2300 miles)",1692.3,passenger-mile,Conference,California,Washington
3514,E1096,2025-09-08,Employee Commuting,Passenger Car,11.1,vehicle-mile,Commute,Texas,Texas
2255,E1001,2025-09-08,Employee Commuting,Passenger Car,21.2,vehicle-mile,Commute,California,California
2785,E1084,2025-09-08,Business Travel,Air Travel - Short Haul (< 300 miles),274.0,passenger-mile,Client Meeting,California,Florida
1550,E1008,2025-09-08,Employee Commuting,Light-Duty Truck,26.0,vehicle-mile,Commute,California,California
4131,E1061,2025-09-08,Employee Commuting,Passenger Car,27.2,vehicle-mile,Commute,Other,Other
91,E1006,2025-09-08,Business Travel,"Air Travel - Medium Haul (>= 300 miles, < 2300 miles)",424.1,passenger-mile,Conference,Other,Texas
1853,E1079,2025-09-08,Employee Commuting,Passenger Car,15.7,vehicle-mile,Commute,Texas,Texas
4103,E1034,2025-09-08,Employee Commuting,"Transit Rail (i.e. Subway, Tram)",14.8,passenger-mile,Commute,California,California
689,E1003,2025-09-08,Employee Commuting,Passenger Car,18.9,vehicle-mile,Commute,Other,Other
1592,E1010,2025-09-08,Employee Commuting,"Transit Rail (i.e. Subway, Tram)",13.7,passenger-mile,Commute,Colorado,Colorado
916,E1069,2025-09-08,Employee Commuting,Light-Duty Truck,7.4,vehicle-mile,Commute,California,California
688,E1070,2025-09-08,Employee Commuting,Passenger Car,25.9,vehicle-mile,Commute,Texas,Texas
3706,E1017,2025-09-08,Business Travel,"Air Travel - Medium Haul (>= 300 miles, < 2300 miles)",714.3,passenger-mile,Conference,New York,Texas
3868,E1024,2025-09-08,Employee Commuting,Passenger Car,31.2,vehicle-mile,Commute,Colorado,Colorado
4755,E1094,2025-09-09,Employee Commuting,Commuter Rail,15.0,passenger-mile,Commute,Texas,Texas
1438,E1063,2025-09-09,Business Travel,"Air Travel - Medium Haul (>= 300 miles, < 2300 miles)",1441.1,passenger-mile,Off-site Meeting,Texas,Colorado
3956,E1084,2025-09-09,Employee Commuting,"Transit Rail (i.e. Subway, Tram)",25.3,passenger-mile,Commute,Washington,Washington
3748,E1020,2025-09-09,Employee Commuting,Commuter Rail,28.0,passenger-mile,Commute,California,California
2548,E1097,2025-09-09,Business Travel,Air Travel - Long Haul (>= 2300 miles),4028.4,passenger-mile,Client Meeting,California,Colorado
3700,E1079,2025-09-09,Employee Commuting,Passenger Car,10.4,vehicle-mile,Commute,Colorado,Colorado
303,E1021,2025-09-09,Employee Commuting,Passenger Car,28.6,vehicle-mile,Commute,California,California
950,E1079,2025-09-09,Business Travel,Intercity Rail - Other Routes,101.9,passenger-mile,Conference,Washington,New York
2501,E1058,2025-09-09,Business Travel,"Air Travel - Medium Haul (>= 300 miles, < 2300 miles)",733.5,passenger-mile,Site Visit,New York,Florida
3821,E1076,2025-09-09,Employee Commuting,Passenger Car,30.7,vehicle-mile,Commute,Washington,Washington
3460,E1036,2025-09-09,Business Travel,Air Travel - Long Haul (>= 2300 miles),3325.1,passenger-mile,Client Meeting,California,Colorado
2169,E1094,2025-09-09,Employee Commuting,Passenger Car,5.9,vehicle-mile,Commute,Texas,Texas
2041,E1056,2025-09-09,Business Travel,Passenger Car,38.5,vehicle-mile,Off-site Meeting,Georgia,Washington
3781,E1086,2025-09-10,Employee Commuting,Passenger Car,7.5,vehicle-mile,Commute,California,California
3608,E1095,2025-09-10,Business Travel,"Air Travel - Medium Haul (>= 300 miles, < 2300 miles)",962.1,passenger-mile,Off-site Meeting,New York,Georgia
2853,E1037,2025-09-10,Employee Commuting,Passenger Car,27.9,vehicle-mile,Commute,New York,New York
1508,E1019,2025-09-10,Business Travel,Air Travel - Long Haul (>= 2300 miles),3425.3,passenger-mile,Off-site Meeting,California,Colorado
870,E1078,2025-09-10,Business Travel,Air Travel - Short Haul (< 300 miles),121.1,passenger-mile,Off-site Meeting,California,Washington
4975,E1060,2025-09-10,Business Travel,Air Travel - Short Haul (< 300 miles),215.2,passenger-mile,Site Visit,Massachusetts,Washington
1245,E1054,2025-09-10,Employee Commuting,Passenger Car,12.1,vehicle-mile,Commute,California,California
77,E1087,2025-09-10,Business Travel,Air Travel - Long Haul (>= 2300 miles),3975.3,passenger-mile,Client Meeting,New York,California
3410,E1028,2025-09-10,Employee Commuting,Passenger Car,29.3,vehicle-mile,Commute,Florida,Florida
4986,E1086,2025-09-10,Business Travel,"Air Travel - Medium Haul (>= 300 miles, < 2300 miles)",1043.3,passenger-mile,Off-site Meeting,Other,Florida
2458,E1095,2025-09-10,Business Travel,Air Travel - Long Haul (>= 2300 miles),4305.8,passenger-mile,Client Meeting,Florida,California
2191,E1016,2025-09-10,Employee Commuting,Passenger Car,34.1,vehicle-mile,Commute,California,California
4228,E1046,2025-09-10,Business Travel,Air Travel - Short Haul (< 300 miles),102.5,passenger-mile,Off-site Meeting,Washington,Colorado
1670,E1067,2025-09-11,Employee Commuting,Passenger Car,32.1,vehicle-mile,Commute,California,California
4134,E1071,2025-09-11,Employee Commuting,Passenger Car,28.8,vehicle-mile,Commute,Georgia,Georgia
4699,E1005,2025-09-11,Business Travel,"Air Travel - Medium Haul (>= 300 miles, < 2300 miles)",1382.2,passenger-mile,Conference,Colorado,Other
3664,E1004,2025-09-11,Business Travel,Intercity Rail - Other Routes,260.5,passenger-mile,Client Meeting,California,Florida
3602,E1036,2025-09-11,Employee Commuting,Light-Duty Truck,18.5,vehicle-mile,Commute,New York,New York
1297,E1049,2025-09-11,Employee Commuting,Passenger Car,20.4,vehicle-mile,Commute,California,California
1548,E1025,2025-09-11,Employee Commuting,Passenger Car,21.9,vehicle-mile,Commute,California,California
4442,E1080,2025-09-11,Business Travel,"Transit Rail (i.e. Subway, Tram)",88.2,passenger-mile,Off-site Meeting,Illinois,Illinois
2464,E1097,2025-09-11,Employee Commuting,Light-Duty Truck,5.7,vehicle-mile,Commute,California,California
3767,E1051,2025-09-11,Employee Commuting,Passenger Car,39.3,vehicle-mile,Commute,Other,Other
2404,E1092,2025-09-12,Employee Commuting,Passenger Car,7.1,vehicle-mile,Commute,Florida,Florida
1705,E1064,2025-09-12,Business Travel,"Air Travel - Medium Haul (>= 300 miles, < 2300 miles)",1065.1,passenger-mile,Off-site Meeting,Illinois,Georgia
3622,E1022,2025-09-12,Employee Commuting,"Transit Rail (i.e. Subway, Tram)",5.3,passenger-mile,Commute,California,California
3995,E1083,2025-09-12,Employee Commuting,"Transit Rail (i.e. Subway, Tram)",11.9,passenger-mile,Commute,California,California
2666,E1019,2025-09-12,Employee Commuting,Passenger Car,6.2,vehicle-mile,Commute,New York,New York
2602,E1073,2025-09-12,Employee Commuting,Passenger Car,33.0,vehicle-mile,Commute,Illinois,Illinois
3656,E1083,2025-09-12,Employee Commuting,Passenger Car,28.4,vehicle-mile,Commute,Washington,Washington
2223,E1049,2025-09-12,Employee Commuting,Passenger Car,25.3,vehicle-mile,Commute,California,California
1807,E1048,2025-09-12,Business Travel,Air Travel - Short Haul (< 300 miles),210.4,passenger-mile,Conference,California,Colorado
498,E1044,2025-09-12,Employee Commuting,Passenger Car,37.3,vehicle-mile,Commute,California,California
1499,E1052,2025-09-12,Employee Commuting,"Transit Rail (i.e. Subway, Tram)",36.3,passenger-mile,Commute,New York,New York
1781,E1049,2025-09-13,Employee Commuting,Passenger Car,19.9,vehicle-mile,Commute,Texas,Texas
3546,E1059,2025-09-13,Employee Commuting,Passenger Car,18.3,vehicle-mile,Commute,California,California
690,E1073,2025-09-13,Employee Commuting,Passenger Car,14.4,vehicle-mile,Commute,California,California
4363,E1056,2025-09-13,Employee Commuting,Light-Duty Truck,35.5,vehicle-mile,Commute,Colorado,Colorado
615,E1007,2025-09-13,Business Travel,"Air Travel - Medium Haul (>= 300 miles, < 2300 miles)",1406.1,passenger-mile,Off-site Meeting,New York,Massachusetts
327,E1008,2025-09-13,Employee Commuting,Passenger Car,5.0,vehicle-mile,Commute,Florida,Florida
3479,E1094,2025-09-13,Employee Commuting,"Transit Rail (i.e. Subway, Tram)",29.7,passenger-mile,Commute,New York,New York
3440,E1031,2025-09-14,Employee Commuting,Passenger Car,12.3,vehicle-mile,Commute,Other,Other
2353,E1051,2025-09-14,Employee Commuting,Passenger Car,4.4,vehicle-mile,Commute,Massachusetts,Massachusetts
882,E1041,2025-09-14,Employee Commuting,"Transit Rail (i.e. Subway, Tram)",33.0,passenger-mile,Commute,Illinois,Illinois
4710,E1088,2025-09-14,Business Travel,"Air Travel - Medium Haul (>= 300 miles, < 2300 miles)",1062.1,passenger-mile,Off-site Meeting,California,Colorado
4120,E1046,2025-09-14,Employee Commuting,Passenger Car,16.7,vehicle-mile,Commute,New York,New York
62,E1100,2025-09-14,Employee Commuting,Light-Duty Truck,21.6,vehicle-mile,Commute,California,California
2058,E1063,2025-09-14,Employee Commuting,Passenger Car,39.4,vehicle-mile,Commute,California,California
4740,E1092,2025-09-14,Business Travel,Light-Duty Truck,63.3,vehicle-mile,Off-site Meeting,Massachusetts,Illinois
2243,E1090,2025-09-14,Employee Commuting,Passenger Car,3.7,vehicle-mile,Commute,California,California
2376,E1021,2025-09-14,Employee Commuting,Passenger Car,35.3,vehicle-mile,Commute,Massachusetts,Massachusetts
3023,E1039,2025-09-14,Employee Commuting,"Transit Rail (i.e. Subway, Tram)",19.6,passenger-mile,Commute,Texas,Texas
4397,E1082,2025-09-15,Employee Commuting,Passenger Car,23.6,vehicle-mile,Commute,New York,New York
1339,E1086,2025-09-15,Employee Commuting,Passenger Car,14.8,vehicle-mile,Commute,Colorado,Colorado
4007,E1074,2025-09-15,Employee Commuting,Passenger Car,26.3,vehicle-mile,Commute,Colorado,Colorado
2,E1075,2025-09-15,Employee Commuting,Motorcycle,3.8,vehicle-mile,Commute,Massachusetts,Massachusetts
2068,E1071,2025-09-15,Employee Commuting,Commuter Rail,5.5,passenger-mile,Commute,Washington,Washington
328,E1086,2025-09-15,Employee Commuting,Passenger Car,29.9,vehicle-mile,Commute,Florida,Florida
1559,E1078,2025-09-15,Employee Commuting,Light-Duty Truck,39.5,vehicle-mile,Commute,Washington,Washington
4709,E1025,2025-09-15,Business Travel,Intercity Rail - National Average,666.7,passenger-mile,Client Meeting,New York,Florida
1096,E1010,2025-09-15,Employee Commuting,Passenger Car,20.1,vehicle-mile,Commute,New York,New York
4930,E1038,2025-09-15,Employee Commuting,"Transit Rail (i.e. Subway, Tram)",39.7,passenger-mile,Commute,Washington,Washington
2658,E1071,2025-09-15,Employee Commuting,Passenger Car,13.0,vehicle-mile,Commute,California,California
278,E1011,2025-09-15,Employee Commuting,Light-Duty Truck,21.4,vehicle-mile,Commute,California,California
694,E1021,2025-09-15,Employee Commuting,Passenger Car,13.4,vehicle-mile,Commute,Other,Other
4216,E1090,2025-09-15,Business Travel,"Air Travel - Medium Haul (>= 300 miles, < 2300 miles)",418.1,passenger-mile,Off-site Meeting,Texas,Illinois
124,E1014,2025-09-16,Employee Commuting,Passenger Car,20.8,vehicle-mile,Commute,California,California
1942,E1046,2025-09-16,Employee Commuting,Passenger Car,20.4,vehicle-mile,Commute,New York,New York
1334,E1064,2025-09-16,Employee Commuting,Motorcycle,6.4,vehicle-mile,Commute,Other,Other
3330,E1079,2025-09-16,Employee Commuting,"Transit Rail (i.e. Subway, Tram)",17.3,passenger-mile,Commute,Texas,Texas
4788,E1044,2025-09-16,Business Travel,"Air Travel - Medium Haul (>= 300 miles, < 2300 miles)",412.3,passenger-mile,Off-site Meeting,Florida,California
2952,E1081,2025-09-16,Business Travel,"Air Travel - Medium Haul (>= 300 miles, < 2300 miles)",1105.4,passenger-mile,Site Visit,Colorado,California
4293,E1003,2025-09-16,Business Travel,"Air Travel - Medium Haul (>= 300 miles, < 2300 miles)",1244.8,passenger-mile,Site Visit,New York,Massachusetts
1645,E1027,2025-09-16,Employee Commuting,Passenger Car,17.6,vehicle-mile,Commute,New York,New York
4325,E1022,2025-09-16,Employee Commuting,Light-Duty Truck,34.0,vehicle-mile,Commute,Florida,Florida
23,E1097,2025-09-16,Employee Commuting,Passenger Car,16.0,vehicle-mile,Commute,California,California
4677,E1046,2025-09-16,Employee Commuting,Bus,25.9,passenger-mile,Commute,Washington,Washington
3024,E1013,2025-09-16,Employee Commuting,Passenger Car,30.8,vehicle-mile,Commute,Texas,Texas
4347,E1026,2025-09-16,Employee Commuting,Motorcycle,16.0,vehicle-mile,Commute,Texas,Texas
4380,E1037,2025-09-16,Employee Commuting,"Transit Rail (i.e. Subway, Tram)",25.0,passenger-mile,Commute,New York,New York
4275,E1079,2025-09-16,Business Travel,"Air Travel - Medium Haul (>= 300 miles, < 2300 miles)",1437.6,passenger-mile,Client Meeting,California,Florida
3345,E1063,2025-09-16,Business Travel,Air Travel - Long Haul (>= 2300 miles),4489.1,passenger-mile,Client Meeting,California,Illinois
4494,E1011,2025-09-16,Business Travel,Motorcycle,82.5,vehicle-mile,Off-site Meeting,California,Colorado
2102,E1095,2025-09-16,Employee Commuting,Passenger Car,24.8,vehicle-mile,Commute,New York,New York
955,E1077,2025-09-16,Employee Commuting,Bus,38.3,passenger-mile,Commute,Texas,Texas
3421,E1021,2025-09-16,Employee Commuting,Passenger Car,8.7,vehicle-mile,Commute,California,California
1834,E1077,2025-09-16,Employee Commuting,Passenger Car,22.2,vehicle-mile,Commute,Texas,Texas
3927,E1077,2025-09-16,Employee Commuting,Passenger Car,22.9,vehicle-mile,Commute,Washington,Washington
3267,E1076,2025-09-17,Employee Commuting,Passenger Car,6.8,vehicle-mile,Commute,California,California
449,E1073,2025-09-17,Business Travel,"Air Travel - Medium Haul (>= 300 miles, < 2300 miles)",898.7,passenger-mile,Site Visit,Florida,Texas
4104,E1005,2025-09-17,Business Travel,Air Travel - Long Haul (>= 2300 miles),4107.2,passenger-mile,Conference,California,New York
96,E1017,2025-09-17,Employee Commuting,Passenger Car,13.2,vehicle-mile,Commute,California,California
1555,E1097,2025-09-17,Business Travel,"Air Travel - Medium Haul (>= 300 miles, < 2300 miles)",391.4,passenger-mile,Conference,California,Georgia
3704,E1015,2025-09-17,Employee Commuting,Passenger Car,40.0,vehicle-mile,Commute,Florida,Florida
3806,E1020,2025-09-17,Employee Commuting,Passenger Car,38.9,vehicle-mile,Commute,California,California
2289,E1095,2025-09-17,Business Travel,Commuter Rail,67.1,passenger-mile,Conference,California,California
2368,E1071,2025-09-17,Employee Commuting,Motorcycle,35.2,vehicle-mile,Commute,Texas,Texas
2363,E1078,2025-09-17,Employee Commuting,Passenger Car,19.5,vehicle-mile,Commute,California,California
914,E1061,2025-09-17,Business Travel,Air Travel - Short Haul (< 300 miles),164.9,passenger-mile,Client Meeting,Massachusetts,Georgia
2989,E1007,2025-09-17,Employee Commuting,Bus,14.8,passenger-mile,Commute,California,California
4959,E1014,2025-09-17,Employee Commuting,Passenger Car,31.6,vehicle-mile,Commute,California,California
3203,E1093,2025-09-17,Employee Commuting,Commuter Rail,14.8,passenger-mile,Commute,California,California
4595,E1023,2025-09-17,Employee Commuting,Passenger Car,24.5,vehicle-mile,Commute,Texas,Texas
457,E1028,2025-09-17,Employee Commuting,Passenger Car,23.8,vehicle-mile,Commute,California,California
3788,E1012,2025-09-17,Employee Commuting,"Transit Rail (i.e. Subway, Tram)",24.4,passenger-mile,Commute,Washington,Washington
3953,E1087,2025-09-18,Business Travel,Air Travel - Short Haul (< 300 miles),291.2,passenger-mile,Conference,Texas,New York
2344,E1059,2025-09-18,Employee Commuting,Passenger Car,28.0,vehicle-mile,Commute,Massachusetts,Massachusetts
980,E1061,2025-09-18,Employee Commuting,Passenger Car,5.1,vehicle-mile,Commute,Florida,Florida
3395,E1015,2025-09-18,Employee Commuting,Passenger Car,10.9,vehicle-mile,Commute,California,California
2170,E1015,2025-09-18,Business Travel,Bus,84.9,passenger-mile,Off-site Meeting,California,Colorado
4260,E1018,2025-09-18,Employee Commuting,Passenger Car,14.7,vehicle-mile,Commute,California,California
4993,E1088,2025-09-18,Employee Commuting,Bus,24.1,passenger-mile,Commute,Texas,Texas
4484,E1050,2025-09-18,Employee Commuting,Passenger Car,30.0,vehicle-mile,Commute,California,California
1903,E1041,2025-09-18,Employee Commuting,Passenger Car,13.6,vehicle-mile,Commute,Massachusetts,Massachusetts
1999,E1039,2025-09-18,Business Travel,Bus,85.5,passenger-mile,Site Visit,Texas,Other
4027,E1053,2025-09-19,Employee Commuting,Passenger Car,34.2,vehicle-mile,Commute,California,California
1727,E1072,2025-09-19,Employee Commuting,Passenger Car,16.6,vehicle-mile,Commute,California,California
4793,E1060,2025-09-19,Employee Commuting,"Transit Rail (i.e. Subway, Tram)",26.9,passenger-mile,Commute,Massachusetts,Massachusetts
193,E1074,2025-09-19,Employee Commuting,Passenger Car,38.4,vehicle-mile,Commute,California,California
4446,E1022,2025-09-19,Business Travel,"Air Travel - Medium Haul (>= 300 miles, < 2300 miles)",1267.2,passenger-mile,Site Visit,Washington,California
1688,E1035,2025-09-19,Employee Commuting,Passenger Car,7.9,vehicle-mile,Commute,New York,New York
2675,E1077,2025-09-19,Employee Commuting,Passenger Car,39.8,vehicle-mile,Commute,Washington,Washington
884,E1004,2025-09-19,Employee Commuting,Passenger Car,29.7,vehicle-mile,Commute,Washington,Washington
3183,E1083,2025-09-19,Business Travel,Air Travel - Short Haul (< 300 miles),184.4,passenger-mile,Off-site Meeting,Georgia,Florida
2757,E1097,2025-09-19,Employee Commuting,Bus,7.0,passenger-mile,Commute,Other,Other
53,E1060,2025-09-19,Business Travel,Intercity Rail - Other Routes,536.0,passenger-mile,Site Visit,California,Washington
4940,E1074,2025-09-19,Business Travel,Commuter Rail,56.6,passenger-mile,Off-site Meeting,California,Washington
3993,E1073,2025-09-19,Employee Commuting,Passenger Car,7.8,vehicle-mile,Commute,California,California
1032,E1017,2025-09-19,Employee Commuting,"Transit Rail (i.e. Subway, Tram)",15.4,passenger-mile,Commute,Texas,Texas
2554,E1034,2025-09-19,Business Travel,Intercity Rail - Other Routes,409.8,passenger-mile,Conference,Florida,Illinois
2121,E1083,2025-09-19,Employee Commuting,Passenger Car,30.6,vehicle-mile,Commute,California,California
741,E1042,2025-09-20,Business Travel,Air Travel - Short Haul (< 300 miles),245.3,passenger-mile,Site Visit,California,Massachusetts
158,E1054,2025-09-20,Employee Commuting,"Transit Rail (i.e. Subway, Tram)",3.5,passenger-mile,Commute,California,California
2125,E1042,2025-09-20,Employee Commuting,Commuter Rail,12.9,passenger-mile,Commute,California,California
3480,E1011,2025-09-20,Employee Commuting,Passenger Car,17.3,vehicle-mile,Commute,California,California
3968,E1094,2025-09-20,Employee Commuting,Bus,11.7,passenger-mile,Commute,Other,Other
2187,E1056,2025-09-20,Business Travel,Bus,25.7,passenger-mile,Conference,Washington,New York
1926,E1005,2025-09-20,Employee Commuting,Passenger Car,25.1,vehicle-mile,Commute,California,California
3036,E1030,2025-09-20,Employee Commuting,Passenger Car,26.1,vehicle-mile,Commute,Illinois,Illinois
2235,E1060,2025-09-20,Business Travel,Air Travel - Long Haul (>= 2300 miles),3945.8,passenger-mile,Client Meeting,Washington,Massachusetts
4296,E1028,2025-09-20,Business Travel,"Air Travel - Medium Haul (>= 300 miles, < 2300 miles)",557.3,passenger-mile,Client Meeting,California,Texas
3652,E1082,2025-09-21,Business Travel,Air Travel - Short Haul (< 300 miles),100.3,passenger-mile,Site Visit,New York,Washington
983,E1090,2025-09-21,Employee Commuting,"Transit Rail (i.e. Subway, Tram)",35.5,passenger-mile,Commute,California,California
3419,E1099,2025-09-21,Employee Commuting,Light-Duty Truck,8.0,vehicle-mile,Commute,California,California
4299,E1011,2025-09-21,Employee Commuting,Commuter Rail,36.9,passenger-mile,Commute,Texas,Texas
2771,E1009,2025-09-21,Employee Commuting,Passenger Car,38.5,vehicle-mile,Commute,California,California
598,E1059,2025-09-21,Business Travel,Bus,83.4,passenger-mile,Client Meeting,New York,Texas
245,E1074,2025-09-21,Employee Commuting,Passenger Car,19.6,vehicle-mile,Commute,Texas,Texas
156,E1054,2025-09-21,Employee Commuting,"Transit Rail (i.e. Subway, Tram)",23.6,passenger-mile,Commute,California,California
2347,E1048,2025-09-21,Business Travel,Intercity Rail - Other Routes,489.1,passenger-mile,Off-site Meeting,New York,California
253,E1045,2025-09-21,Business Travel,"Air Travel - Medium Haul (>= 300 miles, < 2300 miles)",1754.9,passenger-mile,Site Visit,California,California
446,E1024,2025-09-21,Employee Commuting,"Transit Rail (i.e. Subway, Tram)",39.7,passenger-mile,Commute,Florida,Florida
3205,E1073,2025-09-21,Business Travel,Air Travel - Long Haul (>= 2300 miles),3751.3,passenger-mile,Conference,California,New York
2612,E1090,2025-09-22,Employee Commuting,Bus,37.1,passenger-mile,Commute,Texas,Texas
4355,E1026,2025-09-22,Business Travel,"Air Travel - Medium Haul (>= 300 miles, < 2300 miles)",1090.9,passenger-mile,Client Meeting,California,Colorado
2327,E1054,2025-09-22,Employee Commuting,Passenger Car,4.4,vehicle-mile,Commute,California,California
500,E1027,2025-09-22,Employee Commuting,Light-Duty Truck,7.4,vehicle-mile,Commute,California,California
587,E1099,2025-09-22,Employee Commuting,Commuter Rail,9.3,passenger-mile,Commute,Colorado,Colorado
3397,E1030,2025-09-22,Employee Commuting,Passenger Car,24.5,vehicle-mile,Commute,California,California
1425,E1062,2025-09-22,Employee Commuting,Passenger Car,17.7,vehicle-mile,Commute,Texas,Texas
2834,E1067,2025-09-22,Employee Commuting,Passenger Car,32.1,vehicle-mile,Commute,Other,Other
2214,E1089,2025-09-22,Business Travel,Air Travel - Short Haul (< 300 miles),126.9,passenger-mile,Client Meeting,Colorado,Illinois
3243,E1092,2025-09-22,Employee Commuting,Passenger Car,37.1,vehicle-mile,Commute,Other,Other
4895,E1017,2025-09-22,Employee Commuting,Passenger Car,23.9,vehicle-mile,Commute,California,California
4317,E1081,2025-09-22,Employee Commuting,Light-Duty Truck,9.5,vehicle-mile,Commute,California,California
2867,E1068,2025-09-22,Business Travel,Intercity Rail - Northeast Corridor,228.7,passenger-mile,Off-site Meeting,Florida,Colorado
1794,E1029,2025-09-22,Employee Commuting,Commuter Rail,21.9,passenger-mile,Commute,New York,New York
3119,E1005,2025-09-22,Employee Commuting,Passenger Car,15.2,vehicle-mile,Commute,Washington,Washington
4473,E1057,2025-09-22,Employee Commuting,Motorcycle,25.4,vehicle-mile,Commute,Washington,Washington
1450,E1083,2025-09-22,Employee Commuting,Light-Duty Truck,9.6,vehicle-mile,Commute,California,California
3071,E1086,2025-09-22,Business Travel,Intercity Rail - National Average,400.0,passenger-mile,Site Visit,California,California
4801,E1016,2025-09-22,Employee Commuting,"Transit Rail (i.e. Subway, Tram)",13.9,passenger-mile,Commute,Washington,Washington
3500,E1068,2025-09-22,Business Travel,Light-Duty Truck,95.5,vehicle-mile,Off-site Meeting,California,California
504,E1065,2025-09-23,Employee Commuting,"Transit Rail (i.e. Subway, Tram)",6.8,passenger-mile,Commute,California,California
321,E1036,2025-09-23,Business Travel,"Air Travel - Medium Haul (>= 300 miles, < 2300 miles)",1017.4,passenger-mile,Conference,Washington,Texas
3368,E1005,2025-09-23,Employee Commuting,Commuter Rail,39.5,passenger-mile,Commute,California,California
4918,E1087,2025-09-23,Employee Commuting,Motorcycle,34.1,vehicle-mile,Commute,Other,Other
295,E1066,2025-09-23,Employee Commuting,Bus,24.2,passenger-mile,Commute,California,California
2752,E1062,2025-09-23,Business Travel,"Air Travel - Medium Haul (>= 300 miles, < 2300 miles)",753.3,passenger-mile,Off-site Meeting,Illinois,Texas
2087,E1003,2025-09-23,Employee Commuting,"Transit Rail (i.e. Subway, Tram)",28.6,passenger-mile,Commute,New York,New York
770,E1015,2025-09-23,Business Travel,"Air Travel - Medium Haul (>= 300 miles, < 2300 miles)",1268.4,passenger-mile,Client Meeting,Florida,California
4184,E1080,2025-09-23,Business Travel,Commuter Rail,43.8,passenger-mile,Site Visit,California,Colorado
1300,E1052,2025-09-23,Employee Commuting,Passenger Car,6.2,vehicle-mile,Commute,New York,New York
3789,E1050,2025-09-23,Business Travel,Air Travel - Short Haul (< 300 miles),253.7,passenger-mile,Conference,California,Texas
4320,E1014,2025-09-23,Business Travel,Passenger Car,62.7,vehicle-mile,Client Meeting,New York,Other
624,E1002,2025-09-23,Business Travel,"Air Travel - Medium Haul (>= 300 miles, < 2300 miles)",505.7,passenger-mile,Conference,Illinois,Florida
1968,E1029,2025-09-24,Employee Commuting,Passenger Car,22.6,vehicle-mile,Commute,Washington,Washington
3167,E1083,2025-09-24,Business Travel,"Air Travel - Medium Haul (>= 300 miles, < 2300 miles)",979.5,passenger-mile,Site Visit,California,Other
996,E1059,2025-09-24,Employee Commuting,Passenger Car,28.3,vehicle-mile,Commute,Washington,Washington
4727,E1025,2025-09-24,Employee Commuting,Bus,37.2,passenger-mile,Commute,California,California
2511,E1072,2025-09-24,Business Travel,"Air Travel - Medium Haul (>= 300 miles, < 2300 miles)",892.7,passenger-mile,Client Meeting,Washington,Texas
262,E1093,2025-09-24,Employee Commuting,Passenger Car,11.4,vehicle-mile,Commute,Texas,Texas
2875,E1072,2025-09-24,Business Travel,Intercity Rail - Northeast Corridor,130.8,passenger-mile,Client Meeting,Texas,California
3357,E1050,2025-09-24,Employee Commuting,Bus,19.5,passenger-mile,Commute,Illinois,Illinois
1828,E1004,2025-09-24,Employee Commuting,Passenger Car,26.7,vehicle-mile,Commute,Massachusetts,Massachusetts
4647,E1025,2025-09-24,Employee Commuting,Motorcycle,10.1,vehicle-mile,Commute,Florida,Florida
2722,E1010,2025-09-24,Employee Commuting,Passenger Car,23.7,vehicle-mile,Commute,Texas,Texas
4196,E1023,2025-09-24,Business Travel,"Air Travel - Medium Haul (>= 300 miles, < 2300 miles)",659.4,passenger-mile,Client Meeting,Florida,Colorado
2667,E1018,2025-09-24,Employee Commuting,Bus,5.7,passenger-mile,Commute,California,California
2118,E1045,2025-09-25,Employee Commuting,Bus,18.0,passenger-mile,Commute,Texas,Texas
3837,E1056,2025-09-25,Employee Commuting,Passenger Car,20.4,vehicle-mile,Commute,Other,Other
2504,E1051,2025-09-25,Employee Commuting,Passenger Car,31.5,vehicle-mile,Commute,Texas,Texas
3906,E1046,2025-09-25,Employee Commuting,Passenger Car,22.1,vehicle-mile,Commute,Illinois,Illinois
1439,E1012,2025-09-25,Employee Commuting,Light-Duty Truck,14.6,vehicle-mile,Commute,Texas,Texas
4140,E1081,2025-09-25,Business Travel,Air Travel - Short Haul (< 300 miles),114.3,passenger-mile,Conference,California,California
3046,E1089,2025-09-25,Business Travel,"Air Travel - Medium Haul (>= 300 miles, < 2300 miles)",621.5,passenger-mile,Client Meeting,California,Texas
874,E1048,2025-09-25,Employee Commuting,Commuter Rail,25.2,passenger-mile,Commute,New York,New York
2563,E1055,2025-09-25,Employee Commuting,Passenger Car,21.0,vehicle-mile,Commute,Washington,Washington
2723,E1073,2025-09-25,Employee Commuting,Passenger Car,26.7,vehicle-mile,Commute,Massachusetts,Massachusetts
202,E1006,2025-09-26,Business Travel,Intercity Rail - Other Routes,707.1,passenger-mile,Off-site Meeting,New York,Georgia
1398,E1069,2025-09-26,Employee Commuting,Passenger Car,19.2,vehicle-mile,Commute,California,California
3308,E1045,2025-09-26,Employee Commuting,Passenger Car,31.2,vehicle-mile,Commute,California,California
1577,E1069,2025-09-26,Employee Commuting,Passenger Car,6.1,vehicle-mile,Commute,Washington,Washington
2719,E1009,2025-09-26,Employee Commuting,"Transit Rail (i.e. Subway, Tram)",23.0,passenger-mile,Commute,California,California
2882,E1038,2025-09-26,Employee Commuting,Passenger Car,25.5,vehicle-mile,Commute,California,California
3803,E1063,2025-09-26,Employee Commuting,Passenger Car,22.8,vehicle-mile,Commute,California,California
641,E1082,2025-09-26,Business Travel,Air Travel - Long Haul (>= 2300 miles),3175.3,passenger-mile,Conference,New York,Texas
4745,E1026,2025-09-26,Business Travel,"Air Travel - Medium Haul (>= 300 miles, < 2300 miles)",1703.6,passenger-mile,Conference,California,Massachusetts
589,E1064,2025-09-26,Business Travel,Air Travel - Short Haul (< 300 miles),131.1,passenger-mile,Conference,Florida,Other
4420,E1044,2025-09-26,Business Travel,"Air Travel - Medium Haul (>= 300 miles, < 2300 miles)",552.0,passenger-mile,Site Visit,California,Florida
4241,E1031,2025-09-26,Business Travel,Air Travel - Short Haul (< 300 miles),285.3,passenger-mile,Conference,California,Colorado
4150,E1046,2025-09-26,Business Travel,"Air Travel - Medium Haul (>= 300 miles, < 2300 miles)",1427.3,passenger-mile,Site Visit,Other,New York
4539,E1026,2025-09-26,Employee Commuting,Passenger Car,38.8,vehicle-mile,Commute,Massachusetts,Massachusetts
4198,E1016,2025-09-26,Business Travel,Air Travel - Short Haul (< 300 miles),157.5,passenger-mile,Conference,California,Other
54,E1096,2025-09-26,Employee Commuting,Light-Duty Truck,29.9,vehicle-mile,Commute,New York,New York
195,E1035,2025-09-26,Employee Commuting,Passenger Car,33.2,vehicle-mile,Commute,Florida,Florida
2598,E1097,2025-09-27,Business Travel,"Air Travel - Medium Haul (>= 300 miles, < 2300 miles)",1313.7,passenger-mile,Site Visit,California,Florida
807,E1016,2025-09-27,Business Travel,"Air Travel - Medium Haul (>= 300 miles, < 2300 miles)",1645.5,passenger-mile,Site Visit,Illinois,Illinois
4656,E1004,2025-09-27,Employee Commuting,Passenger Car,13.4,vehicle-mile,Commute,California,California
3589,E1079,2025-09-27,Business Travel,"Air Travel - Medium Haul (>= 300 miles, < 2300 miles)",520.7,passenger-mile,Client Meeting,California,Colorado
2982,E1070,2025-09-27,Business Travel,Light-Duty Truck,83.5,vehicle-mile,Off-site Meeting,Colorado,Illinois
2175,E1076,2025-09-27,Employee Commuting,Light-Duty Truck,30.3,vehicle-mile,Commute,California,California
3718,E1047,2025-09-27,Business Travel,"Air Travel - Medium Haul (>= 300 miles, < 2300 miles)",1513.1,passenger-mile,Client Meeting,California,Illinois
3743,E1046,2025-09-27,Employee Commuting,Passenger Car,11.1,vehicle-mile,Commute,California,California
3115,E1044,2025-09-27,Employee Commuting,Passenger Car,20.7,vehicle-mile,Commute,New York,New York
3661,E1044,2025-09-27,Employee Commuting,Passenger Car,38.5,vehicle-mile,Commute,California,California
365,E1086,2025-09-27,Employee Commuting,Light-Duty Truck,9.0,vehicle-mile,Commute,California,California
2788,E1081,2025-09-27,Employee Commuting,Passenger Car,13.6,vehicle-mile,Commute,Illinois,Illinois
1268,E1080,2025-09-27,Business Travel,Intercity Rail - Other Routes,337.0,passenger-mile,Off-site Meeting,California,Georgia
4773,E1041,2025-09-27,Employee Commuting,Passenger Car,20.2,vehicle-mile,Commute,California,California
3367,E1043,2025-09-28,Business Travel,Air Travel - Long Haul (>= 2300 miles),3956.6,passenger-mile,Client Meeting,California,Texas
2625,E1083,2025-09-28,Employee Commuting,Passenger Car,22.8,vehicle-mile,Commute,Illinois,Illinois
3998,E1061,2025-09-28,Employee Commuting,Passenger Car,5.2,vehicle-mile,Commute,Other,Other
1943,E1098,2025-09-28,Business Travel,"Air Travel - Medium Haul (>= 300 miles, < 2300 miles)",1491.8,passenger-mile,Off-site Meeting,California,New York
1766,E1047,2025-09-28,Employee Commuting,Light-Duty Truck,27.3,vehicle-mile,Commute,Other,Other
4329,E1042,2025-09-28,Employee Commuting,Passenger Car,30.3,vehicle-mile,Commute,Florida,Florida
547,E1017,2025-09-28,Business Travel,Intercity Rail - National Average,623.9,passenger-mile,Site Visit,New York,Georgia
1254,E1085,2025-09-28,Employee Commuting,"Transit Rail (i.e. Subway, Tram)",22.2,passenger-mile,Commute,Georgia,Georgia
2290,E1087,2025-09-28,Business Travel,Commuter Rail,48.3,passenger-mile,Site Visit,New York,California
1164,E1015,2025-09-28,Employee Commuting,"Transit Rail (i.e. Subway, Tram)",12.9,passenger-mile,Commute,Illinois,Illinois
1224,E1061,2025-09-28,Employee Commuting,Passenger Car,38.0,vehicle-mile,Commute,New York,New York
2028,E1006,2025-09-28,Employee Commuting,Passenger Car,21.3,vehicle-mile,Commute,Illinois,Illinois
2889,E1060,2025-09-28,Business Travel,Bus,41.5,passenger-mile,Conference,Massachusetts,Illinois
2256,E1007,2025-09-28,Employee Commuting,Passenger Car,10.7,vehicle-mile,Commute,Georgia,Georgia
1914,E1044,2025-09-28,Employee Commuting,Passenger Car,26.8,vehicle-mile,Commute,New York,New York
4048,E1036,2025-09-28,Employee Commuting,Motorcycle,19.8,vehicle-mile,Commute,California,California
2540,E1060,2025-09-28,Employee Commuting,Passenger Car,36.8,vehicle-mile,Commute,Massachusetts,Massachusetts
4543,E1076,2025-09-28,Business Travel,"Transit Rail (i.e. Subway, Tram)",86.9,passenger-mile,Off-site Meeting,Washington,Illinois
765,E1032,2025-09-28,Business Travel,Intercity Rail - Other Routes,258.7,passenger-mile,Off-site Meeting,Illinois,Illinois
856,E1059,2025-09-28,Employee Commuting,Passenger Car,35.7,vehicle-mile,Commute,Illinois,Illinois
4056,E1023,2025-09-28,Business Travel,"Air Travel - Medium Haul (>= 300 miles, < 2300 miles)",1202.2,passenger-mile,Client Meeting,New York,California
1817,E1038,2025-09-28,Employee Commuting,Bus,23.5,passenger-mile,Commute,Illinois,Illinois
759,E1027,2025-09-28,Business Travel,Passenger Car,31.6,vehicle-mile,Client Meeting,California,Colorado
2621,E1100,2025-09-28,Employee Commuting,Commuter Rail,21.0,passenger-mile,Commute,Massachusetts,Massachusetts
2929,E1076,2025-09-29,Employee Commuting,Bus,30.7,passenger-mile,Commute,Washington,Washington
1177,E1043,2025-09-29,Employee Commuting,Motorcycle,12.0,vehicle-mile,Commute,California,California
2381,E1075,2025-09-29,Business Travel,Intercity Rail - Northeast Corridor,431.3,passenger-mile,Site Visit,Illinois,Other
2710,E1067,2025-09-29,Employee Commuting,"Transit Rail (i.e. Subway, Tram)",17.5,passenger-mile,Commute,Georgia,Georgia
3895,E1061,2025-09-29,Employee Commuting,Light-Duty Truck,22.3,vehicle-mile,Commute,Texas,Texas
2903,E1043,2025-09-29,Employee Commuting,Bus,22.3,passenger-mile,Commute,California,California
2715,E1044,2025-09-29,Business Travel,"Air Travel - Medium Haul (>= 300 miles, < 2300 miles)",849.3,passenger-mile,Off-site Meeting,California,California
1987,E1050,2025-09-29,Employee Commuting,Light-Duty Truck,30.5,vehicle-mile,Commute,Texas,Texas
57,E1034,2025-09-29,Employee Commuting,Passenger Car,37.6,vehicle-mile,Commute,California,California
2048,E1044,2025-09-29,Employee Commuting,Light-Duty Truck,13.3,vehicle-mile,Commute,Florida,Florida
4992,E1086,2025-09-29,Employee Commuting,Passenger Car,6.4,vehicle-mile,Commute,California,California
1135,E1019,2025-09-29,Employee Commuting,Passenger Car,38.9,vehicle-mile,Commute,Washington,Washington
3535,E1074,2025-09-29,Employee Commuting,"Transit Rail (i.e. Subway, Tram)",26.7,passenger-mile,Commute,California,California
4653,E1087,2025-09-29,Business Travel,Passenger Car,73.0,vehicle-mile,Off-site Meeting,Florida,Other
3597,E1073,2025-09-29,Employee Commuting,Passenger Car,18.8,vehicle-mile,Commute,New York,New York
2681,E1042,2025-09-30,Business Travel,Air Travel - Long Haul (>= 2300 miles),3125.4,passenger-mile,Conference,Texas,Florida
1605,E1053,2025-09-30,Employee Commuting,Passenger Car,31.5,vehicle-mile,Commute,California,California
638,E1042,2025-09-30,Employee Commuting,Commuter Rail,8.6,passenger-mile,Commute,Illinois,Illinois
825,E1085,2025-09-30,Business Travel,"Air Travel - Medium Haul (>= 300 miles, < 2300 miles)",1273.1,passenger-mile,Conference,Texas,California
2122,E1051,2025-09-30,Business Travel,"Air Travel - Medium Haul (>= 300 miles, < 2300 miles)",817.9,passenger-mile,Off-site Meeting,California,Other
3872,E1048,2025-09-30,Employee Commuting,"Transit Rail (i.e. Subway, Tram)",10.3,passenger-mile,Commute,California,California
219,E1060,2025-09-30,Employee Commuting,Passenger Car,3.0,vehicle-mile,Commute,Other,Other
1964,E1082,2025-09-30,Employee Commuting,"Transit Rail (i.e. Subway, Tram)",12.2,passenger-mile,Commute,Colorado,Colorado
1258,E1083,2025-09-30,Business Travel,"Air Travel - Medium Haul (>= 300 miles, < 2300 miles)",615.8,passenger-mile,Conference,California,Other
1104,E1054,2025-09-30,Employee Commuting,Passenger Car,25.2,vehicle-mile,Commute,New York,New York
2661,E1042,2025-09-30,Employee Commuting,Passenger Car,28.2,vehicle-mile,Commute,Other,Other
4271,E1079,2025-09-30,Employee Commuting,Passenger Car,29.4,vehicle-mile,Commute,California,California
3507,E1004,2025-09-30,Employee Commuting,Bus,24.3,passenger-mile,Commute,Illinois,Illinois
3901,E1094,2025-09-30,Employee Commuting,Light-Duty Truck,25.8,vehicle-mile,Commute,Colorado,Colorado
338,E1021,2025-09-30,Employee Commuting,Passenger Car,17.3,vehicle-mile,Commute,California,California
1736,E1057,2025-09-30,Employee Commuting,Passenger Car,15.1,vehicle-mile,Commute,California,California
323,E1095,2025-09-30,Employee Commuting,Passenger Car,4.6,vehicle-mile,Commute,New York,New York
2557,E1092,2025-10-01,Employee Commuting,Passenger Car,9.1,vehicle-mile,Commute,Texas,Texas
221,E1002,2025-10-01,Employee Commuting,Passenger Car,3.4,vehicle-mile,Commute,Illinois,Illinois
3185,E1023,2025-10-01,Employee Commuting,Bus,20.3,passenger-mile,Commute,California,California
2815,E1039,2025-10-01,Business Travel,"Air Travel - Medium Haul (>= 300 miles, < 2300 miles)",872.8,passenger-mile,Conference,Texas,Illinois
493,E1048,2025-10-01,Business Travel,Air Travel - Short Haul (< 300 miles),151.6,passenger-mile,Site Visit,Texas,Georgia
2898,E1060,2025-10-01,Employee Commuting,Passenger Car,35.8,vehicle-mile,Commute,California,California
2157,E1096,2025-10-01,Employee Commuting,"Transit Rail (i.e. Subway, Tram)",21.2,passenger-mile,Commute,Texas,Texas
2056,E1006,2025-10-01,Employee Commuting,Passenger Car,28.9,vehicle-mile,Commute,California,California
3082,E1081,2025-10-01,Employee Commuting,Passenger Car,16.6,vehicle-mile,Commute,California,California
2969,E1053,2025-10-01,Employee Commuting,Passenger Car,19.6,vehicle-mile,Commute,Massachusetts,Massachusetts
1084,E1024,2025-10-01,Business Travel,Passenger Car,19.8,vehicle-mile,Conference,California,California
2713,E1066,2025-10-01,Business Travel,Air Travel - Short Haul (< 300 miles),199.7,passenger-mile,Conference,California,Florida
4302,E1080,2025-10-01,Employee Commuting,Passenger Car,19.3,vehicle-mile,Commute,California,California
4011,E1023,2025-10-01,Employee Commuting,Passenger Car,25.2,vehicle-mile,Commute,California,California
2522,E1032,2025-10-02,Business Travel,Air Travel - Short Haul (< 300 miles),107.1,passenger-mile,Client Meeting,California,California
1455,E1086,2025-10-02,Employee Commuting,Passenger Car,9.6,vehicle-mile,Commute,California,California
4304,E1093,2025-10-02,Employee Commuting,Passenger Car,36.2,vehicle-mile,Commute,New York,New York
2680,E1063,2025-10-02,Employee Commuting,Passenger Car,30.3,vehicle-mile,Commute,California,California
2431,E1097,2025-10-02,Employee Commuting,Passenger Car,21.9,vehicle-mile,Commute,California,California
3515,E1040,2025-10-02,Employee Commuting,Commuter Rail,17.3,passenger-mile,Commute,Illinois,Illinois
4152,E1020,2025-10-02,Employee Commuting,Bus,28.7,passenger-mile,Commute,California,California
2448,E1031,2025-10-02,Business Travel,"Air Travel - Medium Haul (>= 300 miles, < 2300 miles)",412.2,passenger-mile,Client Meeting,Florida,Georgia
1153,E1016,2025-10-02,Employee Commuting,Bus,21.6,passenger-mile,Commute,California,California
2067,E1064,2025-10-02,Employee Commuting,"Transit Rail (i.e. Subway, Tram)",27.8,passenger-mile,Commute,California,California
1603,E1047,2025-10-02,Employee Commuting,Passenger Car,36.6,vehicle-mile,Commute,Washington,Washington
3795,E1090,2025-10-02,Employee Commuting,Passenger Car,24.6,vehicle-mile,Commute,Illinois,Illinois
735,E1076,2025-10-02,Employee Commuting,"Transit Rail (i.e. Subway, Tram)",18.8,passenger-mile,Commute,Washington,Washington
391,E1071,2025-10-02,Employee Commuting,Light-Duty Truck,22.7,vehicle-mile,Commute,Washington,Washington
3340,E1004,2025-10-03,Business Travel,Commuter Rail,11.4,passenger-mile,Site Visit,Washington,Washington
4463,E1017,2025-10-03,Business Travel,"Air Travel - Medium Haul (>= 300 miles, < 2300 miles)",545.3,passenger-mile,Client Meeting,California,Washington
1661,E1081,2025-10-03,Employee Commuting,Passenger Car,26.6,vehicle-mile,Commute,California,California
4667,E1028,2025-10-03,Employee Commuting,Light-Duty Truck,5.0,vehicle-mile,Commute,New York,New York
2449,E1085,2025-10-03,Employee Commuting,Passenger Car,16.4,vehicle-mile,Commute,California,California
4687,E1040,2025-10-03,Employee Commuting,Passenger Car,13.7,vehicle-mile,Commute,New York,New York
604,E1068,2025-10-03,Business Travel,Air Travel - Short Haul (< 300 miles),127.5,passenger-mile,Conference,Other,Georgia
1059,E1021,2025-10-03,Employee Commuting,Bus,22.8,passenger-mile,Commute,Other,Other
2190,E1064,2025-10-03,Business Travel,"Transit Rail (i.e. Subway, Tram)",29.8,passenger-mile,Conference,Texas,Washington
1198,E1069,2025-10-03,Employee Commuting,Light-Duty Truck,8.9,vehicle-mile,Commute,California,California
1963,E1070,2025-10-03,Employee Commuting,Passenger Car,17.2,vehicle-mile,Commute,Florida,Florida
1496,E1007,2025-10-04,Business Travel,"Air Travel - Medium Haul (>= 300 miles, < 2300 miles)",882.2,passenger-mile,Off-site Meeting,California,California
2258,E1061,2025-10-04,Employee Commuting,Passenger Car,31.8,vehicle-mile,Commute,New York,New York
1772,E1015,2025-10-04,Employee Commuting,Passenger Car,6.8,vehicle-mile,Commute,New York,New York
933,E1018,2025-10-04,Business Travel,"Air Travel - Medium Haul (>= 300 miles, < 2300 miles)",1798.2,passenger-mile,Client Meeting,California,New York
932,E1087,2025-10-04,Employee Commuting,"Transit Rail (i.e. Subway, Tram)",12.7,passenger-mile,Commute,California,California
1618,E1086,2025-10-04,Business Travel,Air Travel - Short Haul (< 300 miles),189.1,passenger-mile,Conference,Colorado,Colorado
1251,E1057,2025-10-04,Business Travel,"Air Travel - Medium Haul (>= 300 miles, < 2300 miles)",1718.7,passenger-mile,Conference,California,California
3195,E1018,2025-10-04,Employee Commuting,Passenger Car,39.6,vehicle-mile,Commute,Other,Other
588,E1092,2025-10-04,Employee Commuting,Passenger Car,25.4,vehicle-mile,Commute,Texas,Texas
1939,E1025,2025-10-04,Employee Commuting,Passenger Car,23.4,vehicle-mile,Commute,California,California
4896,E1079,2025-10-05,Business Travel,Intercity Rail - National Average,701.8,passenger-mile,Off-site Meeting,Texas,Massachusetts
2152,E1076,2025-10-05,Employee Commuting,"Transit Rail (i.e. Subway, Tram)",27.0,passenger-mile,Commute,California,California
4880,E1072,2025-10-05,Employee Commuting,Light-Duty Truck,35.7,vehicle-mile,Commute,Texas,Texas
2590,E1023,2025-10-05,Employee Commuting,Passenger Car,24.0,vehicle-mile,Commute,California,California
828,E1042,2025-10-05,Employee Commuting,"Transit Rail (i.e. Subway, Tram)",34.2,passenger-mile,Commute,California,California
3948,E1073,2025-10-05,Business Travel,Passenger Car,11.9,vehicle-mile,Client Meeting,Washington,California
3294,E1041,2025-10-05,Employee Commuting,Passenger Car,18.9,vehicle-mile,Commute,Colorado,Colorado
3897,E1041,2025-10-05,Business Travel,Air Travel - Long Haul (>= 2300 miles),2853.4,passenger-mile,Client Meeting,Florida,Georgia
1582,E1022,2025-10-05,Employee Commuting,Passenger Car,14.7,vehicle-mile,Commute,Florida,Florida
1796,E1097,2025-10-05,Business Travel,Air Travel - Long Haul (>= 2300 miles),2325.9,passenger-mile,Client Meeting,Other,Massachusetts
623,E1004,2025-10-05,Employee Commuting,"Transit Rail (i.e. Subway, Tram)",8.7,passenger-mile,Commute,California,California
4695,E1093,2025-10-05,Employee Commuting,Bus,39.4,passenger-mile,Commute,Illinois,Illinois
2749,E1004,2025-10-05,Employee Commuting,Passenger Car,13.8,vehicle-mile,Commute,Illinois,Illinois
1351,E1078,2025-10-06,Employee Commuting,Light-Duty Truck,5.0,vehicle-mile,Commute,Texas,Texas
2304,E1047,2025-10-06,Employee Commuting,Passenger Car,23.9,vehicle-mile,Commute,California,California
2410,E1068,2025-10-06,Employee Commuting,Passenger Car,27.3,vehicle-mile,Commute,California,California
4821,E1015,2025-10-06,Employee Commuting,Light-Duty Truck,27.8,vehicle-mile,Commute,New York,New York
1689,E1066,2025-10-06,Business Travel,Air Travel - Short Haul (< 300 miles),163.3,passenger-mile,Off-site Meeting,Colorado,Colorado
3744,E1068,2025-10-06,Employee Commuting,Light-Duty Truck,33.7,vehicle-mile,Commute,Washington,Washington
940,E1069,2025-10-06,Business Travel,"Air Travel - Medium Haul (>= 300 miles, < 2300 miles)",1577.8,passenger-mile,Client Meeting,New York,New York
2330,E1082,2025-10-06,Employee Commuting,Light-Duty Truck,29.4,vehicle-mile,Commute,California,California
1537,E1094,2025-10-06,Employee Commuting,Light-Duty Truck,24.0,vehicle-mile,Commute,Massachusetts,Massachusetts
2595,E1081,2025-10-06,Business Travel,Air Travel - Short Haul (< 300 miles),242.2,passenger-mile,Client Meeting,California,Washington
3846,E1071,2025-10-06,Employee Commuting,"Transit Rail (i.e. Subway, Tram)",20.0,passenger-mile,Commute,Texas,Texas
4652,E1052,2025-10-06,Employee Commuting,Light-Duty Truck,14.5,vehicle-mile,Commute,Colorado,Colorado
2943,E1070,2025-10-06,Employee Commuting,Passenger Car,28.2,vehicle-mile,Commute,Washington,Washington
1562,E1059,2025-10-06,Business Travel,Light-Duty Truck,5.6,vehicle-mile,Client Meeting,Washington,Florida
1681,E1062,2025-10-07,Employee Commuting,"Transit Rail (i.e. Subway, Tram)",22.2,passenger-mile,Commute,California,California
2301,E1045,2025-10-07,Employee Commuting,Passenger Car,6.4,vehicle-mile,Commute,California,California
349,E1070,2025-10-07,Employee Commuting,"Transit Rail (i.e. Subway, Tram)",36.6,passenger-mile,Commute,Washington,Washington
1390,E1055,2025-10-07,Employee Commuting,Bus,35.9,passenger-mile,Commute,California,California
4207,E1003,2025-10-07,Employee Commuting,Passenger Car,35.3,vehicle-mile,Commute,California,California
1512,E1067,2025-10-07,Employee Commuting,"Transit Rail (i.e. Subway, Tram)",16.3,passenger-mile,Commute,Other,Other
2632,E1038,2025-10-07,Employee Commuting,Passenger Car,32.5,vehicle-mile,Commute,Other,Other
1804,E1017,2025-10-07,Employee Commuting,"Transit Rail (i.e. Subway, Tram)",36.7,passenger-mile,Commute,Texas,Texas
1748,E1035,2025-10-07,Employee Commuting,Light-Duty Truck,7.6,vehicle-mile,Commute,Texas,Texas
4112,E1040,2025-10-07,Employee Commuting,Passenger Car,37.1,vehicle-mile,Commute,Colorado,Colorado
3006,E1051,2025-10-07,Employee Commuting,Passenger Car,3.2,vehicle-mile,Commute,California,California
2195,E1055,2025-10-07,Employee Commuting,Passenger Car,6.0,vehicle-mile,Commute,California,California
3364,E1081,2025-10-07,Employee Commuting,Passenger Car,12.2,vehicle-mile,Commute,California,California
3475,E1009,2025-10-07,Employee Commuting,Passenger Car,10.3,vehicle-mile,Commute,California,California
1566,E1055,2025-10-07,Business Travel,Air Travel - Long Haul (>= 2300 miles),3569.3,passenger-mile,Conference,California,Illinois
2568,E1013,2025-10-07,Employee Commuting,Motorcycle,26.6,vehicle-mile,Commute,California,California
4680,E1071,2025-10-07,Employee Commuting,"Transit Rail (i.e. Subway, Tram)",26.7,passenger-mile,Commute,New York,New York
1269,E1058,2025-10-07,Business Travel,"Air Travel - Medium Haul (>= 300 miles, < 2300 miles)",479.6,passenger-mile,Site Visit,Florida,Texas
1042,E1031,2025-10-08,Employee Commuting,Passenger Car,32.2,vehicle-mile,Commute,Illinois,Illinois
4202,E1064,2025-10-08,Business Travel,Air Travel - Short Haul (< 300 miles),130.7,passenger-mile,Conference,Texas,New York
1024,E1030,2025-10-08,Employee Commuting,Bus,34.5,passenger-mile,Commute,New York,New York
1432,E1057,2025-10-08,Employee Commuting,Commuter Rail,4.5,passenger-mile,Commute,California,California
4277,E1072,2025-10-08,Employee Commuting,Commuter Rail,7.9,passenger-mile,Commute,Other,Other
4858,E1090,2025-10-08,Employee Commuting,Bus,11.6,passenger-mile,Commute,New York,New York
4407,E1040,2025-10-08,Business Travel,Intercity Rail - Northeast Corridor,432.7,passenger-mile,Conference,Other,Colorado
4219,E1067,2025-10-08,Business Travel,"Air Travel - Medium Haul (>= 300 miles, < 2300 miles)",1453.6,passenger-mile,Client Meeting,Georgia,California
3473,E1055,2025-10-08,Business Travel,Intercity Rail - Northeast Corridor,125.3,passenger-mile,Off-site Meeting,Illinois,Colorado
2315,E1075,2025-10-08,Employee Commuting,Light-Duty Truck,23.7,vehicle-mile,Commute,Texas,Texas
3576,E1006,2025-10-08,Employee Commuting,Passenger Car,16.4,vehicle-mile,Commute,New York,New York
1194,E1048,2025-10-08,Employee Commuting,Passenger Car,37.5,vehicle-mile,Commute,New York,New York
2082,E1090,2025-10-08,Employee Commuting,Passenger Car,26.1,vehicle-mile,Commute,Other,Other
2217,E1013,2025-10-08,Employee Commuting,Passenger Car,9.4,vehicle-mile,Commute,California,California
3696,E1052,2025-10-09,Employee Commuting,Commuter Rail,26.2,passenger-mile,Commute,Other,Other
4023,E1057,2025-10-09,Business Travel,"Air Travel - Medium Haul (>= 300 miles, < 2300 miles)",763.1,passenger-mile,Client Meeting,Texas,Texas
179,E1012,2025-10-09,Business Travel,Air Travel - Long Haul (>= 2300 miles),2397.2,passenger-mile,Off-site Meeting,California,Illinois
4123,E1005,2025-10-09,Employee Commuting,"Transit Rail (i.e. Subway, Tram)",39.8,passenger-mile,Commute,New York,New York
239,E1012,2025-10-09,Employee Commuting,"Transit Rail (i.e. Subway, Tram)",11.7,passenger-mile,Commute,Texas,Texas
1505,E1009,2025-10-09,Employee Commuting,Passenger Car,21.4,vehicle-mile,Commute,Texas,Texas
487,E1088,2025-10-09,Employee Commuting,Passenger Car,28.5,vehicle-mile,Commute,Florida,Florida
4265,E1057,2025-10-09,Employee Commuting,Bus,29.5,passenger-mile,Commute,California,California
1814,E1055,2025-10-09,Business Travel,Air Travel - Short Haul (< 300 miles),114.4,passenger-mile,Client Meeting,California,Florida
3216,E1052,2025-10-09,Business Travel,Bus,55.8,passenger-mile,Client Meeting,California,Other
2115,E1062,2025-10-09,Business Travel,Air Travel - Short Haul (< 300 miles),180.5,passenger-mile,Off-site Meeting,Florida,Washington
138,E1076,2025-10-09,Employee Commuting,Light-Duty Truck,23.9,vehicle-mile,Commute,Florida,Florida
2678,E1097,2025-10-09,Business Travel,"Air Travel - Medium Haul (>= 300 miles, < 2300 miles)",571.2,passenger-mile,Off-site Meeting,Washington,Georgia
2966,E1029,2025-10-09,Employee Commuting,Passenger Car,39.0,vehicle-mile,Commute,Washington,Washington
4879,E1043,2025-10-09,Employee Commuting,Passenger Car,13.7,vehicle-mile,Commute,Florida,Florida
3081,E1060,2025-10-09,Employee Commuting,Bus,19.9,passenger-mile,Commute,Florida,Florida
4797,E1023,2025-10-09,Employee Commuting,Passenger Car,28.1,vehicle-mile,Commute,California,California
1065,E1021,2025-10-10,Employee Commuting,Passenger Car,12.0,vehicle-mile,Commute,Other,Other
2396,E1048,2025-10-10,Business Travel,Commuter Rail,44.4,passenger-mile,Client Meeting,Washington,Illinois
4479,E1007,2025-10-10,Employee Commuting,Commuter Rail,5.0,passenger-mile,Commute,Texas,Texas
4548,E1090,2025-10-10,Business Travel,Air Travel - Long Haul (>= 2300 miles),2839.4,passenger-mile,Conference,Florida,California
4571,E1050,2025-10-10,Employee Commuting,Light-Duty Truck,16.3,vehicle-mile,Commute,California,California
1226,E1082,2025-10-10,Employee Commuting,Light-Duty Truck,4.4,vehicle-mile,Commute,Other,Other
3014,E1020,2025-10-10,Employee Commuting,Commuter Rail,15.4,passenger-mile,Commute,Other,Other
653,E1060,2025-10-11,Employee Commuting,Passenger Car,5.9,vehicle-mile,Commute,Other,Other
1114,E1089,2025-10-11,Employee Commuting,Passenger Car,19.9,vehicle-mile,Commute,Texas,Texas
3941,E1038,2025-10-11,Employee Commuting,Bus,26.3,passenger-mile,Commute,Colorado,Colorado
435,E1086,2025-10-11,Employee Commuting,Passenger Car,17.6,vehicle-mile,Commute,New York,New York
544,E1021,2025-10-11,Employee Commuting,Motorcycle,28.2,vehicle-mile,Commute,California,California
199,E1005,2025-10-11,Employee Commuting,Bus,7.1,passenger-mile,Commute,California,California
3252,E1047,2025-10-11,Business Travel,"Air Travel - Medium Haul (>= 300 miles, < 2300 miles)",1799.0,passenger-mile,Off-site Meeting,Georgia,Florida
2745,E1092,2025-10-11,Employee Commuting,Passenger Car,18.0,vehicle-mile,Commute,California,California
3148,E1013,2025-10-11,Business Travel,Passenger Car,70.9,vehicle-mile,Site Visit,Washington,Texas
73,E1019,2025-10-11,Employee Commuting,"Transit Rail (i.e. Subway, Tram)",6.4,passenger-mile,Commute,Texas,Texas
3591,E1090,2025-10-11,Employee Commuting,Passenger Car,7.3,vehicle-mile,Commute,New York,New York
729,E1054,2025-10-12,Business Travel,"Air Travel - Medium Haul (>= 300 miles, < 2300 miles)",1148.6,passenger-mile,Site Visit,California,Georgia
4175,E1032,2025-10-12,Employee Commuting,Passenger Car,13.9,vehicle-mile,Commute,California,California
3219,E1090,2025-10-12,Employee Commuting,Passenger Car,11.2,vehicle-mile,Commute,Illinois,Illinois
2007,E1088,2025-10-12,Business Travel,Bus,42.4,passenger-mile,Off-site Meeting,Massachusetts,Texas
3621,E1013,2025-10-12,Business Travel,Commuter Rail,88.8,passenger-mile,Client Meeting,Texas,Other
4269,E1073,2025-10-12,Employee Commuting,"Transit Rail (i.e. Subway, Tram)",29.8,passenger-mile,Commute,Illinois,Illinois
3246,E1100,2025-10-12,Business Travel,"Air Travel - Medium Haul (>= 300 miles, < 2300 miles)",1491.1,passenger-mile,Client Meeting,Texas,Texas
1087,E1053,2025-10-13,Employee Commuting,Commuter Rail,32.7,passenger-mile,Commute,Texas,Texas
2906,E1079,2025-10-13,Employee Commuting,Passenger Car,31.1,vehicle-mile,Commute,Illinois,Illinois
4283,E1048,2025-10-13,Business Travel,Passenger Car,64.7,vehicle-mile,Conference,Texas,Illinois
4402,E1018,2025-10-13,Business Travel,"Transit Rail (i.e. Subway, Tram)",65.5,passenger-mile,Site Visit,California,Massachusetts
4817,E1064,2025-10-13,Employee Commuting,Passenger Car,29.6,vehicle-mile,Commute,Texas,Texas
392,E1047,2025-10-13,Employee Commuting,Passenger Car,5.5,vehicle-mile,Commute,Texas,Texas
3601,E1007,2025-10-13,Employee Commuting,Bus,39.5,passenger-mile,Commute,Illinois,Illinois
682,E1066,2025-10-13,Business Travel,Air Travel - Long Haul (>= 2300 miles),2996.5,passenger-mile,Conference,Georgia,New York
4160,E1007,2025-10-13,Business Travel,"Transit Rail (i.e. Subway, Tram)",15.7,passenger-mile,Client Meeting,Colorado,Colorado
1886,E1086,2025-10-13,Employee Commuting,Commuter Rail,13.5,passenger-mile,Commute,Florida,Florida
3392,E1045,2025-10-13,Employee Commuting,Passenger Car,28.0,vehicle-mile,Commute,New York,New York
3234,E1002,2025-10-13,Business Travel,Air Travel - Long Haul (>= 2300 miles),3983.2,passenger-mile,Site Visit,Other,California
4815,E1068,2025-10-13,Employee Commuting,Passenger Car,10.9,vehicle-mile,Commute,Washington,Washington
3214,E1017,2025-10-13,Employee Commuting,Passenger Car,21.9,vehicle-mile,Commute,New York,New York
2826,E1027,2025-10-13,Employee Commuting,"Transit Rail (i.e. Subway, Tram)",26.9,passenger-mile,Commute,Texas,Texas
3705,E1053,2025-10-14,Business Travel,Intercity Rail - Other Routes,126.1,passenger-mile,Site Visit,Texas,Florida
4490,E1003,2025-10-14,Employee Commuting,"Transit Rail (i.e. Subway, Tram)",27.8,passenger-mile,Commute,Illinois,Illinois
1996,E1053,2025-10-14,Employee Commuting,Light-Duty Truck,19.1,vehicle-mile,Commute,California,California
4122,E1063,2025-10-14,Business Travel,Air Travel - Short Haul (< 300 miles),213.7,passenger-mile,Site Visit,Washington,Georgia
636,E1031,2025-10-14,Employee Commuting,Bus,3.9,passenger-mile,Commute,Washington,Washington
3375,E1004,2025-10-14,Employee Commuting,Passenger Car,9.5,vehicle-mile,Commute,California,California
517,E1039,2025-10-14,Business Travel,Air Travel - Short Haul (< 300 miles),231.5,passenger-mile,Site Visit,California,Illinois
2262,E1079,2025-10-14,Employee Commuting,Passenger Car,15.6,vehicle-mile,Commute,New York,New York
3013,E1003,2025-10-14,Employee Commuting,Passenger Car,21.7,vehicle-mile,Commute,California,California
1526,E1044,2025-10-14,Business Travel,Air Travel - Short Haul (< 300 miles),235.9,passenger-mile,Client Meeting,Colorado,Texas
4504,E1044,2025-10-15,Employee Commuting,Light-Duty Truck,12.5,vehicle-mile,Commute,Washington,Washington
4789,E1010,2025-10-15,Employee Commuting,Passenger Car,38.2,vehicle-mile,Commute,Texas,Texas
2201,E1045,2025-10-15,Employee Commuting,Passenger Car,18.8,vehicle-mile,Commute,California,California
4251,E1086,2025-10-15,Employee Commuting,Passenger Car,12.3,vehicle-mile,Commute,Florida,Florida
2827,E1040,2025-10-15,Employee Commuting,Light-Duty Truck,18.9,vehicle-mile,Commute,New York,New York
1729,E1013,2025-10-15,Employee Commuting,Passenger Car,12.7,vehicle-mile,Commute,California,California
3349,E1010,2025-10-15,Business Travel,Bus,86.0,passenger-mile,Site Visit,Texas,New York
678,E1024,2025-10-15,Employee Commuting,Passenger Car,6.9,vehicle-mile,Commute,Washington,Washington
2094,E1090,2025-10-15,Employee Commuting,Passenger Car,6.4,vehicle-mile,Commute,Texas,Texas
4878,E1093,2025-10-15,Business Travel,Intercity Rail - Northeast Corridor,164.3,passenger-mile,Off-site Meeting,Florida,Illinois
1100,E1019,2025-10-15,Employee Commuting,Passenger Car,19.4,vehicle-mile,Commute,New York,New York
3160,E1019,2025-10-15,Employee Commuting,Commuter Rail,20.7,passenger-mile,Commute,Florida,Florida
201,E1058,2025-10-16,Employee Commuting,Passenger Car,35.0,vehicle-mile,Commute,Washington,Washington
3677,E1044,2025-10-16,Employee Commuting,Passenger Car,27.3,vehicle-mile,Commute,California,California
1294,E1086,2025-10-16,Employee Commuting,Motorcycle,15.0,vehicle-mile,Commute,Other,Other
3850,E1080,2025-10-16,Business Travel,Air Travel - Short Haul (< 300 miles),284.0,passenger-mile,Conference,California,Massachusetts
1554,E1047,2025-10-16,Employee Commuting,Light-Duty Truck,19.4,vehicle-mile,Commute,Texas,Texas
1730,E1086,2025-10-16,Employee Commuting,Passenger Car,16.8,vehicle-mile,Commute,Washington,Washington
1026,E1062,2025-10-16,Employee Commuting,Commuter Rail,30.6,passenger-mile,Commute,New York,New York
4891,E1056,2025-10-16,Business Travel,"Air Travel - Medium Haul (>= 300 miles, < 2300 miles)",342.2,passenger-mile,Off-site Meeting,New York,California
4128,E1012,2025-10-16,Employee Commuting,Light-Duty Truck,21.9,vehicle-mile,Commute,California,California
4704,E1023,2025-10-17,Business Travel,Air Travel - Short Haul (< 300 miles),151.9,passenger-mile,Site Visit,Georgia,Georgia
3886,E1030,2025-10-17,Employee Commuting,Passenger Car,28.8,vehicle-mile,Commute,Florida,Florida
655,E1016,2025-10-17,Employee Commuting,Passenger Car,19.6,vehicle-mile,Commute,Colorado,Colorado
3333,E1002,2025-10-17,Employee Commuting,Light-Duty Truck,34.8,vehicle-mile,Commute,Texas,Texas
4476,E1049,2025-10-17,Business Travel,Passenger Car,15.3,vehicle-mile,Off-site Meeting,Texas,Washington
831,E1033,2025-10-17,Employee Commuting,Passenger Car,39.8,vehicle-mile,Commute,Colorado,Colorado
3209,E1093,2025-10-17,Employee Commuting,Light-Duty Truck,7.7,vehicle-mile,Commute,New York,New York
452,E1016,2025-10-17,Employee Commuting,Commuter Rail,27.7,passenger-mile,Commute,New York,New York
3050,E1021,2025-10-17,Business Travel,Air Travel - Long Haul (>= 2300 miles),2656.0,passenger-mile,Conference,California,Washington
267,E1015,2025-10-17,Business Travel,Passenger Car,50.5,vehicle-mile,Client Meeting,California,New York
2244,E1015,2025-10-17,Employee Commuting,Passenger Car,28.6,vehicle-mile,Commute,Colorado,Colorado
4352,E1077,2025-10-18,Employee Commuting,Passenger Car,12.0,vehicle-mile,Commute,New York,New York
3907,E1088,2025-10-18,Business Travel,Air Travel - Short Haul (< 300 miles),196.0,passenger-mile,Client Meeting,Illinois,Colorado
2673,E1012,2025-10-18,Employee Commuting,Passenger Car,33.7,vehicle-mile,Commute,California,California
1529,E1078,2025-10-18,Employee Commuting,Passenger Car,24.9,vehicle-mile,Commute,Texas,Texas
3529,E1008,2025-10-18,Business Travel,"Air Travel - Medium Haul (>= 300 miles, < 2300 miles)",947.6,passenger-mile,Client Meeting,New York,Massachusetts
4577,E1095,2025-10-18,Employee Commuting,Bus,22.3,passenger-mile,Commute,Florida,Florida
841,E1056,2025-10-18,Employee Commuting,Passenger Car,5.6,vehicle-mile,Commute,California,California
3462,E1095,2025-10-18,Employee Commuting,Passenger Car,17.5,vehicle-mile,Commute,Texas,Texas
894,E1033,2025-10-18,Employee Commuting,Passenger Car,4.5,vehicle-mile,Commute,Massachusetts,Massachusetts
1211,E1009,2025-10-18,Employee Commuting,Bus,10.4,passenger-mile,Commute,New York,New York
3198,E1054,2025-10-18,Business Travel,"Air Travel - Medium Haul (>= 300 miles, < 2300 miles)",1288.3,passenger-mile,Conference,Texas,Georgia
601,E1021,2025-10-18,Employee Commuting,Passenger Car,27.2,vehicle-mile,Commute,Illinois,Illinois
3266,E1079,2025-10-18,Business Travel,"Air Travel - Medium Haul (>= 300 miles, < 2300 miles)",434.4,passenger-mile,Site Visit,Texas,Texas
2904,E1006,2025-10-18,Business Travel,"Air Travel - Medium Haul (>= 300 miles, < 2300 miles)",1246.8,passenger-mile,Site Visit,Other,Massachusetts
4142,E1097,2025-10-19,Employee Commuting,Passenger Car,6.9,vehicle-mile,Commute,Other,Other
4775,E1092,2025-10-19,Employee Commuting,Commuter Rail,18.3,passenger-mile,Commute,Other,Other
2828,E1010,2025-10-19,Employee Commuting,Passenger Car,11.5,vehicle-mile,Commute,California,California
2727,E1048,2025-10-19,Employee Commuting,Passenger Car,36.4,vehicle-mile,Commute,Other,Other
4763,E1097,2025-10-19,Employee Commuting,Passenger Car,37.4,vehicle-mile,Commute,Colorado,Colorado
2922,E1066,2025-10-19,Employee Commuting,Passenger Car,17.6,vehicle-mile,Commute,Washington,Washington
1610,E1062,2025-10-19,Employee Commuting,Light-Duty Truck,38.0,vehicle-mile,Commute,Other,Other
1829,E1029,2025-10-19,Employee Commuting,Passenger Car,21.5,vehicle-mile,Commute,Georgia,Georgia
3347,E1070,2025-10-19,Employee Commuting,Passenger Car,13.1,vehicle-mile,Commute,Other,Other
1113,E1062,2025-10-19,Employee Commuting,Passenger Car,38.0,vehicle-mile,Commute,Other,Other
169,E1046,2025-10-19,Employee Commuting,Commuter Rail,6.1,passenger-mile,Commute,California,California
2351,E1019,2025-10-19,Business Travel,"Transit Rail (i.e. Subway, Tram)",10.7,passenger-mile,Client Meeting,New York,Washington
930,E1033,2025-10-19,Employee Commuting,Light-Duty Truck,32.3,vehicle-mile,Commute,California,California
1286,E1007,2025-10-19,Employee Commuting,Bus,8.3,passenger-mile,Commute,Other,Other
3326,E1049,2025-10-19,Employee Commuting,Bus,5.1,passenger-mile,Commute,Other,Other
4911,E1060,2025-10-19,Employee Commuting,Passenger Car,39.6,vehicle-mile,Commute,California,California
3954,E1061,2025-10-19,Employee Commuting,Passenger Car,38.0,vehicle-mile,Commute,New York,New York
2671,E1026,2025-10-19,Employee Commuting,"Transit Rail (i.e. Subway, Tram)",6.6,passenger-mile,Commute,New York,New York
2697,E1038,2025-10-19,Business Travel,"Transit Rail (i.e. Subway, Tram)",58.0,passenger-mile,Conference,Washington,Illinois
3884,E1089,2025-10-19,Employee Commuting,Light-Duty Truck,31.7,vehicle-mile,Commute,California,California
1347,E1040,2025-10-19,Employee Commuting,"Transit Rail (i.e. Subway, Tram)",12.5,passenger-mile,Commute,Massachusetts,Massachusetts
1416,E1057,2025-10-19,Employee Commuting,Passenger Car,6.9,vehicle-mile,Commute,California,California
755,E1004,2025-10-19,Employee Commuting,"Transit Rail (i.e. Subway, Tram)",36.9,passenger-mile,Commute,California,California
3777,E1037,2025-10-20,Employee Commuting,Passenger Car,26.0,vehicle-mile,Commute,Georgia,Georgia
1184,E1006,2025-10-20,Business Travel,Intercity Rail - Other Routes,518.7,passenger-mile,Client Meeting,Washington,Florida
4225,E1069,2025-10-20,Employee Commuting,Passenger Car,3.7,vehicle-mile,Commute,California,California
4818,E1025,2025-10-20,Employee Commuting,Passenger Car,14.3,vehicle-mile,Commute,New York,New York
4368,E1073,2025-10-20,Employee Commuting,Bus,4.4,passenger-mile,Commute,Other,Other
4872,E1064,2025-10-20,Business Travel,"Air Travel - Medium Haul (>= 300 miles, < 2300 miles)",1016.0,passenger-mile,Conference,California,Georgia
3396,E1091,2025-10-20,Business Travel,Intercity Rail - Northeast Corridor,378.6,passenger-mile,Off-site Meeting,Other,Georgia
3000,E1099,2025-10-20,Employee Commuting,Passenger Car,16.8,vehicle-mile,Commute,Washington,Washington
4350,E1073,2025-10-20,Employee Commuting,Passenger Car,16.1,vehicle-mile,Commute,Massachusetts,Massachusetts
3096,E1011,2025-10-20,Employee Commuting,Light-Duty Truck,26.5,vehicle-mile,Commute,Texas,Texas
4664,E1015,2025-10-20,Business Travel,Light-Duty Truck,33.5,vehicle-mile,Site Visit,California,Florida
1444,E1024,2025-10-20,Employee Commuting,Motorcycle,16.3,vehicle-mile,Commute,Florida,Florida
1038,E1091,2025-10-20,Employee Commuting,Passenger Car,21.8,vehicle-mile,Commute,California,California
967,E1033,2025-10-20,Employee Commuting,Passenger Car,26.6,vehicle-mile,Commute,Texas,Texas
4920,E1048,2025-10-20,Business Travel,Light-Duty Truck,22.0,vehicle-mile,Off-site Meeting,California,Colorado
15,E1072,2025-10-20,Employee Commuting,Passenger Car,27.7,vehicle-mile,Commute,Texas,Texas
3756,E1096,2025-10-21,Employee Commuting,Passenger Car,24.2,vehicle-mile,Commute,California,California
1358,E1065,2025-10-21,Employee Commuting,"Transit Rail (i.e. Subway, Tram)",35.9,passenger-mile,Commute,California,California
1638,E1022,2025-10-21,Employee Commuting,Passenger Car,33.7,vehicle-mile,Commute,Massachusetts,Massachusetts
1306,E1023,2025-10-21,Business Travel,Intercity Rail - Northeast Corridor,224.9,passenger-mile,Conference,California,New York
29,E1032,2025-10-21,Employee Commuting,Passenger Car,12.0,vehicle-mile,Commute,Washington,Washington
3314,E1060,2025-10-21,Employee Commuting,Passenger Car,25.6,vehicle-mile,Commute,New York,New York
3573,E1066,2025-10-21,Employee Commuting,"Transit Rail (i.e. Subway, Tram)",37.7,passenger-mile,Commute,Illinois,Illinois
917,E1091,2025-10-21,Employee Commuting,Motorcycle,3.6,vehicle-mile,Commute,Massachusetts,Massachusetts
3212,E1098,2025-10-21,Business Travel,Intercity Rail - Other Routes,139.8,passenger-mile,Client Meeting,Colorado,Texas
2326,E1007,2025-10-21,Employee Commuting,Passenger Car,13.9,vehicle-mile,Commute,Florida,Florida
1563,E1060,2025-10-21,Employee Commuting,Commuter Rail,7.0,passenger-mile,Commute,California,California
418,E1045,2025-10-21,Business Travel,"Air Travel - Medium Haul (>= 300 miles, < 2300 miles)",814.8,passenger-mile,Off-site Meeting,Texas,Illinois
573,E1048,2025-10-22,Employee Commuting,Passenger Car,37.5,vehicle-mile,Commute,Other,Other
539,E1002,2025-10-22,Employee Commuting,Bus,25.3,passenger-mile,Commute,California,California
4842,E1072,2025-10-22,Employee Commuting,Passenger Car,13.7,vehicle-mile,Commute,Washington,Washington
1662,E1088,2025-10-22,Employee Commuting,"Transit Rail (i.e. Subway, Tram)",24.2,passenger-mile,Commute,Colorado,Colorado
630,E1044,2025-10-22,Employee Commuting,Passenger Car,32.6,vehicle-mile,Commute,Colorado,Colorado
3951,E1067,2025-10-22,Employee Commuting,"Transit Rail (i.e. Subway, Tram)",11.1,passenger-mile,Commute,Other,Other
4925,E1066,2025-10-23,Employee Commuting,Commuter Rail,11.8,passenger-mile,Commute,California,California
613,E1075,2025-10-23,Employee Commuting,Passenger Car,4.2,vehicle-mile,Commute,Washington,Washington
4623,E1058,2025-10-23,Employee Commuting,Passenger Car,13.0,vehicle-mile,Commute,California,California
1156,E1094,2025-10-23,Business Travel,Passenger Car,92.5,vehicle-mile,Site Visit,Texas,California
3273,E1078,2025-10-23,Employee Commuting,"Transit Rail (i.e. Subway, Tram)",33.8,passenger-mile,Commute,Washington,Washington
2527,E1081,2025-10-23,Employee Commuting,Passenger Car,19.0,vehicle-mile,Commute,Washington,Washington
2040,E1076,2025-10-23,Business Travel,"Air Travel - Medium Haul (>= 300 miles, < 2300 miles)",1779.3,passenger-mile,Client Meeting,Colorado,Florida
3315,E1043,2025-10-23,Employee Commuting,Light-Duty Truck,15.3,vehicle-mile,Commute,California,California
2609,E1055,2025-10-23,Employee Commuting,Passenger Car,17.2,vehicle-mile,Commute,Texas,Texas
3423,E1024,2025-10-23,Business Travel,"Air Travel - Medium Haul (>= 300 miles, < 2300 miles)",771.8,passenger-mile,Off-site Meeting,California,Texas
2845,E1007,2025-10-23,Employee Commuting,Light-Duty Truck,9.5,vehicle-mile,Commute,California,California
1844,E1069,2025-10-23,Employee Commuting,Commuter Rail,29.1,passenger-mile,Commute,Washington,Washington
3586,E1004,2025-10-23,Employee Commuting,Passenger Car,10.1,vehicle-mile,Commute,Massachusetts,Massachusetts
4110,E1077,2025-10-24,Employee Commuting,"Transit Rail (i.e. Subway, Tram)",9.7,passenger-mile,Commute,New York,New York
4231,E1066,2025-10-24,Employee Commuting,Bus,39.2,passenger-mile,Commute,Other,Other
1261,E1018,2025-10-24,Employee Commuting,"Transit Rail (i.e. Subway, Tram)",23.0,passenger-mile,Commute,New York,New York
1744,E1047,2025-10-24,Business Travel,Air Travel - Short Haul (< 300 miles),247.6,passenger-mile,Off-site Meeting,Texas,Illinois
369,E1051,2025-10-24,Employee Commuting,Passenger Car,16.2,vehicle-mile,Commute,California,California
1276,E1033,2025-10-24,Employee Commuting,Passenger Car,26.0,vehicle-mile,Commute,Washington,Washington
2606,E1050,2025-10-24,Business Travel,Air Travel - Short Haul (< 300 miles),200.3,passenger-mile,Client Meeting,Texas,Illinois
3186,E1033,2025-10-24,Employee Commuting,Passenger Car,16.6,vehicle-mile,Commute,Texas,Texas
3816,E1070,2025-10-24,Employee Commuting,Passenger Car,39.7,vehicle-mile,Commute,Florida,Florida
3387,E1033,2025-10-24,Employee Commuting,Passenger Car,13.4,vehicle-mile,Commute,Colorado,Colorado
1357,E1090,2025-10-25,Business Travel,"Transit Rail (i.e. Subway, Tram)",25.4,passenger-mile,Conference,Illinois,Texas
4195,E1059,2025-10-25,Employee Commuting,Passenger Car,18.8,vehicle-mile,Commute,Texas,Texas
1375,E1077,2025-10-25,Business Travel,Air Travel - Short Haul (< 300 miles),281.6,passenger-mile,Off-site Meeting,Washington,Georgia
4514,E1077,2025-10-25,Employee Commuting,Bus,36.2,passenger-mile,Commute,California,California
4780,E1097,2025-10-25,Business Travel,"Air Travel - Medium Haul (>= 300 miles, < 2300 miles)",1674.0,passenger-mile,Conference,California,Washington
1891,E1044,2025-10-25,Business Travel,Air Travel - Short Haul (< 300 miles),163.2,passenger-mile,Off-site Meeting,California,Georgia
3541,E1022,2025-10-25,Business Travel,Air Travel - Long Haul (>= 2300 miles),4190.2,passenger-mile,Conference,Colorado,New York
1629,E1007,2025-10-25,Employee Commuting,Passenger Car,29.2,vehicle-mile,Commute,Texas,Texas
3776,E1060,2025-10-25,Employee Commuting,Light-Duty Truck,25.8,vehicle-mile,Commute,New York,New York
1957,E1079,2025-10-25,Business Travel,"Air Travel - Medium Haul (>= 300 miles, < 2300 miles)",808.1,passenger-mile,Off-site Meeting,California,Other
3692,E1095,2025-10-25,Business Travel,Passenger Car,100.0,vehicle-mile,Off-site Meeting,Washington,Florida
1119,E1086,2025-10-25,Employee Commuting,Commuter Rail,28.7,passenger-mile,Commute,California,California
706,E1075,2025-10-25,Employee Commuting,Passenger Car,6.0,vehicle-mile,Commute,Texas,Texas
3038,E1016,2025-10-25,Employee Commuting,Passenger Car,4.4,vehicle-mile,Commute,California,California
3747,E1090,2025-10-25,Business Travel,Passenger Car,37.7,vehicle-mile,Conference,California,Illinois
4083,E1068,2025-10-25,Employee Commuting,Passenger Car,12.4,vehicle-mile,Commute,New York,New York
1117,E1031,2025-10-26,Employee Commuting,Passenger Car,9.4,vehicle-mile,Commute,Other,Other
4694,E1091,2025-10-26,Business Travel,Air Travel - Long Haul (>= 2300 miles),4336.6,passenger-mile,Site Visit,California,California
752,E1035,2025-10-26,Employee Commuting,Passenger Car,22.6,vehicle-mile,Commute,California,California
4012,E1098,2025-10-26,Employee Commuting,"Transit Rail (i.e. Subway, Tram)",37.8,passenger-mile,Commute,California,California
550,E1096,2025-10-26,Employee Commuting,Passenger Car,3.6,vehicle-mile,Commute,Other,Other
4730,E1008,2025-10-26,Employee Commuting,Passenger Car,8.7,vehicle-mile,Commute,California,California
2510,E1086,2025-10-26,Employee Commuting,Passenger Car,36.0,vehicle-mile,Commute,Texas,Texas
1040,E1046,2025-10-26,Employee Commuting,Passenger Car,10.7,vehicle-mile,Commute,Massachusetts,Massachusetts
1396,E1037,2025-10-26,Employee Commuting,Passenger Car,36.5,vehicle-mile,Commute,Other,Other
3312,E1086,2025-10-26,Employee Commuting,Light-Duty Truck,25.2,vehicle-mile,Commute,Florida,Florida
1978,E1050,2025-10-26,Business Travel,"Air Travel - Medium Haul (>= 300 miles, < 2300 miles)",1012.6,passenger-mile,Client Meeting,Texas,Colorado
1882,E1033,2025-10-26,Employee Commuting,"Transit Rail (i.e. Subway, Tram)",31.0,passenger-mile,Commute,Washington,Washington
2505,E1071,2025-10-26,Employee Commuting,Passenger Car,22.9,vehicle-mile,Commute,Colorado,Colorado
1021,E1067,2025-10-26,Employee Commuting,"Transit Rail (i.e. Subway, Tram)",19.0,passenger-mile,Commute,Other,Other
2783,E1031,2025-10-27,Employee Commuting,"Transit Rail (i.e. Subway, Tram)",20.0,passenger-mile,Commute,California,California
3342,E1006,2025-10-27,Employee Commuting,Passenger Car,30.4,vehicle-mile,Commute,Washington,Washington
2918,E1077,2025-10-27,Employee Commuting,"Transit Rail (i.e. Subway, Tram)",20.3,passenger-mile,Commute,California,California
1122,E1008,2025-10-27,Employee Commuting,Bus,4.8,passenger-mile,Commute,California,California
3958,E1071,2025-10-27,Employee Commuting,Passenger Car,31.1,vehicle-mile,Commute,Other,Other
2580,E1073,2025-10-27,Business Travel,Air Travel - Short Haul (< 300 miles),150.8,passenger-mile,Conference,Washington,Other
432,E1051,2025-10-27,Business Travel,"Air Travel - Medium Haul (>= 300 miles, < 2300 miles)",386.5,passenger-mile,Conference,Texas,Colorado
968,E1094,2025-10-27,Employee Commuting,Passenger Car,19.0,vehicle-mile,Commute,New York,New York
1521,E1083,2025-10-27,Employee Commuting,Passenger Car,10.0,vehicle-mile,Commute,California,California
2352,E1065,2025-10-27,Employee Commuting,Light-Duty Truck,35.7,vehicle-mile,Commute,California,California
3786,E1056,2025-10-27,Business Travel,"Air Travel - Medium Haul (>= 300 miles, < 2300 miles)",1725.3,passenger-mile,Client Meeting,California,Massachusetts
3879,E1008,2025-10-27,Business Travel,Air Travel - Long Haul (>= 2300 miles),4312.4,passenger-mile,Site Visit,Texas,Texas
907,E1016,2025-10-27,Business Travel,"Air Travel - Medium Haul (>= 300 miles, < 2300 miles)",331.5,passenger-mile,Off-site Meeting,California,Georgia
4949,E1057,2025-10-27,Employee Commuting,Light-Duty Truck,38.1,vehicle-mile,Commute,Georgia,Georgia
3905,E1073,2025-10-28,Business Travel,Bus,36.1,passenger-mile,Site Visit,Colorado,Massachusetts
4899,E1044,2025-10-28,Business Travel,"Transit Rail (i.e. Subway, Tram)",42.9,passenger-mile,Conference,New York,Florida
1328,E1019,2025-10-28,Employee Commuting,Passenger Car,22.8,vehicle-mile,Commute,Texas,Texas
3538,E1033,2025-10-28,Employee Commuting,Passenger Car,20.2,vehicle-mile,Commute,New York,New York
994,E1001,2025-10-28,Business Travel,Intercity Rail - Northeast Corridor,334.9,passenger-mile,Off-site Meeting,California,Massachusetts
1483,E1027,2025-10-28,Business Travel,Passenger Car,31.8,vehicle-mile,Site Visit,Washington,Washington
410,E1001,2025-10-28,Business Travel,"Air Travel - Medium Haul (>= 300 miles, < 2300 miles)",1371.0,passenger-mile,Client Meeting,Texas,California
353,E1016,2025-10-28,Employee Commuting,Commuter Rail,5.4,passenger-mile,Commute,Florida,Florida
787,E1009,2025-10-28,Employee Commuting,Passenger Car,22.0,vehicle-mile,Commute,Florida,Florida
222,E1094,2025-10-28,Employee Commuting,Light-Duty Truck,13.8,vehicle-mile,Commute,Texas,Texas
4256,E1030,2025-10-28,Business Travel,Passenger Car,98.3,vehicle-mile,Conference,Washington,Texas
2357,E1022,2025-10-28,Business Travel,Intercity Rail - Other Routes,373.9,passenger-mile,Client Meeting,California,California
2743,E1037,2025-10-28,Business Travel,Intercity Rail - National Average,718.6,passenger-mile,Off-site Meeting,New York,Massachusetts
4625,E1032,2025-10-28,Employee Commuting,"Transit Rail (i.e. Subway, Tram)",12.2,passenger-mile,Commute,Other,Other
3247,E1018,2025-10-28,Employee Commuting,Passenger Car,28.2,vehicle-mile,Commute,California,California
2775,E1063,2025-10-28,Employee Commuting,Light-Duty Truck,30.1,vehicle-mile,Commute,California,California
2762,E1008,2025-10-28,Employee Commuting,Light-Duty Truck,24.1,vehicle-mile,Commute,Texas,Texas
1792,E1020,2025-10-28,Employee Commuting,"Transit Rail (i.e. Subway, Tram)",20.5,passenger-mile,Commute,New York,New York
2409,E1078,2025-10-28,Business Travel,Air Travel - Short Haul (< 300 miles),257.0,passenger-mile,Conference,California,Other
1220,E1033,2025-10-28,Business Travel,"Air Travel - Medium Haul (>= 300 miles, < 2300 miles)",489.7,passenger-mile,Site Visit,Other,California
1364,E1025,2025-10-29,Employee Commuting,Passenger Car,17.8,vehicle-mile,Commute,Washington,Washington
44,E1030,2025-10-29,Business Travel,"Transit Rail (i.e. Subway, Tram)",95.8,passenger-mile,Client Meeting,Other,California
265,E1037,2025-10-29,Employee Commuting,Passenger Car,23.3,vehicle-mile,Commute,California,California
2126,E1022,2025-10-29,Employee Commuting,Passenger Car,32.7,vehicle-mile,Commute,Other,Other
2002,E1099,2025-10-29,Employee Commuting,Motorcycle,12.6,vehicle-mile,Commute,Florida,Florida
4168,E1100,2025-10-29,Employee Commuting,Commuter Rail,10.1,passenger-mile,Commute,Texas,Texas
1284,E1051,2025-10-29,Employee Commuting,Commuter Rail,10.0,passenger-mile,Commute,California,California
3075,E1058,2025-10-29,Employee Commuting,Passenger Car,34.5,vehicle-mile,Commute,New York,New York
2408,E1100,2025-10-29,Employee Commuting,Passenger Car,29.7,vehicle-mile,Commute,New York,New York
2998,E1074,2025-10-29,Employee Commuting,Passenger Car,38.4,vehicle-mile,Commute,Illinois,Illinois
2551,E1077,2025-10-30,Employee Commuting,Light-Duty Truck,15.4,vehicle-mile,Commute,Washington,Washington
4047,E1054,2025-10-30,Business Travel,Passenger Car,74.5,vehicle-mile,Conference,Washington,Georgia
3935,E1080,2025-10-30,Business Travel,Intercity Rail - Northeast Corridor,203.7,passenger-mile,Site Visit,California,New York
1361,E1071,2025-10-30,Employee Commuting,Passenger Car,6.8,vehicle-mile,Commute,Washington,Washington
785,E1021,2025-10-30,Employee Commuting,Light-Duty Truck,10.8,vehicle-mile,Commute,New York,New York
1484,E1064,2025-10-30,Business Travel,Passenger Car,79.3,vehicle-mile,Client Meeting,Georgia,Illinois
1653,E1006,2025-10-30,Employee Commuting,Passenger Car,20.6,vehicle-mile,Commute,California,California
286,E1008,2025-10-30,Employee Commuting,Bus,26.5,passenger-mile,Commute,Washington,Washington
3334,E1087,2025-10-30,Employee Commuting,Passenger Car,3.6,vehicle-mile,Commute,Texas,Texas
384,E1001,2025-10-30,Employee Commuting,Light-Duty Truck,28.7,vehicle-mile,Commute,Massachusetts,Massachusetts
3352,E1016,2025-10-30,Employee Commuting,Light-Duty Truck,25.5,vehicle-mile,Commute,Washington,Washington
214,E1022,2025-10-30,Business Travel,Air Travel - Long Haul (>= 2300 miles),3251.1,passenger-mile,Site Visit,California,Colorado
2758,E1019,2025-10-30,Employee Commuting,Bus,11.6,passenger-mile,Commute,California,California
4387,E1057,2025-10-30,Employee Commuting,Passenger Car,38.3,vehicle-mile,Commute,Washington,Washington
4946,E1010,2025-10-30,Employee Commuting,Passenger Car,25.9,vehicle-mile,Commute,California,California
2443,E1034,2025-10-31,Employee Commuting,Light-Duty Truck,9.8,vehicle-mile,Commute,California,California
872,E1033,2025-10-31,Employee Commuting,Passenger Car,7.6,vehicle-mile,Commute,Colorado,Colorado
1532,E1028,2025-10-31,Business Travel,Intercity Rail - Northeast Corridor,345.8,passenger-mile,Site Visit,Other,Florida
2784,E1094,2025-10-31,Employee Commuting,Bus,24.8,passenger-mile,Commute,New York,New York
3782,E1027,2025-10-31,Employee Commuting,Passenger Car,38.0,vehicle-mile,Commute,Colorado,Colorado
2393,E1084,2025-10-31,Business Travel,Intercity Rail - Other Routes,581.8,passenger-mile,Client Meeting,Washington,Florida
2766,E1036,2025-10-31,Business Travel,"Air Travel - Medium Haul (>= 300 miles, < 2300 miles)",738.9,passenger-mile,Client Meeting,Texas,Massachusetts
4726,E1057,2025-10-31,Employee Commuting,Bus,17.2,passenger-mile,Commute,New York,New York
3174,E1050,2025-10-31,Employee Commuting,Commuter Rail,10.5,passenger-mile,Commute,Other,Other
3001,E1060,2025-10-31,Employee Commuting,Bus,25.9,passenger-mile,Commute,Texas,Texas
2318,E1055,2025-10-31,Employee Commuting,Passenger Car,34.2,vehicle-mile,Commute,Georgia,Georgia
4093,E1070,2025-10-31,Employee Commuting,Passenger Car,5.4,vehicle-mile,Commute,Washington,Washington
264,E1026,2025-10-31,Business Travel,Air Travel - Long Haul (>= 2300 miles),3050.7,passenger-mile,Client Meeting,Other,Colorado
4439,E1091,2025-10-31,Employee Commuting,Commuter Rail,12.2,passenger-mile,Commute,California,California
256,E1076,2025-10-31,Business Travel,Air Travel - Long Haul (>= 2300 miles),2774.5,passenger-mile,Client Meeting,California,Colorado
2955,E1054,2025-10-31,Business Travel,"Air Travel - Medium Haul (>= 300 miles, < 2300 miles)",1066.5,passenger-mile,Conference,California,Colorado
1669,E1075,2025-10-31,Employee Commuting,Light-Duty Truck,31.7,vehicle-mile,Commute,Texas,Texas
2755,E1067,2025-10-31,Employee Commuting,Passenger Car,24.7,vehicle-mile,Commute,California,California
3651,E1015,2025-11-01,Employee Commuting,Passenger Car,36.6,vehicle-mile,Commute,California,California
4236,E1059,2025-11-01,Employee Commuting,"Transit Rail (i.e. Subway, Tram)",27.0,passenger-mile,Commute,California,California
407,E1062,2025-11-01,Employee Commuting,Passenger Car,33.2,vehicle-mile,Commute,Texas,Texas
235,E1035,2025-11-01,Employee Commuting,Passenger Car,34.1,vehicle-mile,Commute,California,California
357,E1057,2025-11-01,Business Travel,Light-Duty Truck,23.8,vehicle-mile,Off-site Meeting,New York,Massachusetts
2021,E1065,2025-11-01,Employee Commuting,Passenger Car,24.3,vehicle-mile,Commute,Texas,Texas
3896,E1100,2025-11-01,Employee Commuting,Passenger Car,20.7,vehicle-mile,Commute,Florida,Florida
713,E1075,2025-11-01,Employee Commuting,Motorcycle,25.0,vehicle-mile,Commute,Massachusetts,Massachusetts
2059,E1040,2025-11-01,Employee Commuting,Passenger Car,12.0,vehicle-mile,Commute,California,California
2954,E1049,2025-11-01,Employee Commuting,Passenger Car,29.2,vehicle-mile,Commute,Texas,Texas
2701,E1004,2025-11-01,Business Travel,Air Travel - Long Haul (>= 2300 miles),4155.5,passenger-mile,Off-site Meeting,Colorado,Florida
4071,E1089,2025-11-01,Employee Commuting,Passenger Car,21.4,vehicle-mile,Commute,California,California
4907,E1035,2025-11-01,Employee Commuting,Commuter Rail,21.1,passenger-mile,Commute,Illinois,Illinois
2709,E1076,2025-11-01,Employee Commuting,"Transit Rail (i.e. Subway, Tram)",20.0,passenger-mile,Commute,California,California
1751,E1017,2025-11-02,Business Travel,Light-Duty Truck,19.0,vehicle-mile,Client Meeting,New York,Georgia
460,E1093,2025-11-02,Employee Commuting,Motorcycle,5.3,vehicle-mile,Commute,California,California
4416,E1052,2025-11-02,Employee Commuting,Bus,19.7,passenger-mile,Commute,Colorado,Colorado
1965,E1048,2025-11-02,Employee Commuting,Passenger Car,5.4,vehicle-mile,Commute,Colorado,Colorado
929,E1062,2025-11-02,Employee Commuting,Passenger Car,4.0,vehicle-mile,Commute,Texas,Texas
710,E1088,2025-11-02,Employee Commuting,Commuter Rail,3.6,passenger-mile,Commute,Illinois,Illinois
4795,E1090,2025-11-02,Employee Commuting,Motorcycle,29.1,vehicle-mile,Commute,Florida,Florida
2020,E1036,2025-11-02,Business Travel,Bus,6.7,passenger-mile,Off-site Meeting,Illinois,Texas
3852,E1082,2025-11-02,Employee Commuting,Passenger Car,23.2,vehicle-mile,Commute,Washington,Washington
3138,E1064,2025-11-02,Employee Commuting,Passenger Car,6.3,vehicle-mile,Commute,New York,New York
749,E1087,2025-11-02,Business Travel,Light-Duty Truck,19.4,vehicle-mile,Client Meeting,Texas,Other
3659,E1001,2025-11-02,Employee Commuting,Passenger Car,28.3,vehicle-mile,Commute,Other,Other
4676,E1008,2025-11-02,Business Travel,"Air Travel - Medium Haul (>= 300 miles, < 2300 miles)",719.7,passenger-mile,Off-site Meeting,Washington,California
2467,E1015,2025-11-02,Employee Commuting,Passenger Car,34.1,vehicle-mile,Commute,Texas,Texas
3123,E1047,2025-11-02,Employee Commuting,"Transit Rail (i.e. Subway, Tram)",12.5,passenger-mile,Commute,California,California
1219,E1003,2025-11-03,Business Travel,"Air Travel - Medium Haul (>= 300 miles, < 2300 miles)",1316.0,passenger-mile,Off-site Meeting,Texas,California
1488,E1001,2025-11-03,Business Travel,Air Travel - Short Haul (< 300 miles),104.4,passenger-mile,Off-site Meeting,Other,New York
1805,E1067,2025-11-03,Employee Commuting,Commuter Rail,3.1,passenger-mile,Commute,Texas,Texas
2450,E1025,2025-11-03,Employee Commuting,Passenger Car,11.2,vehicle-mile,Commute,Other,Other
2044,E1058,2025-11-03,Business Travel,Commuter Rail,72.6,passenger-mile,Off-site Meeting,Illinois,California
3441,E1077,2025-11-03,Employee Commuting,Passenger Car,6.8,vehicle-mile,Commute,Other,Other
1821,E1005,2025-11-03,Business Travel,Air Travel - Short Haul (< 300 miles),110.2,passenger-mile,Site Visit,New York,Other
1322,E1093,2025-11-03,Business Travel,Intercity Rail - Other Routes,522.6,passenger-mile,Conference,California,Illinois
3180,E1033,2025-11-03,Business Travel,Intercity Rail - Other Routes,444.7,passenger-mile,Client Meeting,California,Massachusetts
4616,E1048,2025-11-03,Business Travel,Air Travel - Short Haul (< 300 miles),253.8,passenger-mile,Off-site Meeting,California,Colorado
3045,E1023,2025-11-03,Business Travel,Intercity Rail - Northeast Corridor,349.7,passenger-mile,Conference,California,Colorado
414,E1015,2025-11-03,Employee Commuting,Light-Duty Truck,26.9,vehicle-mile,Commute,Florida,Florida
1426,E1093,2025-11-03,Employee Commuting,Passenger Car,29.0,vehicle-mile,Commute,New York,New York
2178,E1052,2025-11-03,Business Travel,Intercity Rail - Northeast Corridor,210.3,passenger-mile,Off-site Meeting,Colorado,California
2413,E1001,2025-11-03,Employee Commuting,Bus,5.8,passenger-mile,Commute,California,California
1948,E1016,2025-11-03,Employee Commuting,Commuter Rail,10.6,passenger-mile,Commute,Florida,Florida
1784,E1074,2025-11-03,Employee Commuting,Light-Duty Truck,21.3,vehicle-mile,Commute,Texas,Texas
1473,E1059,2025-11-04,Business Travel,Commuter Rail,78.5,passenger-mile,Off-site Meeting,Texas,Other
4414,E1085,2025-11-04,Employee Commuting,Passenger Car,15.4,vehicle-mile,Commute,New York,New York
1868,E1074,2025-11-04,Employee Commuting,Passenger Car,37.6,vehicle-mile,Commute,Massachusetts,Massachusetts
2205,E1034,2025-11-04,Employee Commuting,Motorcycle,32.0,vehicle-mile,Commute,Texas,Texas
1174,E1001,2025-11-04,Business Travel,Intercity Rail - Other Routes,117.4,passenger-mile,Conference,Texas,Illinois
924,E1019,2025-11-04,Employee Commuting,Passenger Car,14.0,vehicle-mile,Commute,California,California
522,E1057,2025-11-04,Business Travel,Intercity Rail - Northeast Corridor,135.4,passenger-mile,Client Meeting,California,Washington
2088,E1013,2025-11-04,Employee Commuting,Bus,39.8,passenger-mile,Commute,California,California
1419,E1093,2025-11-04,Employee Commuting,Commuter Rail,7.2,passenger-mile,Commute,Other,Other
2488,E1016,2025-11-04,Employee Commuting,Passenger Car,12.5,vehicle-mile,Commute,California,California
3910,E1056,2025-11-04,Business Travel,Intercity Rail - Other Routes,330.5,passenger-mile,Off-site Meeting,California,Florida
1530,E1023,2025-11-04,Employee Commuting,Commuter Rail,4.1,passenger-mile,Commute,California,California
4550,E1025,2025-11-04,Business Travel,"Air Travel - Medium Haul (>= 300 miles, < 2300 miles)",1720.6,passenger-mile,Off-site Meeting,Colorado,Texas
4830,E1012,2025-11-04,Business Travel,"Air Travel - Medium Haul (>= 300 miles, < 2300 miles)",1646.1,passenger-mile,Conference,New York,California
309,E1032,2025-11-04,Employee Commuting,Passenger Car,19.8,vehicle-mile,Commute,New York,New York
2725,E1009,2025-11-05,Business Travel,Passenger Car,55.8,vehicle-mile,Conference,Illinois,Washington
1313,E1086,2025-11-05,Employee Commuting,Passenger Car,10.9,vehicle-mile,Commute,Colorado,Colorado
1149,E1082,2025-11-05,Employee Commuting,Light-Duty Truck,3.1,vehicle-mile,Commute,California,California
898,E1094,2025-11-05,Business Travel,Intercity Rail - Other Routes,166.9,passenger-mile,Client Meeting,New York,Texas
3959,E1097,2025-11-05,Employee Commuting,Passenger Car,11.6,vehicle-mile,Commute,Colorado,Colorado
144,E1036,2025-11-05,Business Travel,"Air Travel - Medium Haul (>= 300 miles, < 2300 miles)",641.1,passenger-mile,Off-site Meeting,California,Colorado
1482,E1045,2025-11-05,Employee Commuting,"Transit Rail (i.e. Subway, Tram)",39.8,passenger-mile,Commute,Georgia,Georgia
3217,E1005,2025-11-05,Employee Commuting,Passenger Car,34.8,vehicle-mile,Commute,New York,New York
3928,E1005,2025-11-05,Employee Commuting,Light-Duty Truck,23.5,vehicle-mile,Commute,California,California
132,E1023,2025-11-05,Employee Commuting,Passenger Car,17.5,vehicle-mile,Commute,Texas,Texas
672,E1045,2025-11-06,Employee Commuting,Passenger Car,32.9,vehicle-mile,Commute,Massachusetts,Massachusetts
3325,E1019,2025-11-06,Employee Commuting,Motorcycle,6.5,vehicle-mile,Commute,California,California
2308,E1087,2025-11-06,Business Travel,"Air Travel - Medium Haul (>= 300 miles, < 2300 miles)",302.8,passenger-mile,Site Visit,Colorado,Florida
1422,E1081,2025-11-06,Employee Commuting,Commuter Rail,14.6,passenger-mile,Commute,New York,New York
4285,E1082,2025-11-06,Business Travel,"Air Travel - Medium Haul (>= 300 miles, < 2300 miles)",1589.2,passenger-mile,Off-site Meeting,Texas,Other
3200,E1074,2025-11-06,Employee Commuting,Passenger Car,3.7,vehicle-mile,Commute,Illinois,Illinois
2736,E1018,2025-11-06,Employee Commuting,Passenger Car,23.4,vehicle-mile,Commute,Other,Other
260,E1013,2025-11-06,Employee Commuting,"Transit Rail (i.e. Subway, Tram)",7.4,passenger-mile,Commute,Illinois,Illinois
1764,E1016,2025-11-06,Business Travel,Air Travel - Short Haul (< 300 miles),262.9,passenger-mile,Off-site Meeting,Colorado,Colorado
4125,E1099,2025-11-06,Business Travel,Passenger Car,23.5,vehicle-mile,Conference,California,Massachusetts
2498,E1066,2025-11-06,Business Travel,"Air Travel - Medium Haul (>= 300 miles, < 2300 miles)",707.8,passenger-mile,Site Visit,California,Massachusetts
1591,E1060,2025-11-06,Employee Commuting,Passenger Car,5.6,vehicle-mile,Commute,California,California
1004,E1066,2025-11-06,Employee Commuting,Light-Duty Truck,12.8,vehicle-mile,Commute,Colorado,Colorado
2241,E1098,2025-11-06,Employee Commuting,Light-Duty Truck,33.4,vehicle-mile,Commute,Illinois,Illinois
726,E1014,2025-11-06,Employee Commuting,"Transit Rail (i.e. Subway, Tram)",37.2,passenger-mile,Commute,California,California
781,E1049,2025-11-06,Business Travel,"Air Travel - Medium Haul (>= 300 miles, < 2300 miles)",1122.9,passenger-mile,Site Visit,Other,Illinois
4276,E1073,2025-11-07,Business Travel,Intercity Rail - Other Routes,138.9,passenger-mile,Client Meeting,New York,New York
4517,E1086,2025-11-07,Business Travel,Intercity Rail - Northeast Corridor,287.1,passenger-mile,Client Meeting,Texas,Washington
3712,E1066,2025-11-07,Employee Commuting,Passenger Car,18.7,vehicle-mile,Commute,California,California
3043,E1061,2025-11-07,Employee Commuting,Passenger Car,21.7,vehicle-mile,Commute,California,California
1230,E1038,2025-11-07,Employee Commuting,"Transit Rail (i.e. Subway, Tram)",28.9,passenger-mile,Commute,Florida,Florida
1017,E1003,2025-11-07,Employee Commuting,Passenger Car,39.5,vehicle-mile,Commute,Washington,Washington
1849,E1003,2025-11-07,Employee Commuting,Passenger Car,10.8,vehicle-mile,Commute,Colorado,Colorado
417,E1040,2025-11-07,Employee Commuting,Passenger Car,19.6,vehicle-mile,Commute,Illinois,Illinois
1842,E1023,2025-11-07,Business Travel,"Air Travel - Medium Haul (>= 300 miles, < 2300 miles)",1069.3,passenger-mile,Conference,California,Massachusetts
2092,E1094,2025-11-07,Employee Commuting,Passenger Car,34.7,vehicle-mile,Commute,Florida,Florida
3531,E1088,2025-11-07,Employee Commuting,Passenger Car,28.7,vehicle-mile,Commute,New York,New York
3987,E1005,2025-11-07,Employee Commuting,"Transit Rail (i.e. Subway, Tram)",38.8,passenger-mile,Commute,California,California
1431,E1019,2025-11-07,Business Travel,"Air Travel - Medium Haul (>= 300 miles, < 2300 miles)",1503.8,passenger-mile,Site Visit,California,Massachusetts
4624,E1085,2025-11-07,Employee Commuting,Passenger Car,32.3,vehicle-mile,Commute,Texas,Texas
184,E1093,2025-11-07,Business Travel,Air Travel - Short Haul (< 300 miles),222.6,passenger-mile,Client Meeting,Colorado,Texas
3068,E1007,2025-11-08,Employee Commuting,Bus,16.6,passenger-mile,Commute,Texas,Texas
921,E1086,2025-11-08,Business Travel,Air Travel - Long Haul (>= 2300 miles),2451.3,passenger-mile,Site Visit,Colorado,Illinois
171,E1099,2025-11-08,Employee Commuting,Bus,8.0,passenger-mile,Commute,Other,Other
4619,E1017,2025-11-08,Employee Commuting,Passenger Car,19.4,vehicle-mile,Commute,Washington,Washington
3487,E1047,2025-11-08,Employee Commuting,Passenger Car,10.8,vehicle-mile,Commute,Massachusetts,Massachusetts
3568,E1061,2025-11-08,Employee Commuting,Light-Duty Truck,10.6,vehicle-mile,Commute,Illinois,Illinois
247,E1037,2025-11-08,Employee Commuting,Commuter Rail,29.1,passenger-mile,Commute,Texas,Texas
1614,E1054,2025-11-08,Employee Commuting,Light-Duty Truck,22.7,vehicle-mile,Commute,California,California
3643,E1052,2025-11-08,Employee Commuting,"Transit Rail (i.e. Subway, Tram)",16.0,passenger-mile,Commute,California,California
4870,E1086,2025-11-08,Employee Commuting,Passenger Car,8.8,vehicle-mile,Commute,Other,Other
83,E1039,2025-11-08,Employee Commuting,Bus,16.9,passenger-mile,Commute,Florida,Florida
1433,E1047,2025-11-08,Employee Commuting,Passenger Car,39.8,vehicle-mile,Commute,California,California
4599,E1096,2025-11-08,Employee Commuting,Commuter Rail,5.3,passenger-mile,Commute,Texas,Texas
4700,E1100,2025-11-08,Employee Commuting,Passenger Car,24.7,vehicle-mile,Commute,Illinois,Illinois
4257,E1049,2025-11-08,Business Travel,Bus,39.9,passenger-mile,Site Visit,New York,Other
2051,E1074,2025-11-08,Employee Commuting,Light-Duty Truck,38.1,vehicle-mile,Commute,California,California
1884,E1037,2025-11-08,Employee Commuting,Passenger Car,30.8,vehicle-mile,Commute,Texas,Texas
1951,E1006,2025-11-08,Employee Commuting,Passenger Car,36.3,vehicle-mile,Commute,New York,New York
1927,E1096,2025-11-09,Business Travel,Air Travel - Short Haul (< 300 miles),212.3,passenger-mile,Off-site Meeting,Florida,New York
2280,E1087,2025-11-09,Business Travel,Commuter Rail,42.0,passenger-mile,Conference,California,Texas
3220,E1088,2025-11-09,Employee Commuting,Passenger Car,6.9,vehicle-mile,Commute,California,California
1051,E1067,2025-11-09,Employee Commuting,"Transit Rail (i.e. Subway, Tram)",25.7,passenger-mile,Commute,Washington,Washington
1711,E1096,2025-11-09,Business Travel,Intercity Rail - Northeast Corridor,379.1,passenger-mile,Conference,Florida,Texas
1703,E1029,2025-11-09,Business Travel,Intercity Rail - Other Routes,776.3,passenger-mile,Client Meeting,New York,Massachusetts
4613,E1013,2025-11-09,Employee Commuting,Light-Duty Truck,17.7,vehicle-mile,Commute,Texas,Texas
3297,E1072,2025-11-09,Employee Commuting,"Transit Rail (i.e. Subway, Tram)",8.9,passenger-mile,Commute,Massachusetts,Massachusetts
2149,E1056,2025-11-09,Employee Commuting,Passenger Car,38.9,vehicle-mile,Commute,California,California
2493,E1078,2025-11-09,Employee Commuting,"Transit Rail (i.e. Subway, Tram)",37.3,passenger-mile,Commute,Washington,Washington
2999,E1054,2025-11-09,Employee Commuting,Light-Duty Truck,25.8,vehicle-mile,Commute,Massachusetts,Massachusetts
4094,E1064,2025-11-09,Employee Commuting,"Transit Rail (i.e. Subway, Tram)",39.9,passenger-mile,Commute,California,California
2907,E1020,2025-11-09,Business Travel,Passenger Car,35.8,vehicle-mile,Client Meeting,New York,Illinois
1366,E1004,2025-11-09,Business Travel,Intercity Rail - Northeast Corridor,424.7,passenger-mile,Site Visit,Washington,Illinois
4865,E1069,2025-11-09,Employee Commuting,Commuter Rail,34.9,passenger-mile,Commute,California,California
1650,E1049,2025-11-10,Employee Commuting,Bus,26.1,passenger-mile,Commute,Other,Other
3607,E1091,2025-11-10,Employee Commuting,Bus,29.4,passenger-mile,Commute,Florida,Florida
1848,E1038,2025-11-10,Employee Commuting,Passenger Car,14.5,vehicle-mile,Commute,Illinois,Illinois
1673,E1093,2025-11-10,Employee Commuting,Passenger Car,32.1,vehicle-mile,Commute,Washington,Washington
3442,E1029,2025-11-10,Business Travel,Intercity Rail - Other Routes,220.9,passenger-mile,Site Visit,New York,Texas
4386,E1004,2025-11-10,Employee Commuting,Passenger Car,26.6,vehicle-mile,Commute,California,California
2282,E1052,2025-11-10,Employee Commuting,Passenger Car,39.6,vehicle-mile,Commute,Other,Other
4270,E1036,2025-11-10,Employee Commuting,Passenger Car,32.1,vehicle-mile,Commute,California,California
2863,E1020,2025-11-10,Employee Commuting,"Transit Rail (i.e. Subway, Tram)",11.2,passenger-mile,Commute,California,California
1811,E1025,2025-11-10,Employee Commuting,Passenger Car,34.8,vehicle-mile,Commute,California,California
1507,E1074,2025-11-10,Employee Commuting,"Transit Rail (i.e. Subway, Tram)",39.7,passenger-mile,Commute,Georgia,Georgia
3,E1088,2025-11-10,Employee Commuting,Passenger Car,9.8,vehicle-mile,Commute,Massachusetts,Massachusetts
1039,E1045,2025-11-10,Employee Commuting,Passenger Car,39.9,vehicle-mile,Commute,Texas,Texas
3505,E1036,2025-11-10,Employee Commuting,Passenger Car,19.4,vehicle-mile,Commute,California,California
2574,E1018,2025-11-10,Employee Commuting,Light-Duty Truck,6.0,vehicle-mile,Commute,Georgia,Georgia
1068,E1014,2025-11-11,Employee Commuting,"Transit Rail (i.e. Subway, Tram)",18.9,passenger-mile,Commute,Colorado,Colorado
427,E1046,2025-11-11,Employee Commuting,Passenger Car,3.9,vehicle-mile,Commute,California,California
1553,E1076,2025-11-11,Employee Commuting,Bus,7.2,passenger-mile,Commute,Colorado,Colorado
2822,E1019,2025-11-11,Employee Commuting,"Transit Rail (i.e. Subway, Tram)",16.0,passenger-mile,Commute,California,California
3295,E1099,2025-11-11,Business Travel,"Air Travel - Medium Haul (>= 300 miles, < 2300 miles)",364.1,passenger-mile,Client Meeting,Georgia,California
4221,E1067,2025-11-11,Employee Commuting,Passenger Car,23.7,vehicle-mile,Commute,Texas,Texas
1576,E1079,2025-11-11,Employee Commuting,Passenger Car,24.4,vehicle-mile,Commute,Washington,Washington
635,E1072,2025-11-11,Business Travel,Intercity Rail - Other Routes,357.2,passenger-mile,Conference,Texas,California
117,E1083,2025-11-11,Employee Commuting,"Transit Rail (i.e. Subway, Tram)",25.5,passenger-mile,Commute,Texas,Texas
2043,E1029,2025-11-12,Business Travel,"Transit Rail (i.e. Subway, Tram)",44.3,passenger-mile,Off-site Meeting,Other,Colorado
3066,E1074,2025-11-12,Employee Commuting,Bus,14.0,passenger-mile,Commute,Other,Other
1160,E1088,2025-11-12,Employee Commuting,Passenger Car,23.0,vehicle-mile,Commute,California,California
3196,E1001,2025-11-12,Employee Commuting,Passenger Car,7.7,vehicle-mile,Commute,California,California
292,E1052,2025-11-12,Business Travel,"Air Travel - Medium Haul (>= 300 miles, < 2300 miles)",1679.1,passenger-mile,Conference,California,Florida
1893,E1075,2025-11-12,Employee Commuting,Motorcycle,12.3,vehicle-mile,Commute,Colorado,Colorado
282,E1008,2025-11-12,Employee Commuting,Light-Duty Truck,19.4,vehicle-mile,Commute,Texas,Texas
4787,E1091,2025-11-12,Employee Commuting,Passenger Car,36.1,vehicle-mile,Commute,Florida,Florida
1346,E1015,2025-11-12,Employee Commuting,Commuter Rail,30.6,passenger-mile,Commute,New York,New York
2576,E1001,2025-11-12,Employee Commuting,Bus,14.3,passenger-mile,Commute,California,California
261,E1071,2025-11-12,Employee Commuting,Passenger Car,17.7,vehicle-mile,Commute,California,California
4049,E1075,2025-11-12,Business Travel,Air Travel - Short Haul (< 300 miles),178.8,passenger-mile,Off-site Meeting,Massachusetts,Massachusetts
3780,E1041,2025-11-12,Business Travel,Air Travel - Short Haul (< 300 miles),152.6,passenger-mile,Client Meeting,Colorado,Georgia
1847,E1029,2025-11-12,Employee Commuting,Passenger Car,6.3,vehicle-mile,Commute,Washington,Washington
42,E1021,2025-11-13,Employee Commuting,Passenger Car,10.2,vehicle-mile,Commute,New York,New York
1189,E1020,2025-11-13,Business Travel,"Air Travel - Medium Haul (>= 300 miles, < 2300 miles)",1146.4,passenger-mile,Site Visit,Georgia,Illinois
1188,E1039,2025-11-13,Employee Commuting,Passenger Car,14.7,vehicle-mile,Commute,Texas,Texas
2565,E1080,2025-11-13,Business Travel,Commuter Rail,22.7,passenger-mile,Off-site Meeting,New York,New York
3350,E1032,2025-11-13,Employee Commuting,Passenger Car,37.0,vehicle-mile,Commute,Other,Other
1338,E1010,2025-11-13,Employee Commuting,Passenger Car,12.7,vehicle-mile,Commute,Texas,Texas
4774,E1059,2025-11-13,Business Travel,"Air Travel - Medium Haul (>= 300 miles, < 2300 miles)",1780.4,passenger-mile,Client Meeting,Colorado,Other
3141,E1041,2025-11-14,Employee Commuting,Passenger Car,5.0,vehicle-mile,Commute,New York,New York
614,E1090,2025-11-14,Employee Commuting,"Transit Rail (i.e. Subway, Tram)",35.7,passenger-mile,Commute,California,California
1381,E1077,2025-11-14,Employee Commuting,Passenger Car,14.7,vehicle-mile,Commute,Illinois,Illinois
3288,E1062,2025-11-14,Business Travel,"Air Travel - Medium Haul (>= 300 miles, < 2300 miles)",731.8,passenger-mile,Conference,Florida,Georgia
2079,E1079,2025-11-14,Employee Commuting,Light-Duty Truck,32.3,vehicle-mile,Commute,Illinois,Illinois
532,E1005,2025-11-14,Employee Commuting,Passenger Car,32.0,vehicle-mile,Commute,Florida,Florida
186,E1099,2025-11-14,Employee Commuting,Passenger Car,6.3,vehicle-mile,Commute,California,California
4819,E1058,2025-11-14,Employee Commuting,Motorcycle,29.5,vehicle-mile,Commute,New York,New York
2006,E1064,2025-11-14,Employee Commuting,Passenger Car,19.4,vehicle-mile,Commute,California,California
806,E1064,2025-11-14,Employee Commuting,Passenger Car,22.4,vehicle-mile,Commute,Washington,Washington
3490,E1017,2025-11-15,Employee Commuting,"Transit Rail (i.e. Subway, Tram)",4.7,passenger-mile,Commute,California,California
3562,E1053,2025-11-15,Business Travel,"Air Travel - Medium Haul (>= 300 miles, < 2300 miles)",1375.9,passenger-mile,Off-site Meeting,Other,Massachusetts
3092,E1018,2025-11-15,Employee Commuting,Commuter Rail,19.8,passenger-mile,Commute,Illinois,Illinois
1155,E1077,2025-11-15,Employee Commuting,Passenger Car,17.2,vehicle-mile,Commute,Illinois,Illinois
1551,E1026,2025-11-15,Employee Commuting,Passenger Car,28.7,vehicle-mile,Commute,Massachusetts,Massachusetts
207,E1035,2025-11-15,Employee Commuting,Passenger Car,19.0,vehicle-mile,Commute,California,California
3825,E1022,2025-11-15,Employee Commuting,Light-Duty Truck,12.4,vehicle-mile,Commute,Colorado,Colorado
3600,E1095,2025-11-15,Business Travel,Air Travel - Short Haul (< 300 miles),134.1,passenger-mile,Site Visit,Other,Georgia
2571,E1022,2025-11-15,Business Travel,"Air Travel - Medium Haul (>= 300 miles, < 2300 miles)",1317.1,passenger-mile,Conference,California,Washington
3113,E1066,2025-11-15,Employee Commuting,Passenger Car,34.0,vehicle-mile,Commute,Georgia,Georgia
3416,E1077,2025-11-15,Employee Commuting,Light-Duty Truck,38.8,vehicle-mile,Commute,California,California
4998,E1063,2025-11-15,Business Travel,"Air Travel - Medium Haul (>= 300 miles, < 2300 miles)",920.2,passenger-mile,Off-site Meeting,California,Florida
3456,E1004,2025-11-15,Business Travel,Air Travel - Long Haul (>= 2300 miles),2748.2,passenger-mile,Conference,California,Massachusetts
3679,E1090,2025-11-15,Employee Commuting,Commuter Rail,8.7,passenger-mile,Commute,Georgia,Georgia
2090,E1048,2025-11-15,Employee Commuting,Passenger Car,4.8,vehicle-mile,Commute,Washington,Washington
3986,E1010,2025-11-15,Business Travel,"Air Travel - Medium Haul (>= 300 miles, < 2300 miles)",1217.5,passenger-mile,Client Meeting,Other,Illinois
802,E1052,2025-11-16,Employee Commuting,Bus,26.0,passenger-mile,Commute,New York,New York
4762,E1002,2025-11-16,Employee Commuting,Passenger Car,32.7,vehicle-mile,Commute,California,California
2349,E1034,2025-11-16,Business Travel,Bus,39.3,passenger-mile,Site Visit,California,Washington
2131,E1082,2025-11-16,Employee Commuting,Passenger Car,8.8,vehicle-mile,Commute,Florida,Florida
3495,E1002,2025-11-16,Employee Commuting,Passenger Car,9.5,vehicle-mile,Commute,New York,New York
1588,E1047,2025-11-16,Business Travel,Intercity Rail - Other Routes,396.0,passenger-mile,Client Meeting,Texas,Florida
1757,E1076,2025-11-16,Employee Commuting,Passenger Car,39.4,vehicle-mile,Commute,Colorado,Colorado
855,E1056,2025-11-16,Employee Commuting,Commuter Rail,29.4,passenger-mile,Commute,Washington,Washington
2219,E1061,2025-11-16,Employee Commuting,Motorcycle,6.2,vehicle-mile,Commute,California,California
4557,E1092,2025-11-16,Employee Commuting,Passenger Car,26.2,vehicle-mile,Commute,Other,Other
2652,E1045,2025-11-16,Employee Commuting,"Transit Rail (i.e. Subway, Tram)",35.7,passenger-mile,Commute,California,California
4467,E1063,2025-11-16,Employee Commuting,Passenger Car,28.2,vehicle-mile,Commute,Texas,Texas
2104,E1064,2025-11-16,Employee Commuting,Passenger Car,38.8,vehicle-mile,Commute,Colorado,Colorado
128,E1034,2025-11-16,Employee Commuting,Commuter Rail,24.3,passenger-mile,Commute,California,California
748,E1051,2025-11-16,Employee Commuting,Light-Duty Truck,19.9,vehicle-mile,Commute,California,California
2605,E1098,2025-11-16,Business Travel,Intercity Rail - National Average,515.7,passenger-mile,Off-site Meeting,Colorado,Georgia
4812,E1030,2025-11-17,Business Travel,"Transit Rail (i.e. Subway, Tram)",75.2,passenger-mile,Off-site Meeting,New York,Illinois
496,E1008,2025-11-17,Employee Commuting,Commuter Rail,12.2,passenger-mile,Commute,California,California
2560,E1011,2025-11-17,Business Travel,Air Travel - Short Haul (< 300 miles),230.9,passenger-mile,Off-site Meeting,Other,Washington
3994,E1090,2025-11-17,Employee Commuting,Bus,28.4,passenger-mile,Commute,California,California
296,E1025,2025-11-17,Employee Commuting,Passenger Car,25.4,vehicle-mile,Commute,Washington,Washington
1724,E1079,2025-11-17,Employee Commuting,Commuter Rail,7.3,passenger-mile,Commute,Other,Other
2075,E1018,2025-11-17,Employee Commuting,Passenger Car,24.8,vehicle-mile,Commute,Other,Other
4562,E1032,2025-11-17,Employee Commuting,Light-Duty Truck,17.9,vehicle-mile,Commute,California,California
4114,E1008,2025-11-17,Employee Commuting,Passenger Car,37.9,vehicle-mile,Commute,Massachusetts,Massachusetts
3280,E1013,2025-11-17,Employee Commuting,"Transit Rail (i.e. Subway, Tram)",30.3,passenger-mile,Commute,Florida,Florida
1791,E1008,2025-11-17,Employee Commuting,Motorcycle,32.2,vehicle-mile,Commute,California,California
3069,E1010,2025-11-18,Business Travel,Air Travel - Short Haul (< 300 miles),104.3,passenger-mile,Off-site Meeting,California,New York
2071,E1023,2025-11-18,Employee Commuting,Passenger Car,11.9,vehicle-mile,Commute,Other,Other
50,E1020,2025-11-18,Business Travel,"Air Travel - Medium Haul (>= 300 miles, < 2300 miles)",1629.9,passenger-mile,Site Visit,Washington,Texas
2147,E1093,2025-11-18,Employee Commuting,Light-Duty Truck,22.6,vehicle-mile,Commute,California,California
2477,E1022,2025-11-18,Employee Commuting,Passenger Car,39.5,vehicle-mile,Commute,California,California
2234,E1075,2025-11-18,Employee Commuting,Motorcycle,38.7,vehicle-mile,Commute,Texas,Texas
120,E1003,2025-11-18,Employee Commuting,Bus,7.1,passenger-mile,Commute,New York,New York
4947,E1087,2025-11-18,Employee Commuting,Passenger Car,33.9,vehicle-mile,Commute,Texas,Texas
953,E1051,2025-11-18,Employee Commuting,Passenger Car,25.9,vehicle-mile,Commute,California,California
1290,E1022,2025-11-18,Employee Commuting,Passenger Car,27.2,vehicle-mile,Commute,Colorado,Colorado
2573,E1074,2025-11-18,Employee Commuting,"Transit Rail (i.e. Subway, Tram)",34.8,passenger-mile,Commute,California,California
4459,E1079,2025-11-18,Employee Commuting,Passenger Car,28.0,vehicle-mile,Commute,Washington,Washington
2444,E1031,2025-11-18,Business Travel,"Air Travel - Medium Haul (>= 300 miles, < 2300 miles)",1275.5,passenger-mile,Conference,California,Georgia
1686,E1019,2025-11-18,Business Travel,Passenger Car,95.9,vehicle-mile,Client Meeting,Washington,Colorado
135,E1038,2025-11-18,Business Travel,"Air Travel - Medium Haul (>= 300 miles, < 2300 miles)",350.3,passenger-mile,Client Meeting,Florida,Florida
291,E1066,2025-11-19,Employee Commuting,Passenger Car,21.9,vehicle-mile,Commute,Texas,Texas
582,E1045,2025-11-19,Employee Commuting,Bus,4.6,passenger-mile,Commute,Other,Other
3847,E1032,2025-11-19,Employee Commuting,Passenger Car,36.4,vehicle-mile,Commute,Colorado,Colorado
3609,E1059,2025-11-19,Employee Commuting,Passenger Car,25.5,vehicle-mile,Commute,California,California
3855,E1026,2025-11-19,Employee Commuting,Passenger Car,26.1,vehicle-mile,Commute,California,California
3249,E1040,2025-11-19,Employee Commuting,Passenger Car,28.2,vehicle-mile,Commute,California,California
686,E1073,2025-11-19,Employee Commuting,Passenger Car,4.5,vehicle-mile,Commute,California,California
3511,E1051,2025-11-19,Employee Commuting,Passenger Car,4.2,vehicle-mile,Commute,Colorado,Colorado
2461,E1038,2025-11-19,Employee Commuting,Light-Duty Truck,3.6,vehicle-mile,Commute,Washington,Washington
196,E1089,2025-11-19,Employee Commuting,Passenger Car,35.5,vehicle-mile,Commute,Washington,Washington
775,E1009,2025-11-19,Employee Commuting,Passenger Car,9.6,vehicle-mile,Commute,Texas,Texas
2618,E1088,2025-11-20,Employee Commuting,Passenger Car,12.2,vehicle-mile,Commute,Washington,Washington
910,E1077,2025-11-20,Employee Commuting,"Transit Rail (i.e. Subway, Tram)",6.7,passenger-mile,Commute,Texas,Texas
2930,E1032,2025-11-20,Business Travel,"Air Travel - Medium Haul (>= 300 miles, < 2300 miles)",892.6,passenger-mile,Site Visit,New York,California
509,E1093,2025-11-20,Employee Commuting,Light-Duty Truck,4.2,vehicle-mile,Commute,California,California
4086,E1035,2025-11-20,Employee Commuting,Passenger Car,8.9,vehicle-mile,Commute,Colorado,Colorado
3084,E1040,2025-11-20,Business Travel,"Air Travel - Medium Haul (>= 300 miles, < 2300 miles)",1589.3,passenger-mile,Client Meeting,Colorado,Massachusetts
4702,E1017,2025-11-20,Employee Commuting,Passenger Car,11.2,vehicle-mile,Commute,California,California
258,E1073,2025-11-20,Business Travel,"Air Travel - Medium Haul (>= 300 miles, < 2300 miles)",1150.5,passenger-mile,Client Meeting,Massachusetts,Georgia
503,E1017,2025-11-20,Employee Commuting,Light-Duty Truck,16.3,vehicle-mile,Commute,Illinois,Illinois
137,E1088,2025-11-20,Employee Commuting,Passenger Car,21.0,vehicle-mile,Commute,Washington,Washington
443,E1045,2025-11-21,Business Travel,"Air Travel - Medium Haul (>= 300 miles, < 2300 miles)",767.8,passenger-mile,Off-site Meeting,Texas,New York
4332,E1012,2025-11-21,Business Travel,"Air Travel - Medium Haul (>= 300 miles, < 2300 miles)",879.7,passenger-mile,Conference,California,Colorado
2654,E1067,2025-11-21,Employee Commuting,Bus,18.5,passenger-mile,Commute,Texas,Texas
425,E1056,2025-11-21,Employee Commuting,Motorcycle,8.2,vehicle-mile,Commute,Other,Other
826,E1080,2025-11-21,Business Travel,Air Travel - Short Haul (< 300 miles),248.5,passenger-mile,Conference,California,California
2063,E1035,2025-11-21,Employee Commuting,Passenger Car,3.8,vehicle-mile,Commute,California,California
1657,E1068,2025-11-21,Employee Commuting,Commuter Rail,29.7,passenger-mile,Commute,Texas,Texas
2518,E1047,2025-11-21,Employee Commuting,Passenger Car,18.8,vehicle-mile,Commute,California,California
1234,E1089,2025-11-21,Business Travel,"Air Travel - Medium Haul (>= 300 miles, < 2300 miles)",1030.6,passenger-mile,Client Meeting,Colorado,Massachusetts
1801,E1058,2025-11-21,Business Travel,"Air Travel - Medium Haul (>= 300 miles, < 2300 miles)",1787.1,passenger-mile,Client Meeting,Texas,Massachusetts
1731,E1088,2025-11-21,Employee Commuting,Light-Duty Truck,16.5,vehicle-mile,Commute,New York,New York
908,E1012,2025-11-21,Employee Commuting,Passenger Car,21.7,vehicle-mile,Commute,Texas,Texas
61,E1100,2025-11-21,Employee Commuting,Passenger Car,25.8,vehicle-mile,Commute,California,California
1182,E1028,2025-11-21,Business Travel,"Air Travel - Medium Haul (>= 300 miles, < 2300 miles)",1318.8,passenger-mile,Conference,Washington,New York
2698,E1057,2025-11-21,Business Travel,"Air Travel - Medium Haul (>= 300 miles, < 2300 miles)",1592.5,passenger-mile,Client Meeting,Washington,Florida
2543,E1037,2025-11-21,Business Travel,"Air Travel - Medium Haul (>= 300 miles, < 2300 miles)",666.7,passenger-mile,Site Visit,California,Georgia
2696,E1042,2025-11-22,Employee Commuting,"Transit Rail (i.e. Subway, Tram)",17.1,passenger-mile,Commute,New York,New York
3434,E1056,2025-11-22,Employee Commuting,Commuter Rail,13.7,passenger-mile,Commute,Massachusetts,Massachusetts
107,E1019,2025-11-22,Employee Commuting,Passenger Car,4.2,vehicle-mile,Commute,Illinois,Illinois
1925,E1040,2025-11-22,Employee Commuting,Light-Duty Truck,12.4,vehicle-mile,Commute,Georgia,Georgia
2916,E1019,2025-11-22,Employee Commuting,Passenger Car,4.7,vehicle-mile,Commute,Colorado,Colorado
2577,E1100,2025-11-23,Employee Commuting,"Transit Rail (i.e. Subway, Tram)",10.1,passenger-mile,Commute,Other,Other
3117,E1028,2025-11-23,Employee Commuting,Passenger Car,36.4,vehicle-mile,Commute,Colorado,Colorado
3689,E1049,2025-11-23,Business Travel,"Air Travel - Medium Haul (>= 300 miles, < 2300 miles)",894.1,passenger-mile,Client Meeting,California,Colorado
12,E1060,2025-11-23,Employee Commuting,"Transit Rail (i.e. Subway, Tram)",5.8,passenger-mile,Commute,New York,New York
1138,E1024,2025-11-23,Employee Commuting,Passenger Car,38.6,vehicle-mile,Commute,Texas,Texas
769,E1077,2025-11-23,Employee Commuting,Passenger Car,7.2,vehicle-mile,Commute,Other,Other
1265,E1038,2025-11-23,Employee Commuting,Passenger Car,6.7,vehicle-mile,Commute,Illinois,Illinois
507,E1076,2025-11-23,Employee Commuting,Passenger Car,36.1,vehicle-mile,Commute,Florida,Florida
3551,E1045,2025-11-23,Employee Commuting,Passenger Car,9.6,vehicle-mile,Commute,Other,Other
1249,E1094,2025-11-23,Employee Commuting,Passenger Car,9.4,vehicle-mile,Commute,Florida,Florida
3151,E1058,2025-11-24,Employee Commuting,Light-Duty Truck,7.8,vehicle-mile,Commute,Florida,Florida
198,E1025,2025-11-24,Employee Commuting,Passenger Car,16.8,vehicle-mile,Commute,New York,New York
4013,E1048,2025-11-24,Business Travel,"Air Travel - Medium Haul (>= 300 miles, < 2300 miles)",1362.2,passenger-mile,Site Visit,California,Other
2032,E1052,2025-11-24,Business Travel,Air Travel - Short Haul (< 300 miles),194.1,passenger-mile,Site Visit,California,Florida
155,E1008,2025-11-24,Employee Commuting,Passenger Car,27.9,vehicle-mile,Commute,California,California
4132,E1067,2025-11-24,Employee Commuting,"Transit Rail (i.e. Subway, Tram)",6.0,passenger-mile,Commute,California,California
530,E1007,2025-11-24,Business Travel,"Air Travel - Medium Haul (>= 300 miles, < 2300 miles)",1659.1,passenger-mile,Off-site Meeting,California,Texas
2537,E1066,2025-11-24,Employee Commuting,Passenger Car,40.0,vehicle-mile,Commute,Washington,Washington
3717,E1048,2025-11-24,Employee Commuting,Bus,34.9,passenger-mile,Commute,Washington,Washington
529,E1068,2025-11-24,Employee Commuting,"Transit Rail (i.e. Subway, Tram)",21.6,passenger-mile,Commute,Washington,Washington
442,E1092,2025-11-24,Business Travel,"Air Travel - Medium Haul (>= 300 miles, < 2300 miles)",1014.7,passenger-mile,Client Meeting,Illinois,Georgia
2583,E1005,2025-11-24,Employee Commuting,Passenger Car,12.3,vehicle-mile,Commute,Washington,Washington
2564,E1060,2025-11-24,Employee Commuting,Passenger Car,39.1,vehicle-mile,Commute,California,California
4429,E1021,2025-11-24,Business Travel,"Air Travel - Medium Haul (>= 300 miles, < 2300 miles)",613.6,passenger-mile,Site Visit,Texas,Other
4392,E1100,2025-11-24,Employee Commuting,Passenger Car,10.6,vehicle-mile,Commute,Other,Other
4685,E1003,2025-11-25,Business Travel,Passenger Car,80.0,vehicle-mile,Site Visit,New York,Georgia
2341,E1093,2025-11-25,Business Travel,Intercity Rail - National Average,314.3,passenger-mile,Conference,Florida,Texas
3236,E1024,2025-11-25,Business Travel,"Air Travel - Medium Haul (>= 300 miles, < 2300 miles)",861.2,passenger-mile,Client Meeting,California,California
2367,E1067,2025-11-25,Business Travel,Air Travel - Short Haul (< 300 miles),148.0,passenger-mile,Conference,Illinois,New York
2303,E1023,2025-11-25,Employee Commuting,Passenger Car,5.5,vehicle-mile,Commute,California,California
4950,E1052,2025-11-25,Employee Commuting,Motorcycle,26.7,vehicle-mile,Commute,Washington,Washington
796,E1039,2025-11-25,Business Travel,"Air Travel - Medium Haul (>= 300 miles, < 2300 miles)",724.9,passenger-mile,Conference,Florida,Washington
1317,E1087,2025-11-25,Employee Commuting,Passenger Car,30.7,vehicle-mile,Commute,New York,New York
3391,E1067,2025-11-25,Employee Commuting,Bus,3.5,passenger-mile,Commute,California,California
4771,E1014,2025-11-25,Business Travel,Air Travel - Short Haul (< 300 miles),178.7,passenger-mile,Off-site Meeting,Georgia,Georgia
2884,E1041,2025-11-25,Business Travel,Air Travel - Short Haul (< 300 miles),242.2,passenger-mile,Site Visit,Florida,Washington
2855,E1017,2025-11-25,Employee Commuting,Passenger Car,14.8,vehicle-mile,Commute,Colorado,Colorado
3900,E1080,2025-11-25,Employee Commuting,Commuter Rail,23.5,passenger-mile,Commute,Illinois,Illinois
1462,E1047,2025-11-25,Business Travel,Passenger Car,83.9,vehicle-mile,Client Meeting,Florida,Washington
3596,E1071,2025-11-26,Employee Commuting,Light-Duty Truck,13.7,vehicle-mile,Commute,Texas,Texas
1031,E1046,2025-11-26,Employee Commuting,Light-Duty Truck,29.6,vehicle-mile,Commute,Georgia,Georgia
1157,E1049,2025-11-26,Business Travel,Intercity Rail - Northeast Corridor,259.3,passenger-mile,Client Meeting,New York,Other
1449,E1078,2025-11-26,Employee Commuting,"Transit Rail (i.e. Subway, Tram)",27.0,passenger-mile,Commute,New York,New York
4000,E1085,2025-11-26,Employee Commuting,Passenger Car,23.9,vehicle-mile,Commute,Washington,Washington
2508,E1023,2025-11-26,Employee Commuting,Passenger Car,31.9,vehicle-mile,Commute,California,California
1910,E1030,2025-11-26,Business Travel,Air Travel - Short Haul (< 300 miles),130.4,passenger-mile,Site Visit,Colorado,California
3549,E1083,2025-11-26,Employee Commuting,Passenger Car,34.0,vehicle-mile,Commute,California,California
1922,E1094,2025-11-26,Employee Commuting,Light-Duty Truck,27.3,vehicle-mile,Commute,California,California
1244,E1047,2025-11-26,Business Travel,Passenger Car,99.8,vehicle-mile,Client Meeting,California,Illinois
2773,E1008,2025-11-26,Business Travel,Light-Duty Truck,66.6,vehicle-mile,Client Meeting,Texas,California
4028,E1063,2025-11-26,Employee Commuting,Passenger Car,34.1,vehicle-mile,Commute,Other,Other
1019,E1002,2025-11-26,Employee Commuting,Passenger Car,5.3,vehicle-mile,Commute,California,California
3009,E1052,2025-11-27,Employee Commuting,Light-Duty Truck,8.5,vehicle-mile,Commute,Illinois,Illinois
4716,E1016,2025-11-27,Business Travel,"Air Travel - Medium Haul (>= 300 miles, < 2300 miles)",1347.8,passenger-mile,Client Meeting,California,Florida
3632,E1038,2025-11-27,Employee Commuting,Passenger Car,16.0,vehicle-mile,Commute,Other,Other
583,E1083,2025-11-27,Business Travel,"Air Travel - Medium Haul (>= 300 miles, < 2300 miles)",854.4,passenger-mile,Off-site Meeting,California,Washington
483,E1090,2025-11-27,Employee Commuting,Passenger Car,27.1,vehicle-mile,Commute,Other,Other
1,E1052,2025-11-27,Business Travel,"Air Travel - Medium Haul (>= 300 miles, < 2300 miles)",968.7,passenger-mile,Off-site Meeting,Other,Illinois
2550,E1013,2025-11-27,Business Travel,"Air Travel - Medium Haul (>= 300 miles, < 2300 miles)",1773.7,passenger-mile,Client Meeting,Texas,California
1128,E1022,2025-11-27,Business Travel,Passenger Car,18.7,vehicle-mile,Off-site Meeting,California,Texas
1354,E1048,2025-11-27,Business Travel,Air Travel - Short Haul (< 300 miles),205.0,passenger-mile,Site Visit,Texas,Washington
1918,E1036,2025-11-27,Employee Commuting,Light-Duty Truck,14.5,vehicle-mile,Commute,California,California
1207,E1047,2025-11-27,Employee Commuting,Passenger Car,8.5,vehicle-mile,Commute,Other,Other
2013,E1028,2025-11-27,Business Travel,"Air Travel - Medium Haul (>= 300 miles, < 2300 miles)",694.6,passenger-mile,Site Visit,California,Colorado
4376,E1019,2025-11-27,Business Travel,Intercity Rail - Northeast Corridor,222.9,passenger-mile,Site Visit,California,Colorado
4984,E1092,2025-11-28,Business Travel,"Air Travel - Medium Haul (>= 300 miles, < 2300 miles)",454.1,passenger-mile,Client Meeting,Colorado,Massachusetts
3723,E1094,2025-11-28,Business Travel,Intercity Rail - National Average,277.0,passenger-mile,Site Visit,Georgia,Massachusetts
4201,E1097,2025-11-28,Employee Commuting,Light-Duty Truck,15.7,vehicle-mile,Commute,Texas,Texas
1545,E1032,2025-11-28,Employee Commuting,Passenger Car,15.7,vehicle-mile,Commute,California,California
4686,E1068,2025-11-28,Employee Commuting,Passenger Car,36.1,vehicle-mile,Commute,California,California
1671,E1082,2025-11-28,Employee Commuting,Passenger Car,19.7,vehicle-mile,Commute,California,California
2920,E1011,2025-11-28,Employee Commuting,"Transit Rail (i.e. Subway, Tram)",18.7,passenger-mile,Commute,Other,Other
2871,E1074,2025-11-28,Employee Commuting,Commuter Rail,3.4,passenger-mile,Commute,California,California
3255,E1079,2025-11-28,Employee Commuting,Passenger Car,15.2,vehicle-mile,Commute,California,California
2382,E1051,2025-11-28,Employee Commuting,Light-Duty Truck,27.3,vehicle-mile,Commute,Washington,Washington
629,E1020,2025-11-28,Employee Commuting,Passenger Car,27.3,vehicle-mile,Commute,California,California
1906,E1056,2025-11-28,Employee Commuting,Light-Duty Truck,24.7,vehicle-mile,Commute,Texas,Texas
2892,E1028,2025-11-28,Employee Commuting,Passenger Car,20.8,vehicle-mile,Commute,Colorado,Colorado
4960,E1003,2025-11-28,Employee Commuting,Bus,25.3,passenger-mile,Commute,California,California
2567,E1032,2025-11-28,Employee Commuting,Light-Duty Truck,14.7,vehicle-mile,Commute,California,California
3218,E1050,2025-11-28,Business Travel,"Air Travel - Medium Haul (>= 300 miles, < 2300 miles)",1275.3,passenger-mile,Site Visit,California,Colorado
1367,E1087,2025-11-29,Employee Commuting,Passenger Car,39.5,vehicle-mile,Commute,California,California
491,E1008,2025-11-29,Employee Commuting,"Transit Rail (i.e. Subway, Tram)",39.3,passenger-mile,Commute,California,California
2057,E1021,2025-11-29,Employee Commuting,"Transit Rail (i.e. Subway, Tram)",33.8,passenger-mile,Commute,Illinois,Illinois
2597,E1031,2025-11-29,Business Travel,Air Travel - Long Haul (>= 2300 miles),3546.9,passenger-mile,Site Visit,Other,Massachusetts
4375,E1017,2025-11-29,Business Travel,"Transit Rail (i.e. Subway, Tram)",41.1,passenger-mile,Site Visit,Illinois,Other
1552,E1072,2025-11-29,Employee Commuting,Passenger Car,36.9,vehicle-mile,Commute,New York,New York
1308,E1061,2025-11-29,Business Travel,"Air Travel - Medium Haul (>= 300 miles, < 2300 miles)",1670.7,passenger-mile,Client Meeting,California,California
1890,E1099,2025-11-29,Employee Commuting,Passenger Car,30.7,vehicle-mile,Commute,California,California
923,E1023,2025-11-29,Employee Commuting,Passenger Car,20.4,vehicle-mile,Commute,Other,Other
4518,E1099,2025-11-29,Employee Commuting,Passenger Car,34.5,vehicle-mile,Commute,Georgia,Georgia
1546,E1056,2025-11-29,Employee Commuting,Bus,4.5,passenger-mile,Commute,Florida,Florida
4604,E1018,2025-11-29,Employee Commuting,Bus,15.7,passenger-mile,Commute,California,California
581,E1057,2025-11-29,Business Travel,Air Travel - Short Haul (< 300 miles),114.7,passenger-mile,Client Meeting,Florida,Texas
1728,E1090,2025-11-29,Employee Commuting,Passenger Car,10.3,vehicle-mile,Commute,Colorado,Colorado
1531,E1036,2025-11-30,Employee Commuting,Passenger Car,25.6,vehicle-mile,Commute,California,California
248,E1028,2025-11-30,Employee Commuting,Passenger Car,4.3,vehicle-mile,Commute,Massachusetts,Massachusetts
4851,E1029,2025-11-30,Employee Commuting,Passenger Car,23.2,vehicle-mile,Commute,Florida,Florida
3074,E1045,2025-11-30,Employee Commuting,Bus,5.8,passenger-mile,Commute,California,California
4884,E1052,2025-11-30,Employee Commuting,"Transit Rail (i.e. Subway, Tram)",18.1,passenger-mile,Commute,California,California
746,E1057,2025-11-30,Employee Commuting,Passenger Car,21.7,vehicle-mile,Commute,Texas,Texas
4295,E1097,2025-11-30,Employee Commuting,"Transit Rail (i.e. Subway, Tram)",20.2,passenger-mile,Commute,Other,Other
3814,E1093,2025-11-30,Employee Commuting,Motorcycle,17.7,vehicle-mile,Commute,Washington,Washington
4080,E1097,2025-11-30,Employee Commuting,Passenger Car,26.6,vehicle-mile,Commute,California,California
2197,E1050,2025-11-30,Employee Commuting,"Transit Rail (i.e. Subway, Tram)",15.6,passenger-mile,Commute,Georgia,Georgia
1332,E1018,2025-11-30,Business Travel,"Air Travel - Medium Haul (>= 300 miles, < 2300 miles)",804.7,passenger-mile,Off-site Meeting,Massachusetts,Illinois
1716,E1060,2025-11-30,Employee Commuting,Passenger Car,37.4,vehicle-mile,Commute,Other,Other
4342,E1048,2025-11-30,Business Travel,Air Travel - Short Haul (< 300 miles),246.0,passenger-mile,Off-site Meeting,Colorado,Georgia
388,E1014,2025-11-30,Employee Commuting,Passenger Car,39.1,vehicle-mile,Commute,Massachusetts,Massachusetts
2958,E1002,2025-12-01,Employee Commuting,"Transit Rail (i.e. Subway, Tram)",5.6,passenger-mile,Commute,Florida,Florida
4298,E1005,2025-12-01,Business Travel,Bus,6.1,passenger-mile,Site Visit,Other,Texas
2660,E1017,2025-12-01,Business Travel,Air Travel - Long Haul (>= 2300 miles),2470.7,passenger-mile,Off-site Meeting,Colorado,Georgia
2699,E1051,2025-12-01,Employee Commuting,Light-Duty Truck,28.1,vehicle-mile,Commute,Texas,Texas
2611,E1025,2025-12-01,Employee Commuting,Passenger Car,18.5,vehicle-mile,Commute,California,California
4720,E1021,2025-12-01,Business Travel,Commuter Rail,64.2,passenger-mile,Off-site Meeting,Colorado,Massachusetts
4662,E1044,2025-12-01,Employee Commuting,Bus,24.6,passenger-mile,Commute,California,California
3762,E1077,2025-12-01,Business Travel,Air Travel - Long Haul (>= 2300 miles),4290.3,passenger-mile,Off-site Meeting,Georgia,Texas
3799,E1022,2025-12-01,Employee Commuting,Passenger Car,31.1,vehicle-mile,Commute,Colorado,Colorado
3957,E1083,2025-12-01,Employee Commuting,Passenger Car,38.1,vehicle-mile,Commute,Texas,Texas
4555,E1007,2025-12-01,Business Travel,"Air Travel - Medium Haul (>= 300 miles, < 2300 miles)",1614.2,passenger-mile,Client Meeting,Florida,New York
4592,E1032,2025-12-01,Business Travel,Passenger Car,35.3,vehicle-mile,Conference,California,Georgia
1973,E1030,2025-12-01,Employee Commuting,Light-Duty Truck,19.2,vehicle-mile,Commute,California,California
848,E1018,2025-12-01,Employee Commuting,Bus,10.8,passenger-mile,Commute,California,California
3144,E1032,2025-12-01,Business Travel,"Air Travel - Medium Haul (>= 300 miles, < 2300 miles)",1224.6,passenger-mile,Site Visit,New York,Massachusetts
3329,E1079,2025-12-01,Business Travel,"Air Travel - Medium Haul (>= 300 miles, < 2300 miles)",587.0,passenger-mile,Client Meeting,California,Florida
1170,E1060,2025-12-02,Business Travel,"Air Travel - Medium Haul (>= 300 miles, < 2300 miles)",1611.7,passenger-mile,Site Visit,California,Texas
577,E1054,2025-12-02,Employee Commuting,"Transit Rail (i.e. Subway, Tram)",33.4,passenger-mile,Commute,Florida,Florida
1384,E1055,2025-12-02,Employee Commuting,Passenger Car,14.5,vehicle-mile,Commute,Florida,Florida
3343,E1097,2025-12-02,Business Travel,Intercity Rail - National Average,279.4,passenger-mile,Off-site Meeting,California,Illinois
2394,E1015,2025-12-02,Employee Commuting,Light-Duty Truck,29.6,vehicle-mile,Commute,New York,New York
843,E1021,2025-12-02,Employee Commuting,"Transit Rail (i.e. Subway, Tram)",3.5,passenger-mile,Commute,Massachusetts,Massachusetts
2196,E1030,2025-12-02,Employee Commuting,Passenger Car,39.6,vehicle-mile,Commute,California,California
3237,E1021,2025-12-02,Business Travel,Passenger Car,53.3,vehicle-mile,Client Meeting,Other,Illinois
2679,E1003,2025-12-02,Employee Commuting,Light-Duty Truck,34.0,vehicle-mile,Commute,California,California
1946,E1029,2025-12-02,Employee Commuting,Passenger Car,27.3,vehicle-mile,Commute,Illinois,Illinois
352,E1030,2025-12-02,Employee Commuting,Passenger Car,32.1,vehicle-mile,Commute,California,California
1288,E1022,2025-12-02,Business Travel,Air Travel - Short Haul (< 300 miles),108.4,passenger-mile,Conference,Colorado,Washington
1895,E1010,2025-12-02,Employee Commuting,Passenger Car,9.1,vehicle-mile,Commute,Washington,Washington
4831,E1043,2025-12-02,Business Travel,"Transit Rail (i.e. Subway, Tram)",68.7,passenger-mile,Site Visit,Texas,Georgia
523,E1003,2025-12-03,Business Travel,"Air Travel - Medium Haul (>= 300 miles, < 2300 miles)",1720.6,passenger-mile,Client Meeting,California,California
2754,E1039,2025-12-03,Business Travel,Passenger Car,63.4,vehicle-mile,Client Meeting,Illinois,Florida
3176,E1040,2025-12-03,Employee Commuting,Passenger Car,5.1,vehicle-mile,Commute,Massachusetts,Massachusetts
3078,E1090,2025-12-03,Employee Commuting,Motorcycle,32.3,vehicle-mile,Commute,California,California
3079,E1011,2025-12-03,Business Travel,Air Travel - Short Haul (< 300 miles),241.8,passenger-mile,Site Visit,Georgia,California
873,E1100,2025-12-03,Employee Commuting,Passenger Car,15.3,vehicle-mile,Commute,California,California
172,E1033,2025-12-03,Employee Commuting,Passenger Car,34.1,vehicle-mile,Commute,California,California
1008,E1004,2025-12-03,Employee Commuting,Passenger Car,14.5,vehicle-mile,Commute,Washington,Washington
4511,E1042,2025-12-03,Business Travel,Intercity Rail - Northeast Corridor,379.0,passenger-mile,Site Visit,California,Illinois
2113,E1096,2025-12-03,Employee Commuting,Light-Duty Truck,30.0,vehicle-mile,Commute,Illinois,Illinois
3132,E1100,2025-12-03,Employee Commuting,Commuter Rail,11.1,passenger-mile,Commute,Texas,Texas
1695,E1047,2025-12-03,Employee Commuting,Passenger Car,15.1,vehicle-mile,Commute,New York,New York
4722,E1053,2025-12-04,Employee Commuting,Passenger Car,24.5,vehicle-mile,Commute,Colorado,Colorado
2163,E1087,2025-12-04,Employee Commuting,Light-Duty Truck,39.5,vehicle-mile,Commute,Other,Other
1359,E1033,2025-12-04,Employee Commuting,Bus,25.3,passenger-mile,Commute,New York,New York
862,E1045,2025-12-04,Employee Commuting,Commuter Rail,15.5,passenger-mile,Commute,California,California
2383,E1040,2025-12-04,Business Travel,"Air Travel - Medium Haul (>= 300 miles, < 2300 miles)",1628.6,passenger-mile,Site Visit,New York,Texas
4144,E1033,2025-12-04,Business Travel,"Air Travel - Medium Haul (>= 300 miles, < 2300 miles)",1730.2,passenger-mile,Site Visit,Texas,New York
2144,E1047,2025-12-04,Employee Commuting,Passenger Car,9.3,vehicle-mile,Commute,Colorado,Colorado
4798,E1022,2025-12-04,Employee Commuting,Passenger Car,32.4,vehicle-mile,Commute,Massachusetts,Massachusetts
462,E1065,2025-12-04,Employee Commuting,"Transit Rail (i.e. Subway, Tram)",24.2,passenger-mile,Commute,California,California
1977,E1051,2025-12-04,Business Travel,"Air Travel - Medium Haul (>= 300 miles, < 2300 miles)",599.6,passenger-mile,Site Visit,Colorado,Illinois
4061,E1069,2025-12-04,Employee Commuting,Bus,19.1,passenger-mile,Commute,Other,Other
3102,E1096,2025-12-04,Employee Commuting,"Transit Rail (i.e. Subway, Tram)",6.0,passenger-mile,Commute,Colorado,Colorado
4297,E1080,2025-12-04,Employee Commuting,Motorcycle,13.9,vehicle-mile,Commute,Illinois,Illinois
2117,E1018,2025-12-04,Employee Commuting,Light-Duty Truck,26.6,vehicle-mile,Commute,Colorado,Colorado
380,E1062,2025-12-04,Employee Commuting,"Transit Rail (i.e. Subway, Tram)",30.4,passenger-mile,Commute,Colorado,Colorado
1866,E1043,2025-12-04,Business Travel,Air Travel - Short Haul (< 300 miles),205.2,passenger-mile,Site Visit,Washington,Florida
1237,E1090,2025-12-05,Employee Commuting,Light-Duty Truck,19.7,vehicle-mile,Commute,California,California
2706,E1038,2025-12-05,Business Travel,Air Travel - Short Haul (< 300 miles),210.6,passenger-mile,Client Meeting,California,Massachusetts
3513,E1099,2025-12-05,Employee Commuting,Bus,35.0,passenger-mile,Commute,Other,Other
524,E1067,2025-12-05,Employee Commuting,Passenger Car,36.5,vehicle-mile,Commute,New York,New York
1383,E1009,2025-12-05,Employee Commuting,Passenger Car,15.0,vehicle-mile,Commute,Texas,Texas
4966,E1090,2025-12-05,Business Travel,Air Travel - Long Haul (>= 2300 miles),3523.2,passenger-mile,Off-site Meeting,New York,Georgia
1349,E1097,2025-12-05,Business Travel,"Air Travel - Medium Haul (>= 300 miles, < 2300 miles)",1140.6,passenger-mile,Off-site Meeting,California,Massachusetts
1940,E1068,2025-12-05,Business Travel,Air Travel - Short Haul (< 300 miles),205.7,passenger-mile,Off-site Meeting,Other,Washington
578,E1041,2025-12-05,Employee Commuting,"Transit Rail (i.e. Subway, Tram)",19.7,passenger-mile,Commute,New York,New York
1693,E1042,2025-12-05,Employee Commuting,Motorcycle,32.0,vehicle-mile,Commute,California,California
3733,E1097,2025-12-05,Business Travel,Passenger Car,24.8,vehicle-mile,Off-site Meeting,New York,Texas
899,E1008,2025-12-05,Employee Commuting,Passenger Car,5.4,vehicle-mile,Commute,California,California
177,E1074,2025-12-05,Employee Commuting,Passenger Car,38.5,vehicle-mile,Commute,Colorado,Colorado
21,E1045,2025-12-06,Employee Commuting,Passenger Car,11.1,vehicle-mile,Commute,California,California
3253,E1045,2025-12-06,Employee Commuting,Passenger Car,20.0,vehicle-mile,Commute,California,California
2787,E1008,2025-12-06,Employee Commuting,Passenger Car,26.3,vehicle-mile,Commute,Texas,Texas
2712,E1048,2025-12-06,Employee Commuting,Bus,38.1,passenger-mile,Commute,California,California
4212,E1074,2025-12-06,Business Travel,Bus,34.6,passenger-mile,Conference,Other,New York
4232,E1046,2025-12-06,Employee Commuting,Passenger Car,36.1,vehicle-mile,Commute,California,California
3638,E1071,2025-12-06,Employee Commuting,Passenger Car,15.4,vehicle-mile,Commute,New York,New York
2899,E1095,2025-12-06,Employee Commuting,Passenger Car,11.8,vehicle-mile,Commute,Colorado,Colorado
824,E1054,2025-12-06,Employee Commuting,"Transit Rail (i.e. Subway, Tram)",22.6,passenger-mile,Commute,New York,New York
2965,E1015,2025-12-06,Employee Commuting,Passenger Car,33.1,vehicle-mile,Commute,California,California
2026,E1045,2025-12-06,Business Travel,Air Travel - Short Haul (< 300 miles),271.3,passenger-mile,Client Meeting,Texas,Colorado
1961,E1047,2025-12-06,Employee Commuting,Passenger Car,37.8,vehicle-mile,Commute,Massachusetts,Massachusetts
658,E1015,2025-12-06,Business Travel,Intercity Rail - Other Routes,381.7,passenger-mile,Off-site Meeting,Texas,Texas
805,E1092,2025-12-06,Employee Commuting,Passenger Car,18.8,vehicle-mile,Commute,California,California
3808,E1093,2025-12-07,Business Travel,"Air Travel - Medium Haul (>= 300 miles, < 2300 miles)",760.9,passenger-mile,Site Visit,California,Massachusetts
4734,E1061,2025-12-07,Employee Commuting,Passenger Car,20.1,vehicle-mile,Commute,Texas,Texas
4262,E1008,2025-12-07,Employee Commuting,Light-Duty Truck,32.3,vehicle-mile,Commute,Texas,Texas
4002,E1055,2025-12-07,Business Travel,"Air Travel - Medium Haul (>= 300 miles, < 2300 miles)",730.3,passenger-mile,Conference,California,Florida
3536,E1008,2025-12-07,Business Travel,"Air Travel - Medium Haul (>= 300 miles, < 2300 miles)",585.4,passenger-mile,Site Visit,Texas,Florida
2124,E1008,2025-12-07,Employee Commuting,Passenger Car,34.4,vehicle-mile,Commute,Texas,Texas
4031,E1060,2025-12-07,Employee Commuting,Passenger Car,16.0,vehicle-mile,Commute,Colorado,Colorado
4261,E1029,2025-12-07,Employee Commuting,Light-Duty Truck,27.7,vehicle-mile,Commute,Florida,Florida
4284,E1074,2025-12-07,Business Travel,"Air Travel - Medium Haul (>= 300 miles, < 2300 miles)",615.5,passenger-mile,Client Meeting,Texas,Colorado
2896,E1091,2025-12-07,Employee Commuting,Bus,14.2,passenger-mile,Commute,Other,Other
984,E1097,2025-12-07,Employee Commuting,Passenger Car,36.7,vehicle-mile,Commute,New York,New York
4608,E1013,2025-12-07,Employee Commuting,Passenger Car,33.2,vehicle-mile,Commute,California,California
904,E1007,2025-12-07,Employee Commuting,Passenger Car,9.8,vehicle-mile,Commute,Florida,Florida
1049,E1027,2025-12-07,Employee Commuting,"Transit Rail (i.e. Subway, Tram)",3.5,passenger-mile,Commute,Other,Other
4483,E1002,2025-12-07,Employee Commuting,Passenger Car,14.0,vehicle-mile,Commute,California,California
3774,E1057,2025-12-07,Employee Commuting,Passenger Car,37.8,vehicle-mile,Commute,Georgia,Georgia
707,E1009,2025-12-07,Business Travel,Air Travel - Long Haul (>= 2300 miles),3074.0,passenger-mile,Conference,California,New York
79,E1005,2025-12-08,Employee Commuting,Light-Duty Truck,34.9,vehicle-mile,Commute,New York,New York
3691,E1036,2025-12-08,Employee Commuting,Passenger Car,10.5,vehicle-mile,Commute,California,California
1725,E1081,2025-12-08,Employee Commuting,Passenger Car,4.6,vehicle-mile,Commute,California,California
943,E1001,2025-12-08,Employee Commuting,Passenger Car,9.7,vehicle-mile,Commute,California,California
3331,E1087,2025-12-08,Employee Commuting,Passenger Car,12.0,vehicle-mile,Commute,California,California
2133,E1027,2025-12-08,Employee Commuting,Passenger Car,32.0,vehicle-mile,Commute,California,California
4305,E1012,2025-12-08,Employee Commuting,Passenger Car,23.6,vehicle-mile,Commute,Colorado,Colorado
2110,E1075,2025-12-08,Employee Commuting,Passenger Car,16.9,vehicle-mile,Commute,New York,New York
2992,E1074,2025-12-08,Business Travel,Intercity Rail - National Average,693.7,passenger-mile,Site Visit,New York,California
3400,E1008,2025-12-08,Business Travel,"Air Travel - Medium Haul (>= 300 miles, < 2300 miles)",525.5,passenger-mile,Client Meeting,New York,Florida
3921,E1025,2025-12-08,Employee Commuting,Passenger Car,20.9,vehicle-mile,Commute,Colorado,Colorado
4640,E1042,2025-12-08,Business Travel,Air Travel - Long Haul (>= 2300 miles),3696.0,passenger-mile,Conference,Washington,California
4364,E1054,2025-12-08,Business Travel,Air Travel - Short Haul (< 300 miles),273.8,passenger-mile,Site Visit,Texas,Massachusetts
1831,E1027,2025-12-08,Employee Commuting,Bus,4.8,passenger-mile,Commute,California,California
4385,E1073,2025-12-08,Employee Commuting,Passenger Car,5.7,vehicle-mile,Commute,Washington,Washington
625,E1040,2025-12-09,Employee Commuting,Passenger Car,9.4,vehicle-mile,Commute,California,California
3810,E1072,2025-12-09,Employee Commuting,Passenger Car,22.3,vehicle-mile,Commute,California,California
2692,E1041,2025-12-09,Employee Commuting,Light-Duty Truck,10.1,vehicle-mile,Commute,California,California
1660,E1067,2025-12-09,Employee Commuting,"Transit Rail (i.e. Subway, Tram)",36.3,passenger-mile,Commute,California,California
2287,E1020,2025-12-09,Employee Commuting,Passenger Car,10.4,vehicle-mile,Commute,New York,New York
4560,E1008,2025-12-09,Employee Commuting,Bus,8.2,passenger-mile,Commute,Texas,Texas
888,E1085,2025-12-09,Employee Commuting,Passenger Car,36.1,vehicle-mile,Commute,Illinois,Illinois
3920,E1022,2025-12-09,Business Travel,Intercity Rail - National Average,423.0,passenger-mile,Client Meeting,California,California
3439,E1095,2025-12-09,Employee Commuting,Passenger Car,20.3,vehicle-mile,Commute,Washington,Washington
4753,E1048,2025-12-09,Employee Commuting,Passenger Car,8.0,vehicle-mile,Commute,California,California
4991,E1052,2025-12-09,Employee Commuting,Passenger Car,17.6,vehicle-mile,Commute,Texas,Texas
4186,E1049,2025-12-09,Employee Commuting,Light-Duty Truck,39.6,vehicle-mile,Commute,Washington,Washington
3450,E1010,2025-12-09,Employee Commuting,Bus,5.8,passenger-mile,Commute,Massachusetts,Massachusetts
3524,E1023,2025-12-09,Employee Commuting,Passenger Car,3.6,vehicle-mile,Commute,California,California
2453,E1074,2025-12-09,Employee Commuting,"Transit Rail (i.e. Subway, Tram)",23.4,passenger-mile,Commute,Texas,Texas
4588,E1010,2025-12-09,Business Travel,"Air Travel - Medium Haul (>= 300 miles, < 2300 miles)",557.8,passenger-mile,Off-site Meeting,New York,Massachusetts
4217,E1025,2025-12-09,Employee Commuting,Passenger Car,26.9,vehicle-mile,Commute,California,California
1771,E1035,2025-12-09,Employee Commuting,Passenger Car,4.3,vehicle-mile,Commute,California,California
314,E1034,2025-12-09,Employee Commuting,Passenger Car,35.9,vehicle-mile,Commute,Texas,Texas
705,E1079,2025-12-09,Employee Commuting,"Transit Rail (i.e. Subway, Tram)",17.7,passenger-mile,Commute,Illinois,Illinois
4146,E1032,2025-12-09,Business Travel,Bus,55.2,passenger-mile,Client Meeting,California,Washington
431,E1069,2025-12-09,Employee Commuting,Passenger Car,31.2,vehicle-mile,Commute,California,California
2233,E1003,2025-12-10,Employee Commuting,Passenger Car,15.1,vehicle-mile,Commute,Florida,Florida
1775,E1041,2025-12-10,Employee Commuting,Passenger Car,26.1,vehicle-mile,Commute,Texas,Texas
4330,E1090,2025-12-10,Employee Commuting,Commuter Rail,39.1,passenger-mile,Commute,California,California
1418,E1022,2025-12-10,Employee Commuting,Light-Duty Truck,8.0,vehicle-mile,Commute,Texas,Texas
147,E1043,2025-12-10,Business Travel,Intercity Rail - Other Routes,448.9,passenger-mile,Client Meeting,California,Florida
1083,E1014,2025-12-10,Business Travel,"Air Travel - Medium Haul (>= 300 miles, < 2300 miles)",434.7,passenger-mile,Off-site Meeting,California,Texas
2414,E1016,2025-12-11,Business Travel,"Air Travel - Medium Haul (>= 300 miles, < 2300 miles)",383.8,passenger-mile,Client Meeting,New York,California
1762,E1036,2025-12-11,Employee Commuting,Commuter Rail,22.5,passenger-mile,Commute,New York,New York
242,E1014,2025-12-11,Employee Commuting,Light-Duty Truck,9.1,vehicle-mile,Commute,New York,New York
792,E1035,2025-12-11,Employee Commuting,Passenger Car,34.9,vehicle-mile,Commute,Georgia,Georgia
3477,E1006,2025-12-11,Employee Commuting,Passenger Car,20.5,vehicle-mile,Commute,Texas,Texas
2146,E1089,2025-12-11,Employee Commuting,Bus,7.1,passenger-mile,Commute,California,California
3761,E1043,2025-12-11,Employee Commuting,Passenger Car,20.6,vehicle-mile,Commute,Illinois,Illinois
3093,E1012,2025-12-11,Employee Commuting,Passenger Car,30.2,vehicle-mile,Commute,Washington,Washington
4240,E1080,2025-12-11,Employee Commuting,Passenger Car,16.2,vehicle-mile,Commute,Colorado,Colorado
668,E1094,2025-12-11,Business Travel,Bus,18.7,passenger-mile,Off-site Meeting,California,Washington
737,E1053,2025-12-12,Employee Commuting,Passenger Car,23.4,vehicle-mile,Commute,Illinois,Illinois
2676,E1033,2025-12-12,Employee Commuting,Passenger Car,32.9,vehicle-mile,Commute,Other,Other
680,E1068,2025-12-12,Employee Commuting,"Transit Rail (i.e. Subway, Tram)",8.8,passenger-mile,Commute,New York,New York
2837,E1056,2025-12-12,Employee Commuting,Passenger Car,9.0,vehicle-mile,Commute,New York,New York
3618,E1023,2025-12-12,Employee Commuting,Passenger Car,10.6,vehicle-mile,Commute,Illinois,Illinois
2492,E1045,2025-12-12,Employee Commuting,Light-Duty Truck,39.2,vehicle-mile,Commute,California,California
1304,E1003,2025-12-12,Business Travel,Passenger Car,17.1,vehicle-mile,Site Visit,New York,Other
2231,E1079,2025-12-12,Employee Commuting,Passenger Car,5.7,vehicle-mile,Commute,New York,New York
4526,E1063,2025-12-12,Employee Commuting,"Transit Rail (i.e. Subway, Tram)",7.6,passenger-mile,Commute,Texas,Texas
31,E1059,2025-12-12,Employee Commuting,Light-Duty Truck,28.1,vehicle-mile,Commute,California,California
756,E1018,2025-12-12,Employee Commuting,Motorcycle,15.0,vehicle-mile,Commute,California,California
1836,E1047,2025-12-12,Employee Commuting,Passenger Car,20.1,vehicle-mile,Commute,Massachusetts,Massachusetts
55,E1030,2025-12-12,Employee Commuting,Passenger Car,30.5,vehicle-mile,Commute,California,California
3039,E1081,2025-12-12,Employee Commuting,Passenger Car,19.0,vehicle-mile,Commute,California,California
143,E1029,2025-12-12,Business Travel,Air Travel - Long Haul (>= 2300 miles),2549.1,passenger-mile,Client Meeting,California,Colorado
4322,E1072,2025-12-12,Business Travel,"Transit Rail (i.e. Subway, Tram)",38.3,passenger-mile,Client Meeting,Texas,Illinois
3710,E1034,2025-12-13,Employee Commuting,Commuter Rail,4.9,passenger-mile,Commute,New York,New York
823,E1082,2025-12-13,Business Travel,Air Travel - Short Haul (< 300 miles),182.8,passenger-mile,Client Meeting,Texas,Massachusetts
4327,E1017,2025-12-13,Business Travel,Passenger Car,56.6,vehicle-mile,Conference,Georgia,Massachusetts
401,E1028,2025-12-13,Business Travel,Air Travel - Long Haul (>= 2300 miles),4391.2,passenger-mile,Site Visit,California,Texas
2343,E1098,2025-12-13,Employee Commuting,Passenger Car,36.3,vehicle-mile,Commute,California,California
2097,E1068,2025-12-13,Employee Commuting,Motorcycle,16.3,vehicle-mile,Commute,California,California
786,E1040,2025-12-13,Employee Commuting,Passenger Car,28.9,vehicle-mile,Commute,California,California
4822,E1020,2025-12-13,Employee Commuting,Passenger Car,22.2,vehicle-mile,Commute,Massachusetts,Massachusetts
3572,E1055,2025-12-13,Employee Commuting,Passenger Car,39.4,vehicle-mile,Commute,Illinois,Illinois
2325,E1005,2025-12-13,Employee Commuting,Passenger Car,24.5,vehicle-mile,Commute,Colorado,Colorado
400,E1021,2025-12-14,Employee Commuting,Motorcycle,11.8,vehicle-mile,Commute,Washington,Washington
2547,E1011,2025-12-14,Employee Commuting,Passenger Car,34.8,vehicle-mile,Commute,California,California
4073,E1025,2025-12-14,Employee Commuting,Passenger Car,21.6,vehicle-mile,Commute,Illinois,Illinois
3457,E1055,2025-12-14,Employee Commuting,Passenger Car,15.5,vehicle-mile,Commute,Washington,Washington
1800,E1027,2025-12-14,Employee Commuting,Passenger Car,25.3,vehicle-mile,Commute,California,California
3327,E1087,2025-12-14,Employee Commuting,Passenger Car,24.6,vehicle-mile,Commute,California,California
4983,E1037,2025-12-14,Business Travel,Intercity Rail - Other Routes,143.7,passenger-mile,Client Meeting,Texas,Massachusetts
1266,E1091,2025-12-14,Business Travel,Bus,33.7,passenger-mile,Site Visit,New York,Florida
560,E1001,2025-12-14,Employee Commuting,Passenger Car,32.1,vehicle-mile,Commute,Other,Other
2819,E1001,2025-12-14,Employee Commuting,Bus,19.1,passenger-mile,Commute,Florida,Florida
868,E1049,2025-12-14,Employee Commuting,Passenger Car,24.6,vehicle-mile,Commute,California,California
1256,E1051,2025-12-14,Employee Commuting,"Transit Rail (i.e. Subway, Tram)",20.0,passenger-mile,Commute,Colorado,Colorado
4421,E1054,2025-12-14,Business Travel,Passenger Car,26.9,vehicle-mile,Site Visit,Florida,Washington
154,E1032,2025-12-15,Business Travel,Air Travel - Short Haul (< 300 miles),105.1,passenger-mile,Client Meeting,California,Texas
4289,E1028,2025-12-15,Employee Commuting,Bus,26.5,passenger-mile,Commute,Florida,Florida
4432,E1080,2025-12-15,Employee Commuting,Commuter Rail,32.3,passenger-mile,Commute,California,California
1929,E1087,2025-12-15,Employee Commuting,Passenger Car,22.0,vehicle-mile,Commute,Georgia,Georgia
2109,E1002,2025-12-15,Employee Commuting,Light-Duty Truck,34.6,vehicle-mile,Commute,California,California
3204,E1003,2025-12-15,Employee Commuting,Passenger Car,8.5,vehicle-mile,Commute,Colorado,Colorado
4033,E1076,2025-12-15,Business Travel,Passenger Car,67.8,vehicle-mile,Client Meeting,New York,Texas
699,E1081,2025-12-15,Business Travel,Air Travel - Long Haul (>= 2300 miles),2725.1,passenger-mile,Site Visit,California,Florida
4757,E1015,2025-12-15,Business Travel,Light-Duty Truck,79.8,vehicle-mile,Conference,Texas,Massachusetts
1741,E1030,2025-12-15,Employee Commuting,"Transit Rail (i.e. Subway, Tram)",28.1,passenger-mile,Commute,Washington,Washington
1871,E1074,2025-12-15,Business Travel,Passenger Car,29.4,vehicle-mile,Site Visit,California,Massachusetts
3303,E1069,2025-12-15,Employee Commuting,Passenger Car,6.2,vehicle-mile,Commute,California,California
4137,E1052,2025-12-15,Employee Commuting,Passenger Car,28.5,vehicle-mile,Commute,Florida,Florida
2607,E1092,2025-12-15,Employee Commuting,Light-Duty Truck,7.6,vehicle-mile,Commute,Massachusetts,Massachusetts
1830,E1039,2025-12-16,Business Travel,"Air Travel - Medium Haul (>= 300 miles, < 2300 miles)",1759.3,passenger-mile,Conference,Illinois,Massachusetts
416,E1028,2025-12-16,Employee Commuting,Commuter Rail,22.6,passenger-mile,Commute,California,California
2329,E1003,2025-12-16,Employee Commuting,Passenger Car,39.5,vehicle-mile,Commute,Colorado,Colorado
2480,E1022,2025-12-16,Employee Commuting,Passenger Car,29.1,vehicle-mile,Commute,Texas,Texas
4922,E1052,2025-12-16,Employee Commuting,Passenger Car,18.8,vehicle-mile,Commute,California,California
3489,E1003,2025-12-16,Employee Commuting,Bus,12.1,passenger-mile,Commute,California,California
758,E1018,2025-12-16,Business Travel,"Air Travel - Medium Haul (>= 300 miles, < 2300 miles)",523.7,passenger-mile,Client Meeting,Washington,Florida
1750,E1032,2025-12-16,Employee Commuting,Passenger Car,5.9,vehicle-mile,Commute,New York,New York
1646,E1091,2025-12-16,Employee Commuting,Passenger Car,3.5,vehicle-mile,Commute,Massachusetts,Massachusetts
4632,E1068,2025-12-16,Employee Commuting,Passenger Car,35.2,vehicle-mile,Commute,Other,Other
1195,E1003,2025-12-16,Employee Commuting,Passenger Car,39.1,vehicle-mile,Commute,Colorado,Colorado
1583,E1018,2025-12-16,Employee Commuting,Passenger Car,17.7,vehicle-mile,Commute,California,California
763,E1006,2025-12-17,Employee Commuting,Passenger Car,12.2,vehicle-mile,Commute,Texas,Texas
4235,E1048,2025-12-17,Employee Commuting,"Transit Rail (i.e. Subway, Tram)",9.6,passenger-mile,Commute,Massachusetts,Massachusetts
3742,E1076,2025-12-17,Employee Commuting,"Transit Rail (i.e. Subway, Tram)",3.5,passenger-mile,Commute,California,California
3823,E1075,2025-12-17,Business Travel,Air Travel - Short Haul (< 300 miles),240.7,passenger-mile,Off-site Meeting,California,Florida
2220,E1026,2025-12-17,Employee Commuting,Passenger Car,19.8,vehicle-mile,Commute,Texas,Texas
2744,E1060,2025-12-17,Employee Commuting,Passenger Car,10.2,vehicle-mile,Commute,Georgia,Georgia
3857,E1043,2025-12-17,Employee Commuting,Passenger Car,29.0,vehicle-mile,Commute,Other,Other
1387,E1087,2025-12-17,Employee Commuting,Passenger Car,19.1,vehicle-mile,Commute,New York,New York
2925,E1052,2025-12-17,Employee Commuting,Passenger Car,4.1,vehicle-mile,Commute,Texas,Texas
4172,E1041,2025-12-17,Business Travel,Intercity Rail - National Average,579.6,passenger-mile,Client Meeting,Florida,Illinois
3177,E1050,2025-12-17,Employee Commuting,Bus,8.5,passenger-mile,Commute,California,California
981,E1015,2025-12-17,Employee Commuting,Light-Duty Truck,35.2,vehicle-mile,Commute,Colorado,Colorado
2624,E1068,2025-12-17,Employee Commuting,Light-Duty Truck,29.5,vehicle-mile,Commute,Illinois,Illinois
2027,E1072,2025-12-17,Employee Commuting,Passenger Car,7.5,vehicle-mile,Commute,California,California
1430,E1098,2025-12-17,Business Travel,Air Travel - Long Haul (>= 2300 miles),3099.0,passenger-mile,Conference,New York,Illinois
2971,E1061,2025-12-18,Employee Commuting,Bus,10.4,passenger-mile,Commute,Other,Other
4032,E1054,2025-12-18,Business Travel,Intercity Rail - Other Routes,534.9,passenger-mile,Off-site Meeting,Massachusetts,Florida
1936,E1037,2025-12-18,Employee Commuting,Passenger Car,3.9,vehicle-mile,Commute,Texas,Texas
318,E1007,2025-12-18,Employee Commuting,Passenger Car,23.3,vehicle-mile,Commute,Illinois,Illinois
3611,E1041,2025-12-18,Business Travel,Light-Duty Truck,36.9,vehicle-mile,Off-site Meeting,Texas,Florida
1947,E1010,2025-12-18,Business Travel,Bus,88.3,passenger-mile,Site Visit,Massachusetts,Georgia
1027,E1083,2025-12-18,Employee Commuting,Bus,17.2,passenger-mile,Commute,Georgia,Georgia
1955,E1045,2025-12-18,Employee Commuting,Light-Duty Truck,36.4,vehicle-mile,Commute,Other,Other
3965,E1048,2025-12-18,Employee Commuting,Bus,11.9,passenger-mile,Commute,California,California
4178,E1053,2025-12-18,Employee Commuting,Passenger Car,17.8,vehicle-mile,Commute,Washington,Washington
3116,E1023,2025-12-19,Business Travel,"Air Travel - Medium Haul (>= 300 miles, < 2300 miles)",755.4,passenger-mile,Site Visit,New York,Florida
131,E1018,2025-12-19,Employee Commuting,Passenger Car,20.1,vehicle-mile,Commute,Illinois,Illinois
2472,E1090,2025-12-19,Employee Commuting,Commuter Rail,13.4,passenger-mile,Commute,California,California
4001,E1005,2025-12-19,Employee Commuting,Passenger Car,22.8,vehicle-mile,Commute,Illinois,Illinois
1013,E1058,2025-12-19,Business Travel,Air Travel - Long Haul (>= 2300 miles),2469.0,passenger-mile,Conference,California,Illinois
1738,E1017,2025-12-19,Business Travel,Intercity Rail - National Average,708.9,passenger-mile,Client Meeting,Texas,Massachusetts
4683,E1007,2025-12-19,Business Travel,"Transit Rail (i.e. Subway, Tram)",70.1,passenger-mile,Off-site Meeting,California,Illinois
4292,E1051,2025-12-19,Employee Commuting,Passenger Car,21.1,vehicle-mile,Commute,Colorado,Colorado
4629,E1071,2025-12-19,Employee Commuting,Commuter Rail,26.1,passenger-mile,Commute,Other,Other
4765,E1028,2025-12-19,Business Travel,Light-Duty Truck,43.2,vehicle-mile,Off-site Meeting,California,Georgia
1140,E1057,2025-12-19,Employee Commuting,Bus,10.6,passenger-mile,Commute,California,California
4458,E1097,2025-12-19,Employee Commuting,Light-Duty Truck,31.2,vehicle-mile,Commute,Massachusetts,Massachusetts
2484,E1024,2025-12-20,Business Travel,Intercity Rail - National Average,716.4,passenger-mile,Client Meeting,California,New York
2158,E1019,2025-12-20,Employee Commuting,Passenger Car,14.4,vehicle-mile,Commute,Other,Other
2167,E1041,2025-12-20,Business Travel,"Air Travel - Medium Haul (>= 300 miles, < 2300 miles)",679.0,passenger-mile,Off-site Meeting,California,Other
3446,E1043,2025-12-20,Employee Commuting,Light-Duty Truck,10.1,vehicle-mile,Commute,New York,New York
505,E1059,2025-12-20,Employee Commuting,Passenger Car,9.5,vehicle-mile,Commute,California,California
2437,E1078,2025-12-20,Employee Commuting,Motorcycle,29.8,vehicle-mile,Commute,Texas,Texas
1747,E1075,2025-12-20,Business Travel,Air Travel - Long Haul (>= 2300 miles),3275.2,passenger-mile,Client Meeting,New York,Washington
3298,E1075,2025-12-20,Business Travel,"Air Travel - Medium Haul (>= 300 miles, < 2300 miles)",1460.5,passenger-mile,Site Visit,Florida,New York
4841,E1074,2025-12-20,Employee Commuting,Passenger Car,26.5,vehicle-mile,Commute,California,California
4549,E1037,2025-12-20,Business Travel,Intercity Rail - Northeast Corridor,382.8,passenger-mile,Site Visit,Texas,Washington
1612,E1086,2025-12-21,Employee Commuting,"Transit Rail (i.e. Subway, Tram)",37.9,passenger-mile,Commute,Illinois,Illinois
3625,E1009,2025-12-21,Business Travel,Air Travel - Short Haul (< 300 miles),127.6,passenger-mile,Conference,California,Georgia
790,E1006,2025-12-21,Employee Commuting,Bus,9.5,passenger-mile,Commute,California,California
2638,E1068,2025-12-21,Employee Commuting,Light-Duty Truck,38.1,vehicle-mile,Commute,New York,New York
4633,E1012,2025-12-21,Business Travel,"Air Travel - Medium Haul (>= 300 miles, < 2300 miles)",798.4,passenger-mile,Client Meeting,Texas,Massachusetts
3369,E1031,2025-12-21,Employee Commuting,Bus,9.6,passenger-mile,Commute,California,California
3149,E1011,2025-12-21,Business Travel,Passenger Car,85.9,vehicle-mile,Client Meeting,California,Georgia
1453,E1036,2025-12-21,Employee Commuting,Commuter Rail,34.1,passenger-mile,Commute,California,California
4371,E1036,2025-12-21,Business Travel,"Transit Rail (i.e. Subway, Tram)",54.5,passenger-mile,Client Meeting,Texas,Illinois
492,E1050,2025-12-21,Employee Commuting,Bus,10.3,passenger-mile,Commute,Massachusetts,Massachusetts
3738,E1005,2025-12-21,Employee Commuting,"Transit Rail (i.e. Subway, Tram)",39.6,passenger-mile,Commute,Illinois,Illinois
753,E1027,2025-12-21,Employee Commuting,Passenger Car,35.5,vehicle-mile,Commute,Washington,Washington
3926,E1019,2025-12-21,Employee Commuting,"Transit Rail (i.e. Subway, Tram)",3.3,passenger-mile,Commute,New York,New York
71,E1062,2025-12-21,Employee Commuting,Motorcycle,30.4,vehicle-mile,Commute,New York,New York
4029,E1072,2025-12-21,Business Travel,"Air Travel - Medium Haul (>= 300 miles, < 2300 miles)",499.3,passenger-mile,Conference,Florida,Other
1131,E1034,2025-12-21,Employee Commuting,"Transit Rail (i.e. Subway, Tram)",38.1,passenger-mile,Commute,Other,Other
1858,E1057,2025-12-22,Employee Commuting,Passenger Car,9.8,vehicle-mile,Commute,New York,New York
1712,E1019,2025-12-22,Employee Commuting,Passenger Car,4.3,vehicle-mile,Commute,New York,New York
4989,E1001,2025-12-22,Employee Commuting,Passenger Car,4.8,vehicle-mile,Commute,Colorado,Colorado
866,E1049,2025-12-22,Business Travel,"Air Travel - Medium Haul (>= 300 miles, < 2300 miles)",844.9,passenger-mile,Conference,California,Washington
3199,E1093,2025-12-22,Business Travel,Air Travel - Short Haul (< 300 miles),142.7,passenger-mile,Client Meeting,Washington,Texas
348,E1093,2025-12-22,Employee Commuting,Passenger Car,37.7,vehicle-mile,Commute,Texas,Texas
2407,E1091,2025-12-22,Employee Commuting,Commuter Rail,11.2,passenger-mile,Commute,California,California
2093,E1088,2025-12-22,Business Travel,"Air Travel - Medium Haul (>= 300 miles, < 2300 miles)",543.9,passenger-mile,Site Visit,New York,Colorado
3571,E1053,2025-12-23,Employee Commuting,Bus,34.7,passenger-mile,Commute,California,California
3048,E1010,2025-12-23,Business Travel,"Air Travel - Medium Haul (>= 300 miles, < 2300 miles)",991.5,passenger-mile,Site Visit,Illinois,Florida
3685,E1079,2025-12-23,Business Travel,Air Travel - Short Haul (< 300 miles),142.1,passenger-mile,Site Visit,Texas,Colorado
2534,E1068,2025-12-23,Employee Commuting,Passenger Car,33.8,vehicle-mile,Commute,California,California
1667,E1013,2025-12-23,Business Travel,"Air Travel - Medium Haul (>= 300 miles, < 2300 miles)",845.1,passenger-mile,Client Meeting,Washington,Texas
1664,E1012,2025-12-23,Business Travel,Motorcycle,62.9,vehicle-mile,Conference,New York,Florida
396,E1012,2025-12-23,Business Travel,"Air Travel - Medium Haul (>= 300 miles, < 2300 miles)",1288.2,passenger-mile,Off-site Meeting,Washington,Washington
877,E1071,2025-12-23,Employee Commuting,Passenger Car,34.5,vehicle-mile,Commute,New York,New York
4690,E1005,2025-12-23,Employee Commuting,Passenger Car,32.5,vehicle-mile,Commute,Washington,Washington
2589,E1044,2025-12-23,Employee Commuting,Passenger Car,33.6,vehicle-mile,Commute,California,California
4942,E1063,2025-12-23,Employee Commuting,Passenger Car,10.9,vehicle-mile,Commute,Other,Other
1912,E1004,2025-12-23,Employee Commuting,Passenger Car,18.3,vehicle-mile,Commute,Washington,Washington
2047,E1089,2025-12-24,Business Travel,Intercity Rail - Northeast Corridor,158.5,passenger-mile,Conference,California,Georgia
4772,E1076,2025-12-24,Employee Commuting,Passenger Car,31.6,vehicle-mile,Commute,California,California
3355,E1031,2025-12-24,Employee Commuting,Passenger Car,9.7,vehicle-mile,Commute,Texas,Texas
4848,E1010,2025-12-24,Employee Commuting,Passenger Car,38.3,vehicle-mile,Commute,Other,Other
4443,E1014,2025-12-24,Employee Commuting,Passenger Car,23.8,vehicle-mile,Commute,Massachusetts,Massachusetts
1585,E1054,2025-12-24,Employee Commuting,Bus,34.8,passenger-mile,Commute,California,California
1110,E1004,2025-12-24,Employee Commuting,Passenger Car,27.9,vehicle-mile,Commute,Georgia,Georgia
1589,E1024,2025-12-24,Business Travel,"Air Travel - Medium Haul (>= 300 miles, < 2300 miles)",1700.2,passenger-mile,Off-site Meeting,Florida,Illinois
3016,E1019,2025-12-24,Employee Commuting,Passenger Car,9.4,vehicle-mile,Commute,Other,Other
1212,E1053,2025-12-24,Employee Commuting,Passenger Car,36.7,vehicle-mile,Commute,California,California
3379,E1077,2025-12-24,Employee Commuting,Passenger Car,20.1,vehicle-mile,Commute,Illinois,Illinois
1808,E1033,2025-12-24,Employee Commuting,Passenger Car,38.4,vehicle-mile,Commute,California,California
2872,E1024,2025-12-24,Business Travel,Bus,38.2,passenger-mile,Conference,California,Florida
553,E1019,2025-12-24,Employee Commuting,Commuter Rail,17.7,passenger-mile,Commute,New York,New York
1382,E1027,2025-12-24,Employee Commuting,Passenger Car,34.4,vehicle-mile,Commute,Illinois,Illinois
1006,E1002,2025-12-25,Employee Commuting,Bus,39.5,passenger-mile,Commute,Colorado,Colorado
187,E1057,2025-12-25,Employee Commuting,Passenger Car,6.4,vehicle-mile,Commute,Washington,Washington
2850,E1026,2025-12-25,Business Travel,Light-Duty Truck,62.8,vehicle-mile,Off-site Meeting,California,Florida
3533,E1097,2025-12-25,Employee Commuting,Bus,39.4,passenger-mile,Commute,Georgia,Georgia
2114,E1003,2025-12-25,Employee Commuting,Passenger Car,15.2,vehicle-mile,Commute,Illinois,Illinois
337,E1004,2025-12-25,Business Travel,"Air Travel - Medium Haul (>= 300 miles, < 2300 miles)",1294.6,passenger-mile,Client Meeting,Florida,Florida
1873,E1044,2025-12-25,Employee Commuting,Passenger Car,38.3,vehicle-mile,Commute,California,California
4384,E1021,2025-12-25,Employee Commuting,Bus,19.7,passenger-mile,Commute,California,California
3863,E1024,2025-12-25,Employee Commuting,Passenger Car,32.7,vehicle-mile,Commute,Florida,Florida
2359,E1042,2025-12-25,Employee Commuting,Passenger Car,31.1,vehicle-mile,Commute,California,California
3997,E1075,2025-12-25,Employee Commuting,"Transit Rail (i.e. Subway, Tram)",24.3,passenger-mile,Commute,Florida,Florida
1091,E1067,2025-12-26,Employee Commuting,Bus,8.9,passenger-mile,Commute,New York,New York
663,E1047,2025-12-26,Employee Commuting,Passenger Car,35.3,vehicle-mile,Commute,California,California
3287,E1019,2025-12-26,Employee Commuting,Passenger Car,15.5,vehicle-mile,Commute,California,California
656,E1067,2025-12-26,Employee Commuting,Light-Duty Truck,30.8,vehicle-mile,Commute,California,California
2200,E1074,2025-12-26,Employee Commuting,Passenger Car,10.2,vehicle-mile,Commute,New York,New York
666,E1059,2025-12-26,Employee Commuting,Passenger Car,25.0,vehicle-mile,Commute,Other,Other
46,E1067,2025-12-26,Employee Commuting,Bus,28.8,passenger-mile,Commute,California,California
3766,E1004,2025-12-26,Business Travel,Intercity Rail - Northeast Corridor,220.9,passenger-mile,Site Visit,California,Georgia
2324,E1049,2025-12-26,Employee Commuting,Passenger Car,29.0,vehicle-mile,Commute,California,California
620,E1015,2025-12-26,Business Travel,"Air Travel - Medium Haul (>= 300 miles, < 2300 miles)",471.6,passenger-mile,Site Visit,California,Massachusetts
1599,E1046,2025-12-26,Business Travel,Air Travel - Short Haul (< 300 miles),195.8,passenger-mile,Site Visit,Washington,Texas
105,E1023,2025-12-26,Employee Commuting,Passenger Car,26.7,vehicle-mile,Commute,California,California
4876,E1064,2025-12-26,Business Travel,"Air Travel - Medium Haul (>= 300 miles, < 2300 miles)",951.7,passenger-mile,Client Meeting,Texas,Texas
3170,E1088,2025-12-26,Business Travel,Air Travel - Short Haul (< 300 miles),297.7,passenger-mile,Site Visit,New York,Other
485,E1025,2025-12-26,Employee Commuting,Passenger Car,33.0,vehicle-mile,Commute,Illinois,Illinois
1698,E1026,2025-12-26,Employee Commuting,Commuter Rail,22.7,passenger-mile,Commute,New York,New York
4564,E1026,2025-12-26,Employee Commuting,"Transit Rail (i.e. Subway, Tram)",22.8,passenger-mile,Commute,New York,New York
535,E1087,2025-12-27,Business Travel,Passenger Car,35.9,vehicle-mile,Client Meeting,Texas,Other
3668,E1016,2025-12-27,Employee Commuting,Passenger Car,29.3,vehicle-mile,Commute,Massachusetts,Massachusetts
2272,E1057,2025-12-27,Employee Commuting,Commuter Rail,12.8,passenger-mile,Commute,Colorado,Colorado
4705,E1054,2025-12-27,Employee Commuting,Passenger Car,6.0,vehicle-mile,Commute,Washington,Washington
82,E1013,2025-12-27,Employee Commuting,Commuter Rail,31.4,passenger-mile,Commute,Texas,Texas
1887,E1026,2025-12-27,Business Travel,Intercity Rail - National Average,230.2,passenger-mile,Client Meeting,California,Colorado
4081,E1003,2025-12-27,Employee Commuting,Light-Duty Truck,27.5,vehicle-mile,Commute,California,California
1405,E1021,2025-12-27,Employee Commuting,Passenger Car,24.8,vehicle-mile,Commute,California,California
3517,E1056,2025-12-27,Business Travel,Passenger Car,10.9,vehicle-mile,Site Visit,California,Texas
1287,E1054,2025-12-27,Employee Commuting,Passenger Car,12.9,vehicle-mile,Commute,Colorado,Colorado
820,E1015,2025-12-27,Employee Commuting,Motorcycle,26.3,vehicle-mile,Commute,Massachusetts,Massachusetts
3285,E1030,2025-12-27,Business Travel,Passenger Car,78.1,vehicle-mile,Off-site Meeting,California,Georgia
1707,E1080,2025-12-27,Employee Commuting,Motorcycle,26.8,vehicle-mile,Commute,Colorado,Colorado
3950,E1091,2025-12-27,Employee Commuting,Commuter Rail,15.3,passenger-mile,Commute,Washington,Washington
1225,E1065,2025-12-27,Employee Commuting,Bus,24.5,passenger-mile,Commute,California,California
4626,E1008,2025-12-27,Business Travel,Passenger Car,62.0,vehicle-mile,Client Meeting,California,Massachusetts
3484,E1081,2025-12-28,Employee Commuting,Light-Duty Truck,24.7,vehicle-mile,Commute,California,California
903,E1075,2025-12-28,Employee Commuting,Passenger Car,14.5,vehicle-mile,Commute,Georgia,Georgia
2390,E1049,2025-12-28,Employee Commuting,Passenger Car,8.2,vehicle-mile,Commute,Texas,Texas
1120,E1076,2025-12-28,Employee Commuting,Passenger Car,19.3,vehicle-mile,Commute,California,California
1615,E1036,2025-12-28,Business Travel,Bus,47.6,passenger-mile,Conference,Georgia,Georgia
4931,E1064,2025-12-28,Employee Commuting,Bus,6.3,passenger-mile,Commute,California,California
2656,E1068,2025-12-28,Employee Commuting,Passenger Car,26.8,vehicle-mile,Commute,Texas,Texas
3655,E1050,2025-12-28,Employee Commuting,"Transit Rail (i.e. Subway, Tram)",7.3,passenger-mile,Commute,Illinois,Illinois
3765,E1001,2025-12-28,Employee Commuting,Commuter Rail,24.3,passenger-mile,Commute,Florida,Florida
3122,E1095,2025-12-28,Employee Commuting,Passenger Car,19.2,vehicle-mile,Commute,Other,Other
403,E1017,2025-12-28,Employee Commuting,"Transit Rail (i.e. Subway, Tram)",11.8,passenger-mile,Commute,California,California
2530,E1022,2025-12-28,Employee Commuting,Passenger Car,13.6,vehicle-mile,Commute,Washington,Washington
2836,E1004,2025-12-28,Employee Commuting,Passenger Car,19.0,vehicle-mile,Commute,California,California
4058,E1061,2025-12-28,Business Travel,"Air Travel - Medium Haul (>= 300 miles, < 2300 miles)",362.4,passenger-mile,Site Visit,Texas,Colorado
1536,E1053,2025-12-28,Employee Commuting,Passenger Car,31.5,vehicle-mile,Commute,California,California
3976,E1005,2025-12-29,Employee Commuting,"Transit Rail (i.e. Subway, Tram)",19.8,passenger-mile,Commute,California,California
716,E1047,2025-12-29,Employee Commuting,Light-Duty Truck,34.4,vehicle-mile,Commute,California,California
3409,E1035,2025-12-29,Employee Commuting,Passenger Car,19.4,vehicle-mile,Commute,Other,Other
3026,E1030,2025-12-29,Business Travel,Light-Duty Truck,95.2,vehicle-mile,Off-site Meeting,Washington,Texas
3862,E1025,2025-12-29,Employee Commuting,"Transit Rail (i.e. Subway, Tram)",21.2,passenger-mile,Commute,Colorado,Colorado
1145,E1088,2025-12-29,Employee Commuting,Bus,35.1,passenger-mile,Commute,California,California
4658,E1084,2025-12-29,Employee Commuting,Motorcycle,12.5,vehicle-mile,Commute,Illinois,Illinois
2001,E1078,2025-12-29,Employee Commuting,Passenger Car,37.2,vehicle-mile,Commute,California,California
3629,E1072,2025-12-30,Employee Commuting,Passenger Car,13.2,vehicle-mile,Commute,Texas,Texas
1935,E1042,2025-12-30,Business Travel,"Air Travel - Medium Haul (>= 300 miles, < 2300 miles)",991.7,passenger-mile,Conference,Colorado,Georgia
80,E1017,2025-12-30,Business Travel,"Air Travel - Medium Haul (>= 300 miles, < 2300 miles)",1362.3,passenger-mile,Conference,Other,New York
3925,E1028,2025-12-30,Employee Commuting,Passenger Car,21.1,vehicle-mile,Commute,California,California
734,E1029,2025-12-30,Employee Commuting,Commuter Rail,27.7,passenger-mile,Commute,Colorado,Colorado
1637,E1055,2025-12-30,Employee Commuting,Commuter Rail,33.9,passenger-mile,Commute,California,California
3226,E1077,2025-12-31,Employee Commuting,Passenger Car,36.8,vehicle-mile,Commute,New York,New York
3757,E1001,2025-12-31,Employee Commuting,Passenger Car,30.4,vehicle-mile,Commute,Texas,Texas
2061,E1065,2025-12-31,Employee Commuting,Passenger Car,37.9,vehicle-mile,Commute,Massachusetts,Massachusetts
3283,E1099,2025-12-31,Employee Commuting,Passenger Car,17.7,vehicle-mile,Commute,Colorado,Colorado
136,E1010,2025-12-31,Business Travel,Passenger Car,15.5,vehicle-mile,Client Meeting,New York,Washington
4759,E1077,2025-12-31,Employee Commuting,Commuter Rail,10.7,passenger-mile,Commute,New York,New York
2795,E1100,2025-12-31,Business Travel,Air Travel - Long Haul (>= 2300 miles),3210.1,passenger-mile,Site Visit,Florida,Colorado
599,E1075,2025-12-31,Business Travel,Air Travel - Long Haul (>= 2300 miles),4497.6,passenger-mile,Off-site Meeting,Illinois,Other
1054,E1088,2025-12-31,Employee Commuting,Passenger Car,18.5,vehicle-mile,Commute,New York,New York
2825,E1042,2025-12-31,Business Travel,Air Travel - Short Haul (< 300 miles),275.1,passenger-mile,Conference,Illinois,New York
2395,E1019,2025-12-31,Employee Commuting,Passenger Car,11.9,vehicle-mile,Commute,New York,New York
3667,E1081,2025-12-31,Employee Commuting,Motorcycle,33.3,vehicle-mile,Commute,California,California
3499,E1027,2025-12-31,Business Travel,"Air Travel - Medium Haul (>= 300 miles, < 2300 miles)",465.2,passenger-mile,Off-site Meeting,Washington,Georgia
206,E1013,2025-12-31,Business Travel,"Air Travel - Medium Haul (>= 300 miles, < 2300 miles)",865.0,passenger-mile,Off-site Meeting,Washington,Massachusetts
2489,E1004,2025-12-31,Business Travel,Commuter Rail,77.7,passenger-mile,Conference,California,Washington
3833,E1085,2025-12-31,Employee Commuting,Passenger Car,31.7,vehicle-mile,Commute,Illinois,Illinois
4026,E1059,2025-12-31,Employee Commuting,Passenger Car,33.1,vehicle-mile,Commute,Illinois,Illinois
371,E1082,2025-12-31,Employee Commuting,"Transit Rail (i.e. Subway, Tram)",14.7,passenger-mile,Commute,California,California
